date,year,month,day,portid,portname,n_container,n_dry_bulk,n_general_cargo,n_roro,n_tanker,n_cargo,n_total,capacity_container,capacity_dry_bulk,capacity_general_cargo,capacity_roro,capacity_tanker,capacity_cargo,capacity,ObjectId
2019-01-01,2019,1,1,chokepoint6,Strait of Hormuz,7,8,2,3,35,20,55,148256,150913,12958,2898,2919371,315026,3234398,12424
2019-01-02,2019,1,2,chokepoint6,Strait of Hormuz,9,11,0,3,42,23,65,344824,423823,0,2013,962946,770662,1733609,12425
2019-01-03,2019,1,3,chokepoint6,Strait of Hormuz,10,11,4,0,50,25,75,429992,324767,3891,0,3180381,758651,3939032,12426
2019-01-04,2019,1,4,chokepoint6,Strait of Hormuz,9,12,2,2,41,25,66,400893,249042,22708,8512,857947,681157,1539105,12427
2019-01-05,2019,1,5,chokepoint6,Strait of Hormuz,11,13,4,1,33,29,62,375159,799110,5393,0,1594983,1179663,2774647,12428
2019-01-06,2019,1,6,chokepoint6,Strait of Hormuz,5,16,2,1,35,24,59,151038,325426,5862,3432,2187656,485759,2673415,12429
2019-01-07,2019,1,7,chokepoint6,Strait of Hormuz,11,7,4,1,56,23,79,353733,174460,12938,2281,2160933,543414,2704348,12430
2019-01-08,2019,1,8,chokepoint6,Strait of Hormuz,8,10,5,1,31,24,55,308184,382677,32806,0,640019,723668,1363687,12431
2019-01-09,2019,1,9,chokepoint6,Strait of Hormuz,8,9,4,2,25,23,48,258749,362366,11944,0,1919488,633061,2552550,12433
2019-01-10,2019,1,10,chokepoint6,Strait of Hormuz,9,12,5,3,39,29,68,301640,439933,25189,14983,417519,781747,1199267,12438
2019-01-11,2019,1,11,chokepoint6,Strait of Hormuz,9,11,2,2,42,24,66,384570,268700,2152,14924,962916,670348,1633265,12444
2019-01-12,2019,1,12,chokepoint6,Strait of Hormuz,6,10,7,0,39,23,62,242991,141530,49018,0,831713,433540,1265254,12448
2019-01-13,2019,1,13,chokepoint6,Strait of Hormuz,7,13,1,1,26,22,48,318089,320470,2152,0,2106055,640712,2746768,12452
2019-01-14,2019,1,14,chokepoint6,Strait of Hormuz,9,6,4,5,31,24,55,293647,165830,8222,4518,1939968,472218,2412187,12456
2019-01-15,2019,1,15,chokepoint6,Strait of Hormuz,13,7,3,3,30,26,56,584020,102796,23098,14580,969215,724496,1693712,12460
2019-01-16,2019,1,16,chokepoint6,Strait of Hormuz,9,17,7,1,40,34,74,327679,507043,26096,0,2576373,860820,3437194,12464
2019-01-17,2019,1,17,chokepoint6,Strait of Hormuz,6,9,1,0,39,16,55,264366,373163,3518,0,2027189,641048,2668237,12468
2019-01-18,2019,1,18,chokepoint6,Strait of Hormuz,10,8,1,1,38,20,58,339161,285720,1156,0,2197074,626039,2823113,12472
2019-01-19,2019,1,19,chokepoint6,Strait of Hormuz,6,7,4,4,34,21,55,259176,149061,15137,3322,1292026,426697,1718723,12476
2019-01-20,2019,1,20,chokepoint6,Strait of Hormuz,10,11,4,2,47,27,74,336614,628132,35572,3476,1437583,1003795,2441378,12487
2019-01-21,2019,1,21,chokepoint6,Strait of Hormuz,6,9,6,3,38,24,62,212065,254002,60033,10908,325037,537009,862046,12490
2019-01-22,2019,1,22,chokepoint6,Strait of Hormuz,7,12,3,3,38,25,63,237130,564697,5567,5838,1478399,813234,2291634,12494
2019-01-23,2019,1,23,chokepoint6,Strait of Hormuz,6,11,0,1,44,18,62,195711,121846,0,0,2215859,317557,2533417,12498
2019-01-24,2019,1,24,chokepoint6,Strait of Hormuz,7,7,2,0,34,16,50,152037,280009,17519,0,2704992,449565,3154558,12502
2019-01-25,2019,1,25,chokepoint6,Strait of Hormuz,9,7,4,0,34,20,54,315802,139446,33594,0,1779225,488844,2268070,12506
2019-01-26,2019,1,26,chokepoint6,Strait of Hormuz,11,11,4,2,50,28,78,478033,376903,26069,4009,2641480,885016,3526497,12510
2019-01-27,2019,1,27,chokepoint6,Strait of Hormuz,7,12,3,0,38,22,60,234772,481695,33566,0,2413819,750034,3163854,12514
2019-01-28,2019,1,28,chokepoint6,Strait of Hormuz,14,16,4,3,43,37,80,453508,585606,23678,9034,1598683,1071827,2670511,12518
2019-01-29,2019,1,29,chokepoint6,Strait of Hormuz,10,7,3,1,34,21,55,425234,389621,11055,0,2894444,825911,3720356,12522
2019-01-30,2019,1,30,chokepoint6,Strait of Hormuz,7,11,3,2,36,23,59,180999,293265,10040,292,774136,484597,1258733,12526
2019-01-31,2019,1,31,chokepoint6,Strait of Hormuz,7,10,6,2,32,25,57,298036,266574,21872,2013,2146040,588497,2734538,12542
2019-02-01,2019,2,1,chokepoint6,Strait of Hormuz,7,8,1,0,45,16,61,261638,191974,13991,0,2046802,467604,2514407,12546
2019-02-02,2019,2,2,chokepoint6,Strait of Hormuz,11,2,4,2,31,19,50,443561,33758,16182,6075,1624503,499578,2124081,12550
2019-02-03,2019,2,3,chokepoint6,Strait of Hormuz,7,9,5,2,37,23,60,324943,220143,45625,0,2338558,590711,2929270,12554
2019-02-04,2019,2,4,chokepoint6,Strait of Hormuz,7,10,2,0,37,19,56,288105,298984,0,0,1197256,587090,1784347,12558
2019-02-05,2019,2,5,chokepoint6,Strait of Hormuz,8,16,2,3,31,29,60,296364,210034,10516,7281,730727,524195,1254923,12562
2019-02-06,2019,2,6,chokepoint6,Strait of Hormuz,10,15,4,0,33,29,62,297531,411237,13129,0,989794,721897,1711692,12566
2019-02-07,2019,2,7,chokepoint6,Strait of Hormuz,7,11,2,5,36,25,61,206621,312644,8873,4219,984986,532358,1517345,12570
2019-02-08,2019,2,8,chokepoint6,Strait of Hormuz,10,10,3,0,41,23,64,316534,262408,3152,0,1397436,582095,1979531,12574
2019-02-09,2019,2,9,chokepoint6,Strait of Hormuz,5,9,4,0,43,18,61,192012,370352,37973,0,2145011,600338,2745349,12578
2019-02-10,2019,2,10,chokepoint6,Strait of Hormuz,8,10,5,0,45,23,68,377806,378709,49644,0,2367940,806160,3174101,12593
2019-02-11,2019,2,11,chokepoint6,Strait of Hormuz,7,6,2,2,27,17,44,214617,335262,0,0,1004195,549879,1554075,12597
2019-02-12,2019,2,12,chokepoint6,Strait of Hormuz,10,9,2,2,34,23,57,336877,249206,8425,8901,498458,603410,1101869,12601
2019-02-13,2019,2,13,chokepoint6,Strait of Hormuz,7,16,1,1,28,25,53,252226,708938,10900,0,719351,972064,1691416,12605
2019-02-14,2019,2,14,chokepoint6,Strait of Hormuz,11,13,6,2,38,32,70,491547,380515,3740,5499,1047941,881303,1929244,12609
2019-02-15,2019,2,15,chokepoint6,Strait of Hormuz,8,12,3,1,43,24,67,235017,271641,16647,0,1765270,523306,2288576,12613
2019-02-16,2019,2,16,chokepoint6,Strait of Hormuz,9,16,4,0,41,29,70,374786,555572,13627,0,1977761,943986,2921747,12617
2019-02-17,2019,2,17,chokepoint6,Strait of Hormuz,7,14,2,3,40,26,66,300327,365325,4178,7664,2048994,677496,2726491,12621
2019-02-18,2019,2,18,chokepoint6,Strait of Hormuz,10,15,3,0,47,28,75,320806,246672,11590,0,1579777,579069,2158846,12625
2019-02-19,2019,2,19,chokepoint6,Strait of Hormuz,9,13,6,4,33,32,65,232195,459313,54820,13259,803383,759588,1562971,12629
2019-02-20,2019,2,20,chokepoint6,Strait of Hormuz,7,16,5,0,51,28,79,199115,401124,21169,0,2084474,621409,2705883,12637
2019-02-21,2019,2,21,chokepoint6,Strait of Hormuz,8,15,3,2,40,28,68,242529,360272,15831,2784,439813,621417,1061230,12641
2019-02-22,2019,2,22,chokepoint6,Strait of Hormuz,14,17,2,1,44,34,78,377462,597025,1509,3736,1578091,979734,2557826,12645
2019-02-23,2019,2,23,chokepoint6,Strait of Hormuz,11,12,5,1,50,29,79,415027,505467,9325,5803,2138258,935623,3073882,12649
2019-02-24,2019,2,24,chokepoint6,Strait of Hormuz,13,14,3,3,44,33,77,620961,364077,35951,8061,2038716,1029052,3067769,12653
2019-02-25,2019,2,25,chokepoint6,Strait of Hormuz,10,18,3,1,43,32,75,342333,405712,5759,3525,1951542,757331,2708873,12657
2019-02-26,2019,2,26,chokepoint6,Strait of Hormuz,12,8,5,1,29,26,55,376755,370656,24015,3679,1013241,775106,1788347,12661
2019-02-27,2019,2,27,chokepoint6,Strait of Hormuz,5,17,1,1,36,24,60,118828,479624,4438,0,1061046,602891,1663938,12665
2019-02-28,2019,2,28,chokepoint6,Strait of Hormuz,11,13,1,4,41,29,70,382134,276595,5265,6910,1831452,670906,2502359,12669
2019-03-01,2019,3,1,chokepoint6,Strait of Hormuz,7,9,3,3,50,22,72,323543,165127,12210,0,2736052,500882,3236934,12673
2019-03-02,2019,3,2,chokepoint6,Strait of Hormuz,11,9,1,1,35,22,57,319765,553979,3500,0,1328221,877245,2205466,12677
2019-03-03,2019,3,3,chokepoint6,Strait of Hormuz,8,9,1,3,47,21,68,395397,97733,4406,3496,938476,501034,1439511,12681
2019-03-04,2019,3,4,chokepoint6,Strait of Hormuz,6,15,3,0,46,24,70,294430,310800,21039,0,1436212,626269,2062482,12682
2019-03-05,2019,3,5,chokepoint6,Strait of Hormuz,8,13,1,1,41,23,64,302583,402734,3500,0,1782295,708818,2491114,12683
2019-03-06,2019,3,6,chokepoint6,Strait of Hormuz,12,12,8,2,52,34,86,429510,544571,21786,0,1438161,995868,2434030,12684
2019-03-07,2019,3,7,chokepoint6,Strait of Hormuz,8,17,2,1,43,28,71,192115,315717,14842,0,1695870,522675,2218546,12686
2019-03-08,2019,3,8,chokepoint6,Strait of Hormuz,5,17,5,2,46,29,75,161285,582557,15339,3732,1714541,762914,2477455,12690
2019-03-09,2019,3,9,chokepoint6,Strait of Hormuz,16,8,4,1,46,29,75,760175,278818,22350,0,2249239,1061344,3310583,12693
2019-03-10,2019,3,10,chokepoint6,Strait of Hormuz,5,6,1,2,36,14,50,296272,131006,1501,7573,870053,436353,1306407,12697
2019-03-11,2019,3,11,chokepoint6,Strait of Hormuz,4,11,3,2,25,20,45,65028,300501,52083,0,777763,417613,1195376,12701
2019-03-12,2019,3,12,chokepoint6,Strait of Hormuz,11,6,0,1,39,18,57,476068,257681,0,3182,3066326,736932,3803259,12705
2019-03-13,2019,3,13,chokepoint6,Strait of Hormuz,9,17,4,0,41,30,71,252387,411473,11622,0,1699734,675483,2375218,12709
2019-03-14,2019,3,14,chokepoint6,Strait of Hormuz,8,17,3,3,38,31,69,267245,391077,20476,3242,1528855,682040,2210896,12713
2019-03-15,2019,3,15,chokepoint6,Strait of Hormuz,6,11,4,2,36,23,59,239500,287791,11317,0,2373542,538609,2912151,12717
2019-03-16,2019,3,16,chokepoint6,Strait of Hormuz,13,9,2,1,36,25,61,356651,250350,22547,0,1516265,629549,2145814,12721
2019-03-17,2019,3,17,chokepoint6,Strait of Hormuz,7,11,4,2,41,24,65,371262,371977,14802,7573,1038294,765615,1803909,12725
2019-03-18,2019,3,18,chokepoint6,Strait of Hormuz,11,6,1,1,47,19,66,251136,240746,0,2884,1026475,494767,1521243,12729
2019-03-19,2019,3,19,chokepoint6,Strait of Hormuz,16,15,3,2,44,36,80,549324,365390,19809,3985,1834235,938509,2772745,12739
2019-03-20,2019,3,20,chokepoint6,Strait of Hormuz,7,12,5,2,43,26,69,292675,337333,19148,4602,1572055,653760,2225815,12742
2019-03-21,2019,3,21,chokepoint6,Strait of Hormuz,6,19,5,1,46,31,77,291500,486572,85951,3267,1848234,867291,2715526,12746
2019-03-22,2019,3,22,chokepoint6,Strait of Hormuz,6,9,1,1,41,17,58,219276,322204,4018,2631,2181980,548131,2730112,12750
2019-03-23,2019,3,23,chokepoint6,Strait of Hormuz,12,11,4,2,30,29,59,516708,345322,11290,0,1963303,873321,2836625,12754
2019-03-24,2019,3,24,chokepoint6,Strait of Hormuz,10,10,4,2,40,26,66,298632,110937,19634,7695,900976,436900,1337876,12758
2019-03-25,2019,3,25,chokepoint6,Strait of Hormuz,11,7,2,0,30,20,50,601042,289800,32432,0,1098958,923275,2022234,12762
2019-03-26,2019,3,26,chokepoint6,Strait of Hormuz,8,14,1,2,33,25,58,427597,391979,0,0,789810,819577,1609388,12766
2019-03-27,2019,3,27,chokepoint6,Strait of Hormuz,8,7,4,4,39,23,62,218901,170554,17249,9022,336494,415728,752222,12770
2019-03-28,2019,3,28,chokepoint6,Strait of Hormuz,13,15,2,0,49,30,79,463755,435570,18274,0,2855454,917601,3773055,12774
2019-03-29,2019,3,29,chokepoint6,Strait of Hormuz,11,21,5,2,48,39,87,528774,468381,22835,0,2081016,1019991,3101007,12778
2019-03-30,2019,3,30,chokepoint6,Strait of Hormuz,16,13,6,0,71,35,106,493814,506782,63028,0,3339026,1063626,4402652,12782
2019-03-31,2019,3,31,chokepoint6,Strait of Hormuz,10,12,6,2,41,30,71,299588,396482,33189,0,2641004,729260,3370265,12792
2019-04-01,2019,4,1,chokepoint6,Strait of Hormuz,10,11,1,2,43,24,67,484746,345476,17458,0,1113640,847681,1961321,12795
2019-04-02,2019,4,2,chokepoint6,Strait of Hormuz,11,11,4,2,30,28,58,370009,237412,8654,4157,1234301,620233,1854534,12799
2019-04-03,2019,4,3,chokepoint6,Strait of Hormuz,10,16,1,3,37,30,67,302206,329060,0,2043,1565757,633309,2199066,12803
2019-04-04,2019,4,4,chokepoint6,Strait of Hormuz,3,9,1,3,38,16,54,91552,233797,20862,6223,643819,352435,996255,12807
2019-04-05,2019,4,5,chokepoint6,Strait of Hormuz,12,21,4,1,51,38,89,285128,753252,8578,0,2484967,1046958,3531926,12811
2019-04-06,2019,4,6,chokepoint6,Strait of Hormuz,11,14,1,2,51,28,79,405593,304917,4406,7746,1581470,722663,2304134,12815
2019-04-07,2019,4,7,chokepoint6,Strait of Hormuz,10,9,2,1,44,22,66,435045,399308,13112,5159,1496007,852625,2348633,12819
2019-04-08,2019,4,8,chokepoint6,Strait of Hormuz,7,12,7,1,49,27,76,286894,215682,62999,5449,1842498,571025,2413524,12823
2019-04-09,2019,4,9,chokepoint6,Strait of Hormuz,7,18,3,6,59,34,93,363422,391044,9511,9722,2026645,773701,2800347,12827
2019-04-10,2019,4,10,chokepoint6,Strait of Hormuz,8,15,3,0,34,26,60,238920,463734,25950,0,2074779,728605,2803385,12831
2019-04-11,2019,4,11,chokepoint6,Strait of Hormuz,13,9,3,0,40,25,65,425026,384225,38165,0,2000931,847417,2848349,12840
2019-04-12,2019,4,12,chokepoint6,Strait of Hormuz,3,17,4,1,49,25,74,143348,573593,39435,3136,1630193,759513,2389706,12844
2019-04-13,2019,4,13,chokepoint6,Strait of Hormuz,13,8,3,3,42,27,69,545031,182905,9775,8171,1215148,745885,1961033,12848
2019-04-14,2019,4,14,chokepoint6,Strait of Hormuz,9,11,3,2,35,25,60,345308,218940,14669,0,612610,578919,1191529,12852
2019-04-15,2019,4,15,chokepoint6,Strait of Hormuz,6,18,3,2,46,29,75,194529,829558,15240,0,1539110,1039329,2578439,12856
2019-04-16,2019,4,16,chokepoint6,Strait of Hormuz,14,11,4,1,50,30,80,535476,170317,24185,0,2933861,729978,3663840,12860
2019-04-17,2019,4,17,chokepoint6,Strait of Hormuz,10,17,4,3,48,34,82,381583,804370,8932,7538,3526623,1202424,4729048,12864
2019-04-18,2019,4,18,chokepoint6,Strait of Hormuz,14,23,4,2,59,43,102,389066,650224,18872,0,2813735,1058163,3871899,12868
2019-04-19,2019,4,19,chokepoint6,Strait of Hormuz,10,14,4,1,62,29,91,429333,353154,16223,0,3267842,798711,4066553,12872
2019-04-20,2019,4,20,chokepoint6,Strait of Hormuz,15,17,4,2,59,38,97,517221,510122,9932,3179,3116121,1040455,4156577,12876
2019-04-21,2019,4,21,chokepoint6,Strait of Hormuz,17,17,4,4,47,42,89,717900,413061,20212,4429,2275458,1155604,3431062,12880
2019-04-22,2019,4,22,chokepoint6,Strait of Hormuz,19,19,0,2,40,40,80,746885,889283,0,0,2576861,1636168,4213029,12884
2019-04-23,2019,4,23,chokepoint6,Strait of Hormuz,8,18,3,2,41,31,72,196497,650578,44828,8309,2468540,900214,3368754,12892
2019-04-24,2019,4,24,chokepoint6,Strait of Hormuz,11,7,2,1,45,21,66,409301,148155,8843,0,1494455,566300,2060756,12896
2019-04-25,2019,4,25,chokepoint6,Strait of Hormuz,13,15,0,2,39,30,69,433241,379767,0,7998,935045,821007,1756052,12900
2019-04-26,2019,4,26,chokepoint6,Strait of Hormuz,11,11,1,0,41,23,64,339806,599180,2113,0,2252832,941100,3193933,12904
2019-04-27,2019,4,27,chokepoint6,Strait of Hormuz,12,16,6,3,60,37,97,391217,407322,71857,2673,2900247,873071,3773318,12908
2019-04-28,2019,4,28,chokepoint6,Strait of Hormuz,15,16,5,1,40,37,77,570093,502730,23841,0,2853239,1096665,3949904,12912
2019-04-29,2019,4,29,chokepoint6,Strait of Hormuz,14,18,6,4,54,42,96,429115,756506,27831,11153,2363038,1224607,3587646,12916
2019-04-30,2019,4,30,chokepoint6,Strait of Hormuz,9,14,6,1,43,30,73,304127,416317,38185,3896,2557267,762526,3319794,12920
2019-05-01,2019,5,1,chokepoint6,Strait of Hormuz,10,20,2,1,52,33,85,382618,469350,8395,3859,1634748,864223,2498971,12924
2019-05-02,2019,5,2,chokepoint6,Strait of Hormuz,12,15,7,2,65,36,101,506340,431541,8361,9027,2853056,955270,3808327,12928
2019-05-03,2019,5,3,chokepoint6,Strait of Hormuz,15,20,8,1,53,44,97,582294,594080,58450,0,3219987,1234825,4454812,12932
2019-05-04,2019,5,4,chokepoint6,Strait of Hormuz,14,16,4,1,48,35,83,719800,599578,54062,0,4184431,1373441,5557873,12936
2019-05-05,2019,5,5,chokepoint6,Strait of Hormuz,13,14,3,1,50,31,81,508106,624399,11600,0,2473536,1144107,3617643,12937
2019-05-06,2019,5,6,chokepoint6,Strait of Hormuz,13,19,2,5,49,39,88,365759,585630,27155,2277,2376948,980823,3357772,12938
2019-05-07,2019,5,7,chokepoint6,Strait of Hormuz,9,15,5,3,55,32,87,349768,272068,23205,5299,1839369,650342,2489711,12939
2019-05-08,2019,5,8,chokepoint6,Strait of Hormuz,14,22,3,1,60,40,100,280939,525735,19397,2761,3141572,828833,3970405,12941
2019-05-09,2019,5,9,chokepoint6,Strait of Hormuz,18,18,5,1,50,42,92,517532,444121,32260,6223,2551782,1000137,3551920,12945
2019-05-10,2019,5,10,chokepoint6,Strait of Hormuz,15,14,0,0,53,29,82,703976,335011,0,0,2288584,1038988,3327572,12948
2019-05-11,2019,5,11,chokepoint6,Strait of Hormuz,17,19,0,2,55,38,93,558819,557639,0,3944,2443881,1120403,3564284,12952
2019-05-12,2019,5,12,chokepoint6,Strait of Hormuz,12,13,5,2,62,32,94,407137,512902,13796,2193,3207204,936030,4143235,12956
2019-05-13,2019,5,13,chokepoint6,Strait of Hormuz,11,13,2,1,50,27,77,435065,114274,8443,3209,1922022,560993,2483015,12960
2019-05-14,2019,5,14,chokepoint6,Strait of Hormuz,12,10,3,3,38,28,66,234085,317295,32165,13095,2925640,596642,3522282,12964
2019-05-15,2019,5,15,chokepoint6,Strait of Hormuz,7,21,2,1,49,31,80,348404,528821,3314,0,2906519,880540,3787060,12968
2019-05-16,2019,5,16,chokepoint6,Strait of Hormuz,7,16,3,1,58,27,85,208611,649495,11384,3209,2853138,872700,3725838,12972
2019-05-17,2019,5,17,chokepoint6,Strait of Hormuz,17,19,3,3,51,42,93,479929,580795,4018,3362,2727640,1068106,3795747,12976
2019-05-18,2019,5,18,chokepoint6,Strait of Hormuz,15,16,1,2,56,34,90,596479,458179,8936,2422,3248717,1066017,4314735,12980
2019-05-19,2019,5,19,chokepoint6,Strait of Hormuz,6,9,4,2,47,21,68,236716,138910,47428,0,2551427,423055,2974483,12984
2019-05-20,2019,5,20,chokepoint6,Strait of Hormuz,12,17,3,4,49,36,85,413294,507252,1787,0,2776718,922334,3699052,12993
2019-05-21,2019,5,21,chokepoint6,Strait of Hormuz,8,11,1,2,48,22,70,329312,247641,22260,5703,3279440,604918,3884358,12997
2019-05-22,2019,5,22,chokepoint6,Strait of Hormuz,13,8,5,3,40,29,69,480060,190482,61654,11019,1811637,743216,2554854,13001
2019-05-23,2019,5,23,chokepoint6,Strait of Hormuz,8,9,3,1,49,21,70,251941,149939,12846,0,2269435,414728,2684164,13005
2019-05-24,2019,5,24,chokepoint6,Strait of Hormuz,16,14,5,2,52,37,89,536474,484924,39540,0,2441249,1060939,3502189,13009
2019-05-25,2019,5,25,chokepoint6,Strait of Hormuz,15,15,1,1,52,32,84,510845,727927,3914,0,3349185,1242687,4591872,13013
2019-05-26,2019,5,26,chokepoint6,Strait of Hormuz,10,21,3,0,60,34,94,357765,1057069,29294,0,2180566,1444130,3624696,13017
2019-05-27,2019,5,27,chokepoint6,Strait of Hormuz,16,15,3,2,56,36,92,790902,397707,16085,0,3480577,1204696,4685273,13021
2019-05-28,2019,5,28,chokepoint6,Strait of Hormuz,14,10,6,1,43,31,74,435774,268536,51644,0,1947473,755955,2703429,13025
2019-05-29,2019,5,29,chokepoint6,Strait of Hormuz,12,21,4,1,51,38,89,443529,508417,26500,0,2394724,978447,3373172,13029
2019-05-30,2019,5,30,chokepoint6,Strait of Hormuz,14,15,1,1,62,31,93,453739,303051,17479,2483,2455656,776754,3232411,13033
2019-05-31,2019,5,31,chokepoint6,Strait of Hormuz,14,17,6,0,50,37,87,502804,775905,50018,0,1695645,1328729,3024374,13037
2019-06-01,2019,6,1,chokepoint6,Strait of Hormuz,16,19,4,2,39,41,80,614901,988108,14742,0,1834898,1617751,3452649,13053
2019-06-02,2019,6,2,chokepoint6,Strait of Hormuz,13,14,5,1,62,33,95,484852,422306,10629,5962,3551071,923750,4474822,13057
2019-06-03,2019,6,3,chokepoint6,Strait of Hormuz,14,10,3,2,57,29,86,511568,480910,28561,0,3486598,1021040,4507639,13061
2019-06-04,2019,6,4,chokepoint6,Strait of Hormuz,11,17,3,3,67,34,101,302066,553004,25373,292,3187952,880737,4068689,13065
2019-06-05,2019,6,5,chokepoint6,Strait of Hormuz,10,19,4,1,59,34,93,412396,518320,17213,0,2526681,947930,3474612,13069
2019-06-06,2019,6,6,chokepoint6,Strait of Hormuz,14,20,1,0,40,35,75,385775,477751,0,0,764678,863527,1628206,13073
2019-06-07,2019,6,7,chokepoint6,Strait of Hormuz,15,17,5,0,50,37,87,603284,657443,10615,0,3761234,1271343,5032578,13077
2019-06-08,2019,6,8,chokepoint6,Strait of Hormuz,16,17,1,3,52,37,89,545568,677666,0,5676,3021592,1228911,4250503,13081
2019-06-09,2019,6,9,chokepoint6,Strait of Hormuz,7,13,5,4,46,29,75,199174,319162,7598,2912,1676662,528847,2205509,13085
2019-06-10,2019,6,10,chokepoint6,Strait of Hormuz,11,23,3,3,55,40,95,277959,417679,5259,0,2733199,700898,3434097,13089
2019-06-11,2019,6,11,chokepoint6,Strait of Hormuz,9,18,5,4,54,36,90,178806,440015,24942,5088,2883523,648854,3532377,13090
2019-06-12,2019,6,12,chokepoint6,Strait of Hormuz,9,11,1,2,48,23,71,333885,278752,13184,0,2924905,625822,3550727,13091
2019-06-13,2019,6,13,chokepoint6,Strait of Hormuz,10,12,6,1,41,29,70,488591,121228,58582,0,2001464,668402,2669867,13092
2019-06-14,2019,6,14,chokepoint6,Strait of Hormuz,13,24,0,1,44,38,82,403761,622179,0,3747,2481960,1029688,3511649,13094
2019-06-15,2019,6,15,chokepoint6,Strait of Hormuz,14,13,2,1,50,30,80,606566,447194,0,2013,3535645,1055774,4591420,13099
2019-06-16,2019,6,16,chokepoint6,Strait of Hormuz,12,10,4,0,64,26,90,214451,397657,20880,0,3949564,632989,4582553,13101
2019-06-17,2019,6,17,chokepoint6,Strait of Hormuz,8,17,0,1,49,26,75,416671,935784,0,0,2240133,1352456,3592589,13105
2019-06-18,2019,6,18,chokepoint6,Strait of Hormuz,9,18,1,1,45,29,74,289615,919977,2418,0,3044514,1212010,4256524,13109
2019-06-19,2019,6,19,chokepoint6,Strait of Hormuz,10,15,0,4,50,29,79,338055,721759,0,4035,1588876,1063850,2652727,13113
2019-06-20,2019,6,20,chokepoint6,Strait of Hormuz,10,12,7,4,45,33,78,336536,282747,40781,10710,1436972,670775,2107747,13117
2019-06-21,2019,6,21,chokepoint6,Strait of Hormuz,13,18,2,1,45,34,79,610071,502291,45680,5920,2877204,1163964,4041168,13121
2019-06-22,2019,6,22,chokepoint6,Strait of Hormuz,12,14,5,2,48,33,81,529775,584808,62529,2577,1545248,1179691,2724939,13125
2019-06-23,2019,6,23,chokepoint6,Strait of Hormuz,16,10,4,1,46,31,77,738736,309283,27644,0,2471538,1075665,3547204,13129
2019-06-24,2019,6,24,chokepoint6,Strait of Hormuz,13,15,4,4,74,36,110,532657,437276,19818,6990,2868344,996742,3865087,13133
2019-06-25,2019,6,25,chokepoint6,Strait of Hormuz,14,11,4,0,64,29,93,441218,466154,10940,0,3548516,918313,4466830,13137
2019-06-26,2019,6,26,chokepoint6,Strait of Hormuz,11,13,6,2,52,32,84,383006,465976,50866,3070,3364449,902920,4267370,13149
2019-06-27,2019,6,27,chokepoint6,Strait of Hormuz,14,15,4,1,53,34,87,526385,387880,11033,0,1865666,925298,2790964,13153
2019-06-28,2019,6,28,chokepoint6,Strait of Hormuz,11,16,2,2,45,31,76,408851,674781,3087,0,2808762,1086721,3895484,13157
2019-06-29,2019,6,29,chokepoint6,Strait of Hormuz,9,11,7,0,61,27,88,477853,214851,42786,0,2141059,735491,2876551,13161
2019-06-30,2019,6,30,chokepoint6,Strait of Hormuz,19,16,3,2,52,40,92,691428,613898,8211,0,2935020,1313538,4248558,13165
2019-07-01,2019,7,1,chokepoint6,Strait of Hormuz,14,19,2,3,58,38,96,422249,483119,2816,13175,2816517,921361,3737878,13169
2019-07-02,2019,7,2,chokepoint6,Strait of Hormuz,12,10,11,1,38,34,72,388153,241191,11645,0,1476203,640990,2117193,13173
2019-07-03,2019,7,3,chokepoint6,Strait of Hormuz,11,16,4,2,65,33,98,248486,520192,59088,0,2805169,827768,3632937,13177
2019-07-04,2019,7,4,chokepoint6,Strait of Hormuz,21,25,3,1,50,50,100,803932,1058064,2838,0,3831068,1864835,5695903,13181
2019-07-05,2019,7,5,chokepoint6,Strait of Hormuz,11,18,4,4,61,37,98,389215,738077,20788,292,3750901,1148374,4899275,13185
2019-07-06,2019,7,6,chokepoint6,Strait of Hormuz,18,21,7,1,56,47,103,660886,317966,62765,0,1634735,1041617,2676353,13189
2019-07-07,2019,7,7,chokepoint6,Strait of Hormuz,12,19,2,2,46,35,81,356283,657530,25268,5034,2049771,1044115,3093887,13201
2019-07-08,2019,7,8,chokepoint6,Strait of Hormuz,11,14,6,2,44,33,77,345781,285870,22312,6154,1707050,660118,2367168,13205
2019-07-09,2019,7,9,chokepoint6,Strait of Hormuz,8,16,6,1,57,31,88,161713,323330,24126,2509,2145897,511679,2657577,13209
2019-07-10,2019,7,10,chokepoint6,Strait of Hormuz,16,19,2,2,47,39,86,449711,525422,6451,0,3082031,981585,4063617,13213
2019-07-11,2019,7,11,chokepoint6,Strait of Hormuz,11,17,6,5,51,39,90,376478,354292,39646,15914,2039262,786332,2825595,13217
2019-07-12,2019,7,12,chokepoint6,Strait of Hormuz,19,12,8,1,57,40,97,611859,358588,25637,1692,3423173,997777,4420951,13221
2019-07-13,2019,7,13,chokepoint6,Strait of Hormuz,16,13,1,2,58,32,90,672280,475171,10900,0,2814979,1158352,3973331,13225
2019-07-14,2019,7,14,chokepoint6,Strait of Hormuz,11,19,8,2,41,40,81,359439,643382,70468,6153,2114542,1079444,3193986,13229
2019-07-15,2019,7,15,chokepoint6,Strait of Hormuz,15,19,6,1,48,41,89,390206,855683,27270,0,2300070,1273160,3573230,13233
2019-07-16,2019,7,16,chokepoint6,Strait of Hormuz,10,15,6,3,48,34,82,328538,422345,53436,5226,2472678,809546,3282225,13237
2019-07-17,2019,7,17,chokepoint6,Strait of Hormuz,14,11,2,3,49,30,79,447182,415821,8197,1952,2417738,873154,3290893,13241
2019-07-18,2019,7,18,chokepoint6,Strait of Hormuz,9,14,3,2,51,28,79,314361,162798,23417,2013,2027583,502590,2530173,13250
2019-07-19,2019,7,19,chokepoint6,Strait of Hormuz,15,11,5,0,40,31,71,440572,283555,19489,0,1703425,743617,2447043,13254
2019-07-20,2019,7,20,chokepoint6,Strait of Hormuz,14,12,8,2,44,36,80,503684,255284,40347,4635,3064231,803950,3868182,13258
2019-07-21,2019,7,21,chokepoint6,Strait of Hormuz,10,14,3,4,52,31,83,336333,436235,4581,6429,1847616,783580,2631197,13262
2019-07-22,2019,7,22,chokepoint6,Strait of Hormuz,23,12,1,6,52,42,94,636161,373186,0,2614,2801661,1011962,3813624,13266
2019-07-23,2019,7,23,chokepoint6,Strait of Hormuz,7,19,4,0,48,30,78,234324,971597,6390,0,3019493,1212312,4231805,13270
2019-07-24,2019,7,24,chokepoint6,Strait of Hormuz,9,6,3,2,47,20,67,313397,254846,30617,0,2900142,598861,3499003,13274
2019-07-25,2019,7,25,chokepoint6,Strait of Hormuz,12,13,5,3,54,33,87,359191,475079,44081,3185,2439830,881538,3321369,13278
2019-07-26,2019,7,26,chokepoint6,Strait of Hormuz,13,13,3,2,46,31,77,546188,381281,8910,4812,2728145,941193,3669338,13282
2019-07-27,2019,7,27,chokepoint6,Strait of Hormuz,13,10,2,1,38,26,64,397932,204743,9460,2302,1382444,614438,1996882,13286
2019-07-28,2019,7,28,chokepoint6,Strait of Hormuz,14,8,2,1,49,25,74,547583,175279,8018,0,2136660,730881,2867542,13290
2019-07-29,2019,7,29,chokepoint6,Strait of Hormuz,12,20,3,1,51,36,87,352224,757297,44609,0,2625055,1154132,3779187,13298
2019-07-30,2019,7,30,chokepoint6,Strait of Hormuz,11,20,3,2,42,36,78,286805,585628,8097,1555,1862684,882086,2744771,13300
2019-07-31,2019,7,31,chokepoint6,Strait of Hormuz,15,15,1,4,48,35,83,533024,388030,560,10398,3232537,932014,4164551,13304
2019-08-01,2019,8,1,chokepoint6,Strait of Hormuz,15,18,3,2,58,38,96,532904,552772,15599,0,2394840,1101276,3496117,13308
2019-08-02,2019,8,2,chokepoint6,Strait of Hormuz,14,13,4,3,50,34,84,622434,518228,9393,6223,2380187,1156279,3536466,13312
2019-08-03,2019,8,3,chokepoint6,Strait of Hormuz,13,15,4,4,55,36,91,548145,595043,21915,5373,2804052,1170478,3974530,13316
2019-08-04,2019,8,4,chokepoint6,Strait of Hormuz,11,15,7,2,70,35,105,285176,278250,46178,0,2568720,609606,3178327,13320
2019-08-05,2019,8,5,chokepoint6,Strait of Hormuz,9,12,1,1,46,23,69,216581,337985,15967,1679,1852726,572213,2424940,13324
2019-08-06,2019,8,6,chokepoint6,Strait of Hormuz,15,16,3,1,50,35,85,344055,445016,8737,0,2294009,797810,3091819,13328
2019-08-07,2019,8,7,chokepoint6,Strait of Hormuz,14,18,5,1,54,38,92,413168,799095,37979,3320,2770497,1253564,4024061,13332
2019-08-08,2019,8,8,chokepoint6,Strait of Hormuz,13,11,6,5,54,35,89,308348,293375,54545,12184,2440315,668453,3108769,13336
2019-08-09,2019,8,9,chokepoint6,Strait of Hormuz,15,21,2,2,49,40,89,697657,602228,6666,0,3141108,1306551,4447660,13340
2019-08-10,2019,8,10,chokepoint6,Strait of Hormuz,10,18,4,1,61,33,94,326300,504153,11715,0,3956510,842169,4798680,13344
2019-08-11,2019,8,11,chokepoint6,Strait of Hormuz,13,14,4,1,41,32,73,594454,311395,8650,0,2088988,914500,3003488,13345
2019-08-12,2019,8,12,chokepoint6,Strait of Hormuz,13,13,3,1,42,30,72,250547,651826,6808,0,2108280,909182,3017462,13346
2019-08-13,2019,8,13,chokepoint6,Strait of Hormuz,10,11,2,1,52,24,76,309213,323470,10114,0,2398637,642799,3041436,13347
2019-08-14,2019,8,14,chokepoint6,Strait of Hormuz,13,12,2,1,51,28,79,567780,486093,0,0,2611834,1053874,3665708,13349
2019-08-15,2019,8,15,chokepoint6,Strait of Hormuz,13,18,5,2,42,38,80,483978,629614,40670,3743,2984133,1158006,4142139,13354
2019-08-16,2019,8,16,chokepoint6,Strait of Hormuz,11,6,3,1,46,21,67,523288,237410,43205,5270,2246393,809174,3055567,13356
2019-08-17,2019,8,17,chokepoint6,Strait of Hormuz,14,9,5,1,58,29,87,454432,201062,51198,0,2872657,706693,3579351,13360
2019-08-18,2019,8,18,chokepoint6,Strait of Hormuz,10,16,5,2,59,33,92,368168,499384,35142,3788,2997720,906483,3904203,13364
2019-08-19,2019,8,19,chokepoint6,Strait of Hormuz,14,11,3,3,50,31,81,544607,309414,23510,2864,2637303,880396,3517700,13368
2019-08-20,2019,8,20,chokepoint6,Strait of Hormuz,10,12,0,3,42,25,67,452537,457642,0,11238,3175898,921417,4097316,13372
2019-08-21,2019,8,21,chokepoint6,Strait of Hormuz,7,15,2,2,59,26,85,259807,498146,45884,4604,2085301,808442,2893744,13376
2019-08-22,2019,8,22,chokepoint6,Strait of Hormuz,9,11,4,0,38,24,62,384433,234637,6039,0,1987474,625110,2612585,13380
2019-08-23,2019,8,23,chokepoint6,Strait of Hormuz,15,16,5,3,45,39,84,435783,746671,42459,2013,2130175,1226928,3357104,13384
2019-08-24,2019,8,24,chokepoint6,Strait of Hormuz,19,14,4,2,49,39,88,765756,322739,8682,3467,2866740,1100645,3967385,13388
2019-08-25,2019,8,25,chokepoint6,Strait of Hormuz,12,14,2,5,52,33,85,365317,491277,7086,11165,3141626,874847,4016473,13392
2019-08-26,2019,8,26,chokepoint6,Strait of Hormuz,12,14,4,2,53,32,85,496967,507362,5434,2081,1902031,1011846,2913877,13405
2019-08-27,2019,8,27,chokepoint6,Strait of Hormuz,11,18,3,2,50,34,84,276571,457129,2533,3232,2566671,739467,3306138,13409
2019-08-28,2019,8,28,chokepoint6,Strait of Hormuz,10,14,1,1,49,26,75,338076,613009,0,0,2807857,951086,3758943,13413
2019-08-29,2019,8,29,chokepoint6,Strait of Hormuz,16,14,9,0,53,39,92,596983,362693,56159,0,3044921,1015836,4060757,13417
2019-08-30,2019,8,30,chokepoint6,Strait of Hormuz,9,16,6,0,59,31,90,472902,488322,27452,0,2251077,988677,3239754,13421
2019-08-31,2019,8,31,chokepoint6,Strait of Hormuz,10,9,1,2,43,22,65,371281,432312,4018,7540,2274002,815153,3089155,13425
2019-09-01,2019,9,1,chokepoint6,Strait of Hormuz,16,17,3,2,46,38,84,346477,480028,11274,0,2634456,837780,3472236,13429
2019-09-02,2019,9,2,chokepoint6,Strait of Hormuz,14,22,5,1,54,42,96,576779,839709,39003,2983,2277943,1458476,3736419,13433
2019-09-03,2019,9,3,chokepoint6,Strait of Hormuz,13,9,2,1,34,25,59,409168,416658,25503,0,2725653,851330,3576983,13437
2019-09-04,2019,9,4,chokepoint6,Strait of Hormuz,14,19,1,1,52,35,87,424061,456412,6658,0,4088346,887132,4975479,13441
2019-09-05,2019,9,5,chokepoint6,Strait of Hormuz,11,16,5,4,49,36,85,309299,621690,14002,6409,2590423,951401,3541824,13445
2019-09-06,2019,9,6,chokepoint6,Strait of Hormuz,9,17,5,0,50,31,81,402079,580479,25088,0,2907411,1007647,3915059,13460
2019-09-07,2019,9,7,chokepoint6,Strait of Hormuz,13,11,6,2,47,32,79,586458,295994,70086,10442,1947167,962981,2910149,13464
2019-09-08,2019,9,8,chokepoint6,Strait of Hormuz,14,11,2,5,39,32,71,413632,359364,7887,2880,2172472,783765,2956237,13468
2019-09-09,2019,9,9,chokepoint6,Strait of Hormuz,10,10,3,1,53,24,77,248949,256762,16962,0,2491391,522674,3014065,13472
2019-09-10,2019,9,10,chokepoint6,Strait of Hormuz,11,20,6,2,40,39,79,347884,584116,28422,7573,2901981,967996,3869978,13476
2019-09-11,2019,9,11,chokepoint6,Strait of Hormuz,12,12,5,1,44,30,74,369885,588571,69909,4706,1286817,1033072,2319890,13480
2019-09-12,2019,9,12,chokepoint6,Strait of Hormuz,13,12,2,1,56,28,84,374109,216333,15332,6048,2823157,611824,3434981,13484
2019-09-13,2019,9,13,chokepoint6,Strait of Hormuz,17,10,6,1,49,34,83,530190,470068,6910,2677,2529444,1009846,3539291,13488
2019-09-14,2019,9,14,chokepoint6,Strait of Hormuz,13,18,9,4,55,44,99,562758,279742,53351,0,3893881,895851,4789733,13492
2019-09-15,2019,9,15,chokepoint6,Strait of Hormuz,14,16,0,1,46,31,77,487619,396673,0,4207,2009988,888500,2898488,13496
2019-09-16,2019,9,16,chokepoint6,Strait of Hormuz,18,13,2,6,48,39,87,577186,617662,12784,11089,2448319,1218723,3667042,13503
2019-09-17,2019,9,17,chokepoint6,Strait of Hormuz,9,15,5,1,45,30,75,316525,597810,11110,2212,738258,927660,1665918,13507
2019-09-18,2019,9,18,chokepoint6,Strait of Hormuz,10,12,1,1,63,24,87,249027,393267,3283,2177,3134056,647755,3781811,13511
2019-09-19,2019,9,19,chokepoint6,Strait of Hormuz,8,10,4,4,58,26,84,200771,169524,47334,8778,3068792,426409,3495202,13515
2019-09-20,2019,9,20,chokepoint6,Strait of Hormuz,9,23,5,0,46,37,83,390729,741491,24462,0,1798212,1156683,2954896,13519
2019-09-21,2019,9,21,chokepoint6,Strait of Hormuz,13,19,3,2,53,37,90,641360,479827,16149,2174,3716144,1139511,4855655,13523
2019-09-22,2019,9,22,chokepoint6,Strait of Hormuz,12,12,1,2,45,27,72,221621,190559,14686,2302,2096577,429169,2525747,13527
2019-09-23,2019,9,23,chokepoint6,Strait of Hormuz,17,10,4,3,44,34,78,561551,230296,16410,9930,2177107,818188,2995296,13531
2019-09-24,2019,9,24,chokepoint6,Strait of Hormuz,11,14,4,5,49,34,83,420131,333960,17107,5911,1581456,777109,2358565,13535
2019-09-25,2019,9,25,chokepoint6,Strait of Hormuz,13,12,1,1,31,27,58,344655,436039,0,2013,1581317,782708,2364026,13539
2019-09-26,2019,9,26,chokepoint6,Strait of Hormuz,13,15,3,2,55,33,88,416259,305118,31786,0,2826877,753164,3580041,13543
2019-09-27,2019,9,27,chokepoint6,Strait of Hormuz,7,14,4,1,49,26,75,334958,517115,39268,3627,2448557,894969,3343526,13547
2019-09-28,2019,9,28,chokepoint6,Strait of Hormuz,14,24,2,1,51,41,92,524468,682645,45761,7320,2308148,1260195,3568343,13558
2019-09-29,2019,9,29,chokepoint6,Strait of Hormuz,20,10,3,0,57,33,90,450364,552600,25837,0,2442222,1028801,3471024,13561
2019-09-30,2019,9,30,chokepoint6,Strait of Hormuz,7,9,3,2,52,21,73,173714,410931,10702,595,2040193,595943,2636136,13565
2019-10-01,2019,10,1,chokepoint6,Strait of Hormuz,15,16,2,2,56,35,91,425300,417784,11179,0,2001413,854265,2855678,13569
2019-10-02,2019,10,2,chokepoint6,Strait of Hormuz,10,14,2,1,42,27,69,434177,335847,5552,0,3488835,775577,4264413,13573
2019-10-03,2019,10,3,chokepoint6,Strait of Hormuz,12,10,3,2,36,27,63,442583,329469,13349,5700,2143308,791102,2934411,13577
2019-10-04,2019,10,4,chokepoint6,Strait of Hormuz,7,6,4,1,47,18,65,298509,194358,31880,595,2118907,525343,2644251,13581
2019-10-05,2019,10,5,chokepoint6,Strait of Hormuz,11,12,4,2,42,29,71,432662,268155,13289,0,2461913,714107,3176021,13585
2019-10-06,2019,10,6,chokepoint6,Strait of Hormuz,14,15,1,0,42,30,72,440504,780162,6726,0,1223759,1227393,2451153,13589
2019-10-07,2019,10,7,chokepoint6,Strait of Hormuz,10,4,5,2,51,21,72,333001,283428,38024,2983,1632598,657437,2290035,13593
2019-10-08,2019,10,8,chokepoint6,Strait of Hormuz,10,13,3,4,40,30,70,253437,311850,18188,9237,2988065,592714,3580779,13597
2019-10-09,2019,10,9,chokepoint6,Strait of Hormuz,10,11,3,5,43,29,72,348110,136370,12586,16047,2728377,513114,3241491,13610
2019-10-10,2019,10,10,chokepoint6,Strait of Hormuz,11,11,1,1,50,24,74,377313,196000,1151,0,1865939,574464,2440404,13614
2019-10-11,2019,10,11,chokepoint6,Strait of Hormuz,11,11,2,1,49,25,74,349915,381159,1737,0,2750620,732812,3483433,13618
2019-10-12,2019,10,12,chokepoint6,Strait of Hormuz,16,12,5,1,32,34,66,406748,206947,17671,0,2215144,631367,2846511,13622
2019-10-13,2019,10,13,chokepoint6,Strait of Hormuz,8,6,2,3,42,19,61,302180,161087,8762,5662,2831159,477692,3308852,13626
2019-10-14,2019,10,14,chokepoint6,Strait of Hormuz,15,16,5,3,52,39,91,365784,786621,43207,2829,2211860,1198443,3410304,13630
2019-10-15,2019,10,15,chokepoint6,Strait of Hormuz,11,20,3,3,61,37,98,407131,448823,20111,6704,2847848,882771,3730619,13634
2019-10-16,2019,10,16,chokepoint6,Strait of Hormuz,13,14,2,2,58,31,89,419891,308728,26258,390,2967843,755269,3723112,13638
2019-10-17,2019,10,17,chokepoint6,Strait of Hormuz,10,13,7,2,59,32,91,386802,400404,65215,9098,2761769,861520,3623290,13642
2019-10-18,2019,10,18,chokepoint6,Strait of Hormuz,8,12,4,4,43,28,71,326954,347063,20944,11078,3249876,706041,3955917,13646
2019-10-19,2019,10,19,chokepoint6,Strait of Hormuz,13,14,0,2,53,29,82,422696,353427,0,0,2856143,776123,3632267,13650
2019-10-20,2019,10,20,chokepoint6,Strait of Hormuz,18,19,0,1,54,38,92,482310,726175,0,3608,2100895,1212094,3312989,13651
2019-10-21,2019,10,21,chokepoint6,Strait of Hormuz,10,12,6,4,49,32,81,493594,398414,34872,0,2698108,926881,3624990,13652
2019-10-22,2019,10,22,chokepoint6,Strait of Hormuz,7,17,2,2,39,28,67,263285,429130,1294,8512,1392419,702223,2094643,13653
2019-10-23,2019,10,23,chokepoint6,Strait of Hormuz,13,9,7,3,42,32,74,516713,108935,42454,8453,2577343,676556,3253899,13655
2019-10-24,2019,10,24,chokepoint6,Strait of Hormuz,9,16,9,1,56,35,91,270844,221087,41140,7299,2861886,540371,3402257,13658
2019-10-25,2019,10,25,chokepoint6,Strait of Hormuz,15,11,5,2,43,33,76,439087,239242,34527,2013,1727755,714871,2442627,13661
2019-10-26,2019,10,26,chokepoint6,Strait of Hormuz,13,15,4,3,57,35,92,395080,468627,14977,6775,3330588,885461,4216050,13665
2019-10-27,2019,10,27,chokepoint6,Strait of Hormuz,8,15,2,4,38,29,67,366038,587483,18376,2013,2043317,973912,3017229,13669
2019-10-28,2019,10,28,chokepoint6,Strait of Hormuz,11,15,3,1,44,30,74,404653,247783,25134,2364,2927742,679936,3607678,13673
2019-10-29,2019,10,29,chokepoint6,Strait of Hormuz,7,9,3,0,42,19,61,324984,300646,15454,0,2596746,641085,3237832,13677
2019-10-30,2019,10,30,chokepoint6,Strait of Hormuz,12,18,2,3,66,35,101,518978,578432,22022,2921,2490921,1122354,3613275,13681
2019-10-31,2019,10,31,chokepoint6,Strait of Hormuz,11,12,3,1,37,27,64,432554,328204,23422,0,1760760,784181,2544942,13685
2019-11-01,2019,11,1,chokepoint6,Strait of Hormuz,9,10,4,2,44,25,69,452651,332696,14513,0,2412293,799861,3212154,13689
2019-11-02,2019,11,2,chokepoint6,Strait of Hormuz,9,11,3,4,43,27,70,309287,394176,21220,6770,429245,731454,1160700,13693
2019-11-03,2019,11,3,chokepoint6,Strait of Hormuz,13,10,1,2,36,26,62,247455,248929,27773,2191,1995659,526350,2522009,13697
2019-11-04,2019,11,4,chokepoint6,Strait of Hormuz,10,10,3,1,41,24,65,377113,601631,32141,0,3508840,1010886,4519727,13701
2019-11-05,2019,11,5,chokepoint6,Strait of Hormuz,13,18,6,3,40,40,80,480127,883120,35109,5629,2353034,1403986,3757021,13702
2019-11-06,2019,11,6,chokepoint6,Strait of Hormuz,8,10,0,0,39,18,57,198052,354510,0,0,1705844,552563,2258407,13703
2019-11-07,2019,11,7,chokepoint6,Strait of Hormuz,11,10,6,6,40,33,73,609827,197592,26756,16720,2316133,850897,3167030,13705
2019-11-08,2019,11,8,chokepoint6,Strait of Hormuz,9,12,5,1,54,27,81,425753,372041,11902,0,3140473,809697,3950171,13710
2019-11-09,2019,11,9,chokepoint6,Strait of Hormuz,13,5,4,2,43,24,67,451177,126289,17916,10383,2461543,605767,3067310,13714
2019-11-10,2019,11,10,chokepoint6,Strait of Hormuz,9,10,1,2,36,22,58,378289,472870,0,0,1760068,851160,2611228,13718
2019-11-11,2019,11,11,chokepoint6,Strait of Hormuz,4,9,3,2,51,18,69,177963,419526,17539,10655,2023982,625685,2649667,13722
2019-11-12,2019,11,12,chokepoint6,Strait of Hormuz,12,11,1,0,51,24,75,356350,502023,1799,0,711150,860172,1571323,13726
2019-11-13,2019,11,13,chokepoint6,Strait of Hormuz,11,12,5,2,37,30,67,475519,243507,9864,5038,1407410,733929,2141339,13730
2019-11-14,2019,11,14,chokepoint6,Strait of Hormuz,8,6,4,3,34,21,55,486333,211004,16031,0,1164037,713370,1877407,13734
2019-11-15,2019,11,15,chokepoint6,Strait of Hormuz,7,7,3,1,26,18,44,282069,323161,8015,0,1190847,613246,1804094,13738
2019-11-16,2019,11,16,chokepoint6,Strait of Hormuz,8,9,6,2,36,25,61,193856,368093,30432,4186,1300975,596569,1897545,13742
2019-11-17,2019,11,17,chokepoint6,Strait of Hormuz,10,11,0,2,42,23,65,428627,267961,0,2916,319966,699506,1019472,13746
2019-11-18,2019,11,18,chokepoint6,Strait of Hormuz,9,12,4,2,19,27,46,337188,577001,21789,5598,1002868,941577,1944445,13750
2019-11-19,2019,11,19,chokepoint6,Strait of Hormuz,8,10,4,2,29,24,53,206197,195198,23257,8387,1095702,433041,1528743,13762
2019-11-20,2019,11,20,chokepoint6,Strait of Hormuz,5,9,2,1,43,17,60,220503,312680,37498,0,1230208,570683,1800891,13766
2019-11-21,2019,11,21,chokepoint6,Strait of Hormuz,9,9,0,3,33,21,54,138667,330528,0,9995,962035,479191,1441227,13770
2019-11-22,2019,11,22,chokepoint6,Strait of Hormuz,12,9,1,2,29,24,53,512676,282740,5548,1937,1304596,802903,2107500,13774
2019-11-23,2019,11,23,chokepoint6,Strait of Hormuz,10,9,3,3,42,25,67,428490,145615,12849,5188,1157731,592143,1749874,13778
2019-11-24,2019,11,24,chokepoint6,Strait of Hormuz,6,12,1,1,37,20,57,177248,421860,6455,4110,1071402,609675,1681078,13782
2019-11-25,2019,11,25,chokepoint6,Strait of Hormuz,3,8,3,7,37,21,58,127337,232854,23619,40013,1433804,423824,1857628,13786
2019-11-26,2019,11,26,chokepoint6,Strait of Hormuz,7,12,1,1,39,21,60,316296,201600,17438,0,664234,535335,1199569,13790
2019-11-27,2019,11,27,chokepoint6,Strait of Hormuz,8,9,2,1,36,20,56,281000,304147,4618,2013,962496,591780,1554277,13794
2019-11-28,2019,11,28,chokepoint6,Strait of Hormuz,8,9,3,1,44,21,65,202170,368708,39066,3954,1734089,613900,2347989,13798
2019-11-29,2019,11,29,chokepoint6,Strait of Hormuz,8,11,8,2,45,29,74,345752,231401,76669,2013,1450291,655837,2106129,13802
2019-11-30,2019,11,30,chokepoint6,Strait of Hormuz,9,7,5,0,40,21,61,331323,142197,31730,0,1358376,505252,1863628,13805
2019-12-01,2019,12,1,chokepoint6,Strait of Hormuz,13,9,2,1,30,25,55,353562,155921,6455,0,815018,515939,1330958,13807
2019-12-02,2019,12,2,chokepoint6,Strait of Hormuz,8,11,4,3,41,26,67,292507,226232,6982,7421,1436746,533143,1969890,13808
2019-12-03,2019,12,3,chokepoint6,Strait of Hormuz,9,4,4,2,42,19,61,275921,138467,30953,0,1844756,445342,2290099,13809
2019-12-04,2019,12,4,chokepoint6,Strait of Hormuz,12,12,0,0,40,24,64,420858,327205,0,0,2104825,748064,2852889,13811
2019-12-05,2019,12,5,chokepoint6,Strait of Hormuz,10,5,2,1,32,18,50,378359,93059,5872,0,220454,477291,697746,13814
2019-12-06,2019,12,6,chokepoint6,Strait of Hormuz,5,9,1,1,24,16,40,273403,382061,1209,0,1077792,656674,1734467,13818
2019-12-07,2019,12,7,chokepoint6,Strait of Hormuz,8,11,1,1,35,21,56,283630,203975,820,2182,1096092,490609,1586702,13822
2019-12-08,2019,12,8,chokepoint6,Strait of Hormuz,7,6,1,3,45,17,62,293966,233902,12626,4912,1210734,545408,1756142,13826
2019-12-09,2019,12,9,chokepoint6,Strait of Hormuz,8,11,2,1,33,22,55,377269,392493,6085,0,574148,775849,1349997,13830
2019-12-10,2019,12,10,chokepoint6,Strait of Hormuz,6,7,2,0,34,15,49,303402,372384,11813,0,2112054,687600,2799654,13834
2019-12-11,2019,12,11,chokepoint6,Strait of Hormuz,9,11,7,1,35,28,63,405139,260003,15837,0,1307590,680980,1988570,13838
2019-12-12,2019,12,12,chokepoint6,Strait of Hormuz,7,10,3,2,45,22,67,214511,135840,10806,4111,2595708,365270,2960978,13842
2019-12-13,2019,12,13,chokepoint6,Strait of Hormuz,9,8,1,2,43,20,63,398239,475711,1566,3944,1713885,879460,2593346,13846
2019-12-14,2019,12,14,chokepoint6,Strait of Hormuz,8,15,2,1,43,26,69,216822,311058,972,0,2092354,528854,2621208,13850
2019-12-15,2019,12,15,chokepoint6,Strait of Hormuz,9,9,4,4,45,26,71,357562,316071,820,13060,2603228,687513,3290742,13854
2019-12-16,2019,12,16,chokepoint6,Strait of Hormuz,7,12,2,2,34,23,57,132168,276433,4339,5812,1765865,418754,2184620,13855
2019-12-17,2019,12,17,chokepoint6,Strait of Hormuz,8,10,3,2,38,23,61,200207,264218,3588,6223,1080777,474237,1555014,13856
2019-12-18,2019,12,18,chokepoint6,Strait of Hormuz,9,12,4,2,39,27,66,288730,418036,20289,0,977582,727055,1704638,13857
2019-12-19,2019,12,19,chokepoint6,Strait of Hormuz,9,8,1,1,37,19,56,163435,268149,17523,0,1372866,449108,1821974,13860
2019-12-20,2019,12,20,chokepoint6,Strait of Hormuz,7,6,3,2,45,18,63,355257,163824,3568,3271,890333,525921,1416254,13864
2019-12-21,2019,12,21,chokepoint6,Strait of Hormuz,9,13,3,3,35,28,63,267104,640902,8762,4452,941127,921222,1862349,13867
2019-12-22,2019,12,22,chokepoint6,Strait of Hormuz,7,11,4,0,43,22,65,234086,479809,17266,0,2164597,731162,2895760,13871
2019-12-23,2019,12,23,chokepoint6,Strait of Hormuz,13,7,1,3,42,24,66,339975,220751,0,5064,1111533,565791,1677325,13875
2019-12-24,2019,12,24,chokepoint6,Strait of Hormuz,11,21,5,3,45,40,85,438484,556788,50388,0,1537084,1045660,2582745,13879
2019-12-25,2019,12,25,chokepoint6,Strait of Hormuz,9,18,8,2,48,37,85,380414,585148,49587,0,750896,1015149,1766045,13883
2019-12-26,2019,12,26,chokepoint6,Strait of Hormuz,6,16,6,1,53,29,82,280827,451659,47591,0,1662750,780079,2442829,13887
2019-12-27,2019,12,27,chokepoint6,Strait of Hormuz,7,10,1,0,21,18,39,264052,464168,3414,0,419675,731635,1151310,13891
2019-12-28,2019,12,28,chokepoint6,Strait of Hormuz,13,12,5,3,48,33,81,424127,469280,43526,5285,2318635,942220,3260855,13895
2019-12-29,2019,12,29,chokepoint6,Strait of Hormuz,7,15,1,0,26,23,49,193301,532035,9696,0,1525570,735033,2260604,13899
2019-12-30,2019,12,30,chokepoint6,Strait of Hormuz,9,13,4,4,46,30,76,184804,535712,31819,11781,2277631,764118,3041750,13902
2019-12-31,2019,12,31,chokepoint6,Strait of Hormuz,10,11,2,1,46,24,70,346496,226969,5276,5440,2297798,584184,2881983,13907
2020-01-01,2020,1,1,chokepoint6,Strait of Hormuz,9,11,3,1,58,24,82,250273,85618,11422,8554,1890409,355868,2246278,13909
2020-01-02,2020,1,2,chokepoint6,Strait of Hormuz,15,9,5,0,38,29,67,534742,325061,32973,0,2423843,892776,3316620,13912
2020-01-03,2020,1,3,chokepoint6,Strait of Hormuz,10,13,0,3,43,26,69,401430,370485,0,4945,1449880,776860,2226741,13915
2020-01-04,2020,1,4,chokepoint6,Strait of Hormuz,9,10,4,1,44,24,68,246068,285753,31310,3322,1855302,566454,2421757,13918
2020-01-05,2020,1,5,chokepoint6,Strait of Hormuz,15,14,5,1,40,35,75,575908,442115,20536,0,2227697,1038560,3266258,13921
2020-01-06,2020,1,6,chokepoint6,Strait of Hormuz,10,15,4,3,38,32,70,350048,562098,7174,0,1514662,919321,2433984,13924
2020-01-07,2020,1,7,chokepoint6,Strait of Hormuz,9,5,5,3,45,22,67,513524,136338,16461,2805,1194160,669129,1863289,13927
2020-01-08,2020,1,8,chokepoint6,Strait of Hormuz,9,8,3,0,24,20,44,250693,158649,37904,0,65583,447247,512830,13930
2020-01-09,2020,1,9,chokepoint6,Strait of Hormuz,7,15,1,0,40,23,63,392232,603001,9251,0,603940,1004485,1608425,13933
2020-01-10,2020,1,10,chokepoint6,Strait of Hormuz,8,8,6,2,37,24,61,357638,113951,33982,0,878177,505572,1383749,13936
2020-01-11,2020,1,11,chokepoint6,Strait of Hormuz,11,19,2,1,50,33,83,396663,456826,8724,3436,1477687,865650,2343338,13939
2020-01-12,2020,1,12,chokepoint6,Strait of Hormuz,8,10,4,2,33,24,57,311875,226776,18138,3154,776357,559944,1336301,13942
2020-01-13,2020,1,13,chokepoint6,Strait of Hormuz,13,17,4,3,29,37,66,312010,634891,30855,8586,263425,986343,1249768,13945
2020-01-14,2020,1,14,chokepoint6,Strait of Hormuz,13,12,6,1,40,32,72,537309,361100,32878,2784,917741,934073,1851814,13948
2020-01-15,2020,1,15,chokepoint6,Strait of Hormuz,6,16,4,1,39,27,66,282905,294313,11629,0,801898,588848,1390746,13951
2020-01-16,2020,1,16,chokepoint6,Strait of Hormuz,7,8,2,1,29,18,47,271751,455255,0,4523,310909,731531,1042440,13954
2020-01-17,2020,1,17,chokepoint6,Strait of Hormuz,13,11,4,3,41,31,72,350818,283942,12987,3788,1544422,651537,2195959,13958
2020-01-18,2020,1,18,chokepoint6,Strait of Hormuz,6,8,4,1,47,19,66,370990,244330,28206,2483,1417149,646011,2063160,13961
2020-01-19,2020,1,19,chokepoint6,Strait of Hormuz,9,14,5,3,43,31,74,318867,316424,36030,7607,1981005,678929,2659935,13964
2020-01-20,2020,1,20,chokepoint6,Strait of Hormuz,13,13,1,2,46,29,75,345654,448506,2286,3867,1650942,800316,2451258,13967
2020-01-21,2020,1,21,chokepoint6,Strait of Hormuz,10,18,2,2,35,32,67,345544,453279,21880,2766,942430,823471,1765901,13970
2020-01-22,2020,1,22,chokepoint6,Strait of Hormuz,12,10,3,2,33,27,60,590109,422180,2456,4706,1431497,1019452,2450949,13973
2020-01-23,2020,1,23,chokepoint6,Strait of Hormuz,12,12,1,0,37,25,62,305588,385271,1566,0,1347837,692425,2040262,13976
2020-01-24,2020,1,24,chokepoint6,Strait of Hormuz,11,10,6,1,44,28,72,301126,399006,30378,0,1604808,730511,2335320,13979
2020-01-25,2020,1,25,chokepoint6,Strait of Hormuz,13,16,2,3,38,34,72,559363,580527,11239,7840,1635784,1158970,2794755,13982
2020-01-26,2020,1,26,chokepoint6,Strait of Hormuz,10,9,3,2,48,24,72,405175,303016,8249,12651,2330153,729094,3059247,14107
2020-01-27,2020,1,27,chokepoint6,Strait of Hormuz,10,7,1,1,38,19,57,326738,278028,5256,0,444743,610023,1054767,14410
2020-01-28,2020,1,28,chokepoint6,Strait of Hormuz,11,16,3,0,36,30,66,527849,714679,17392,0,968864,1259920,2228785,14810
2020-01-29,2020,1,29,chokepoint6,Strait of Hormuz,7,17,7,2,32,33,65,238791,176033,47066,2013,1106891,463904,1570796,14813
2020-01-30,2020,1,30,chokepoint6,Strait of Hormuz,10,9,4,0,47,23,70,276271,269401,15781,0,2189549,561454,2751004,14814
2020-01-31,2020,1,31,chokepoint6,Strait of Hormuz,13,10,2,1,42,26,68,496075,359330,12743,0,1587395,868149,2455545,14818
2020-02-01,2020,2,1,chokepoint6,Strait of Hormuz,10,12,2,1,36,25,61,490383,398467,14274,2013,1198402,905138,2103540,14821
2020-02-02,2020,2,2,chokepoint6,Strait of Hormuz,10,11,0,0,45,21,66,305780,189565,0,0,1617364,495346,2112710,14824
2020-02-03,2020,2,3,chokepoint6,Strait of Hormuz,6,9,1,2,40,18,58,157095,298961,9782,3627,2553767,469466,3023234,14827
2020-02-04,2020,2,4,chokepoint6,Strait of Hormuz,13,7,2,3,41,25,66,486374,349065,1374,0,671910,836815,1508725,14830
2020-02-05,2020,2,5,chokepoint6,Strait of Hormuz,10,18,2,0,41,30,71,327759,716145,7839,0,1076863,1051744,2128608,14833
2020-02-06,2020,2,6,chokepoint6,Strait of Hormuz,7,14,3,0,42,24,66,248520,309661,6478,0,2635657,564660,3200318,14836
2020-02-07,2020,2,7,chokepoint6,Strait of Hormuz,10,17,2,1,51,30,81,480624,419833,10946,2062,2851352,913466,3764818,14839
2020-02-08,2020,2,8,chokepoint6,Strait of Hormuz,13,10,1,0,52,24,76,453135,306318,20537,0,3453530,779991,4233521,14842
2020-02-09,2020,2,9,chokepoint6,Strait of Hormuz,7,6,6,1,37,20,57,401715,156967,32740,0,1884209,591424,2475633,14845
2020-02-10,2020,2,10,chokepoint6,Strait of Hormuz,7,14,2,2,29,25,54,316941,445859,4579,3523,960714,770903,1731618,14848
2020-02-11,2020,2,11,chokepoint6,Strait of Hormuz,7,14,4,1,41,26,67,261004,336174,21628,0,1750088,618807,2368896,14851
2020-02-12,2020,2,12,chokepoint6,Strait of Hormuz,10,10,2,2,41,24,65,529421,330909,12095,2797,772801,875223,1648025,14854
2020-02-13,2020,2,13,chokepoint6,Strait of Hormuz,10,13,1,0,25,24,49,162182,206010,4431,0,805299,372624,1177924,14857
2020-02-14,2020,2,14,chokepoint6,Strait of Hormuz,4,14,3,2,33,23,56,167642,467484,25170,7320,581803,667617,1249421,14860
2020-02-15,2020,2,15,chokepoint6,Strait of Hormuz,12,5,5,1,45,23,68,521556,188242,49320,2776,1939661,761896,2701557,14863
2020-02-16,2020,2,16,chokepoint6,Strait of Hormuz,8,10,8,2,29,28,57,371637,99504,12931,2081,1372150,486153,1858304,14873
2020-02-17,2020,2,17,chokepoint6,Strait of Hormuz,14,20,1,4,56,39,95,507192,685681,1038,4636,2545093,1198549,3743643,14876
2020-02-18,2020,2,18,chokepoint6,Strait of Hormuz,12,15,7,1,38,35,73,450504,319055,45130,3706,1905673,818396,2724070,14879
2020-02-19,2020,2,19,chokepoint6,Strait of Hormuz,10,9,1,2,41,22,63,272787,242667,0,0,2806786,515455,3322241,14882
2020-02-20,2020,2,20,chokepoint6,Strait of Hormuz,10,23,5,1,58,39,97,358385,521660,6298,4009,3169646,890355,4060001,14885
2020-02-21,2020,2,21,chokepoint6,Strait of Hormuz,11,12,5,3,32,31,63,436868,255528,28951,0,1149168,721348,1870517,14888
2020-02-22,2020,2,22,chokepoint6,Strait of Hormuz,12,10,4,2,40,28,68,410450,112673,4049,0,3692436,527173,4219610,14891
2020-02-23,2020,2,23,chokepoint6,Strait of Hormuz,7,9,2,1,49,19,68,251427,435330,8557,0,1650356,695314,2345671,14894
2020-02-24,2020,2,24,chokepoint6,Strait of Hormuz,8,12,5,3,35,28,63,339836,398801,104152,9098,2585405,851889,3437295,14897
2020-02-25,2020,2,25,chokepoint6,Strait of Hormuz,20,15,7,2,41,44,85,635005,261095,69313,0,2445575,965415,3410990,14900
2020-02-26,2020,2,26,chokepoint6,Strait of Hormuz,6,12,4,1,44,23,67,305040,374144,14882,0,1685733,694067,2379800,14903
2020-02-27,2020,2,27,chokepoint6,Strait of Hormuz,5,4,2,1,26,12,38,145386,0,8707,0,719101,154094,873195,14906
2020-02-28,2020,2,28,chokepoint6,Strait of Hormuz,6,15,1,0,45,22,67,153765,605604,6807,0,1418234,766177,2184412,14909
2020-02-29,2020,2,29,chokepoint6,Strait of Hormuz,14,12,4,1,49,31,80,408343,240347,17789,0,3059603,666479,3726083,14912
2020-03-01,2020,3,1,chokepoint6,Strait of Hormuz,10,5,2,3,38,20,58,454508,168539,0,0,2734986,623048,3358034,14916
2020-03-02,2020,3,2,chokepoint6,Strait of Hormuz,7,19,4,2,50,32,82,276869,485457,28074,0,3300775,790402,4091177,14919
2020-03-03,2020,3,3,chokepoint6,Strait of Hormuz,9,15,4,1,44,29,73,174852,212548,30451,0,1795019,417853,2212873,14922
2020-03-04,2020,3,4,chokepoint6,Strait of Hormuz,7,7,3,3,33,20,53,230407,265535,18557,6852,1766369,521353,2287722,14925
2020-03-05,2020,3,5,chokepoint6,Strait of Hormuz,8,16,1,1,35,26,61,255507,556315,1308,4009,1411241,817140,2228382,14928
2020-03-06,2020,3,6,chokepoint6,Strait of Hormuz,5,13,2,2,46,22,68,226595,402037,8584,2013,1560365,639231,2199596,14931
2020-03-07,2020,3,7,chokepoint6,Strait of Hormuz,10,8,4,0,36,22,58,345658,35379,22312,0,2059256,403351,2462607,14934
2020-03-08,2020,3,8,chokepoint6,Strait of Hormuz,7,15,2,2,61,26,87,336442,418973,2406,3152,1809631,760975,2570606,14937
2020-03-09,2020,3,9,chokepoint6,Strait of Hormuz,13,12,1,1,35,27,62,546721,340964,12748,4842,3356474,905276,4261750,14940
2020-03-10,2020,3,10,chokepoint6,Strait of Hormuz,4,8,2,1,43,15,58,135085,221523,8557,5623,2522355,370789,2893144,14943
2020-03-11,2020,3,11,chokepoint6,Strait of Hormuz,6,14,4,1,31,25,56,135340,377288,22230,2294,1181085,537152,1718238,14946
2020-03-12,2020,3,12,chokepoint6,Strait of Hormuz,8,7,1,1,42,17,59,330361,207487,20936,0,3071734,558785,3630519,14949
2020-03-13,2020,3,13,chokepoint6,Strait of Hormuz,7,15,3,1,46,26,72,355227,441532,449,6154,2499799,803364,3303164,14952
2020-03-14,2020,3,14,chokepoint6,Strait of Hormuz,14,11,3,2,59,30,89,611511,325899,9831,7065,3118725,954307,4073032,14955
2020-03-15,2020,3,15,chokepoint6,Strait of Hormuz,10,9,1,4,30,24,54,319578,202961,0,2801,1511707,525340,2037048,14958
2020-03-16,2020,3,16,chokepoint6,Strait of Hormuz,8,8,1,2,24,19,43,279842,368153,0,3826,844186,651822,1496008,14961
2020-03-17,2020,3,17,chokepoint6,Strait of Hormuz,8,7,4,2,34,21,55,203827,251126,5855,0,1363716,460808,1824525,14964
2020-03-18,2020,3,18,chokepoint6,Strait of Hormuz,17,11,7,1,49,36,85,564650,225751,11525,2859,1968581,804786,2773367,14974
2020-03-19,2020,3,19,chokepoint6,Strait of Hormuz,14,12,1,1,37,28,65,508966,434837,0,0,2186589,943803,3130393,14976
2020-03-20,2020,3,20,chokepoint6,Strait of Hormuz,8,12,2,2,43,24,67,121777,428351,10112,6924,2010714,567166,2577880,14979
2020-03-21,2020,3,21,chokepoint6,Strait of Hormuz,10,8,3,1,45,22,67,503460,239622,41894,0,2514081,784978,3299059,14982
2020-03-22,2020,3,22,chokepoint6,Strait of Hormuz,9,10,4,1,37,24,61,259611,370685,11956,5981,1115413,648234,1763647,14985
2020-03-23,2020,3,23,chokepoint6,Strait of Hormuz,9,10,2,3,40,24,64,245894,226481,23022,0,1044096,495399,1539495,14988
2020-03-24,2020,3,24,chokepoint6,Strait of Hormuz,9,10,4,2,35,25,60,427820,531584,14821,5226,920362,979453,1899816,14991
2020-03-25,2020,3,25,chokepoint6,Strait of Hormuz,8,12,2,1,32,23,55,254411,603621,3477,0,700857,861510,1562368,14994
2020-03-26,2020,3,26,chokepoint6,Strait of Hormuz,9,15,3,1,44,28,72,392002,555561,18612,0,2466111,966176,3432287,14997
2020-03-27,2020,3,27,chokepoint6,Strait of Hormuz,11,11,3,0,37,25,62,294153,376212,4183,0,1264308,674549,1938857,15000
2020-03-28,2020,3,28,chokepoint6,Strait of Hormuz,14,12,3,2,42,31,73,555661,350454,12300,3150,1980423,921567,2901991,15005
2020-03-29,2020,3,29,chokepoint6,Strait of Hormuz,3,9,1,0,37,13,50,150960,93621,14813,0,1948038,259395,2207433,15008
2020-03-30,2020,3,30,chokepoint6,Strait of Hormuz,13,10,3,4,44,30,74,473334,258316,7046,9017,1732886,747714,2480601,15011
2020-03-31,2020,3,31,chokepoint6,Strait of Hormuz,12,10,3,3,39,28,67,357734,599675,13969,0,1715677,971379,2687057,15014
2020-04-01,2020,4,1,chokepoint6,Strait of Hormuz,8,12,3,1,34,24,58,255802,549365,390,0,2277635,805558,3083193,15025
2020-04-02,2020,4,2,chokepoint6,Strait of Hormuz,12,14,5,0,54,31,85,341945,553327,38364,0,3649088,933636,4582724,15027
2020-04-03,2020,4,3,chokepoint6,Strait of Hormuz,13,15,4,2,53,34,87,461028,369581,23300,0,3471956,853910,4325867,15030
2020-04-04,2020,4,4,chokepoint6,Strait of Hormuz,12,11,1,3,35,27,62,410786,326495,31668,2970,2535652,771921,3307574,15033
2020-04-05,2020,4,5,chokepoint6,Strait of Hormuz,9,17,7,0,59,33,92,207916,415315,66129,0,3534211,689360,4223572,15036
2020-04-06,2020,4,6,chokepoint6,Strait of Hormuz,11,13,3,3,55,30,85,509675,641894,9475,2013,2800203,1163059,3963263,15039
2020-04-07,2020,4,7,chokepoint6,Strait of Hormuz,12,19,6,2,39,39,78,434302,497954,23286,4419,1107765,959961,2067727,15042
2020-04-08,2020,4,8,chokepoint6,Strait of Hormuz,20,11,7,2,49,40,89,497093,391607,42494,2789,3170678,933984,4104663,15045
2020-04-09,2020,4,9,chokepoint6,Strait of Hormuz,14,16,2,2,53,34,87,464998,538184,10150,2013,3839238,1015347,4854585,15048
2020-04-10,2020,4,10,chokepoint6,Strait of Hormuz,7,14,7,1,53,29,82,152663,541022,21147,0,2389714,714834,3104548,15051
2020-04-11,2020,4,11,chokepoint6,Strait of Hormuz,12,16,1,3,49,32,81,576297,590920,6682,0,2833422,1173900,4007323,15054
2020-04-12,2020,4,12,chokepoint6,Strait of Hormuz,10,15,2,1,52,28,80,309449,736169,6356,0,3102898,1051975,4154874,15057
2020-04-13,2020,4,13,chokepoint6,Strait of Hormuz,15,7,1,2,48,25,73,419283,139100,2196,0,2733931,560579,3294511,15060
2020-04-14,2020,4,14,chokepoint6,Strait of Hormuz,2,17,5,1,29,25,54,112564,579482,23782,0,2903131,715829,3618961,15063
2020-04-15,2020,4,15,chokepoint6,Strait of Hormuz,10,12,2,2,31,26,57,474669,632780,28529,4346,1165003,1140325,2305329,15066
2020-04-16,2020,4,16,chokepoint6,Strait of Hormuz,8,10,2,0,59,20,79,246719,330912,4714,0,2033576,582346,2615922,15067
2020-04-17,2020,4,17,chokepoint6,Strait of Hormuz,11,10,3,3,45,27,72,202742,410239,3530,0,2895098,616512,3511610,15068
2020-04-18,2020,4,18,chokepoint6,Strait of Hormuz,19,6,0,1,41,26,67,747533,189599,0,0,2043182,937133,2980315,15069
2020-04-19,2020,4,19,chokepoint6,Strait of Hormuz,9,14,2,1,47,26,73,270872,538715,38961,0,3074938,848549,3923487,15070
2020-04-20,2020,4,20,chokepoint6,Strait of Hormuz,9,12,3,1,54,25,79,284186,436023,1881,0,3421342,722091,4143433,15074
2020-04-21,2020,4,21,chokepoint6,Strait of Hormuz,5,10,4,2,54,21,75,213046,342815,16157,1672,3373433,573690,3947124,15077
2020-04-22,2020,4,22,chokepoint6,Strait of Hormuz,12,10,5,2,37,29,66,548073,455883,20011,0,1090481,1023968,2114450,15080
2020-04-23,2020,4,23,chokepoint6,Strait of Hormuz,11,13,3,3,47,30,77,355596,479045,9106,10317,1858631,854066,2712698,15083
2020-04-24,2020,4,24,chokepoint6,Strait of Hormuz,10,12,3,3,56,28,84,319611,386155,15988,18086,3377747,739840,4117588,15086
2020-04-25,2020,4,25,chokepoint6,Strait of Hormuz,6,10,7,1,51,24,75,447747,214942,34671,3629,2222213,700991,2923205,15089
2020-04-26,2020,4,26,chokepoint6,Strait of Hormuz,11,14,6,0,54,31,85,328462,402457,64866,0,2989693,795787,3785480,15092
2020-04-27,2020,4,27,chokepoint6,Strait of Hormuz,8,5,1,3,48,17,65,267526,0,4725,5663,1995660,277915,2273576,15095
2020-04-28,2020,4,28,chokepoint6,Strait of Hormuz,11,18,10,1,53,40,93,594410,637321,52187,4539,2748665,1288460,4037125,15098
2020-04-29,2020,4,29,chokepoint6,Strait of Hormuz,13,8,5,1,36,27,63,245366,148657,24414,0,1695746,418438,2114184,15101
2020-04-30,2020,4,30,chokepoint6,Strait of Hormuz,12,13,9,3,36,37,73,454649,313493,53229,2297,3047984,823669,3871654,15104
2020-05-01,2020,5,1,chokepoint6,Strait of Hormuz,7,12,5,6,42,30,72,144271,188064,27269,2734,3512224,362340,3874564,15107
2020-05-02,2020,5,2,chokepoint6,Strait of Hormuz,9,10,4,0,57,23,80,310010,274886,19501,0,3877590,604398,4481988,15110
2020-05-03,2020,5,3,chokepoint6,Strait of Hormuz,16,12,2,0,43,30,73,643207,620003,21065,0,3165598,1284276,4449875,15113
2020-05-04,2020,5,4,chokepoint6,Strait of Hormuz,17,10,7,1,57,35,92,371601,206948,34814,2577,2725857,615942,3341800,15116
2020-05-05,2020,5,5,chokepoint6,Strait of Hormuz,9,11,1,1,42,22,64,419619,332762,324,0,2391094,752706,3143801,15117
2020-05-06,2020,5,6,chokepoint6,Strait of Hormuz,16,16,6,1,55,39,94,689078,845784,1872,2556,3543382,1539292,5082675,15118
2020-05-07,2020,5,7,chokepoint6,Strait of Hormuz,12,18,6,1,47,37,84,307030,541041,3750,1167,1629119,852989,2482109,15119
2020-05-08,2020,5,8,chokepoint6,Strait of Hormuz,11,12,4,4,52,31,83,569276,382205,34233,2013,2831094,987729,3818823,15121
2020-05-09,2020,5,9,chokepoint6,Strait of Hormuz,12,18,3,1,55,34,89,541001,516955,24869,0,2652658,1082825,3735483,15122
2020-05-10,2020,5,10,chokepoint6,Strait of Hormuz,13,19,9,4,40,45,85,303800,629565,27045,2013,2277860,962425,3240285,15127
2020-05-11,2020,5,11,chokepoint6,Strait of Hormuz,11,16,3,3,59,33,92,463816,382679,21678,11224,3120267,879399,3999666,15130
2020-05-12,2020,5,12,chokepoint6,Strait of Hormuz,11,10,4,2,53,27,80,294996,373961,18684,0,2438214,687643,3125857,15133
2020-05-13,2020,5,13,chokepoint6,Strait of Hormuz,10,13,1,4,47,28,75,387821,426802,0,0,2377584,814624,3192209,15136
2020-05-14,2020,5,14,chokepoint6,Strait of Hormuz,14,13,4,3,60,34,94,455012,643150,8848,7510,2575683,1114521,3690205,15139
2020-05-15,2020,5,15,chokepoint6,Strait of Hormuz,9,16,4,1,45,30,75,336619,561306,51881,4986,2582128,954793,3536922,15142
2020-05-16,2020,5,16,chokepoint6,Strait of Hormuz,11,12,5,1,57,29,86,512449,476872,31576,0,3031939,1020897,4052836,15145
2020-05-17,2020,5,17,chokepoint6,Strait of Hormuz,11,17,7,1,50,36,86,352300,735205,33859,0,2583287,1121365,3704653,15148
2020-05-18,2020,5,18,chokepoint6,Strait of Hormuz,13,5,2,1,38,21,59,411121,166591,4302,3586,1820306,585602,2405908,15151
2020-05-19,2020,5,19,chokepoint6,Strait of Hormuz,14,18,3,3,55,38,93,663239,546300,5575,5124,2752129,1220239,3972368,15154
2020-05-20,2020,5,20,chokepoint6,Strait of Hormuz,14,14,5,4,48,37,85,433937,703835,30524,16870,2829238,1185168,4014407,15157
2020-05-21,2020,5,21,chokepoint6,Strait of Hormuz,13,15,2,2,54,32,86,174031,269167,6401,0,4105923,449600,4555524,15160
2020-05-22,2020,5,22,chokepoint6,Strait of Hormuz,10,8,1,2,40,21,61,559021,187038,1530,4867,2887902,752457,3640360,15163
2020-05-23,2020,5,23,chokepoint6,Strait of Hormuz,14,18,4,3,44,39,83,740984,774329,6732,9778,1231967,1531824,2763792,15166
2020-05-24,2020,5,24,chokepoint6,Strait of Hormuz,12,8,5,1,44,26,70,170166,228438,18822,0,2208531,417427,2625959,15167
2020-05-25,2020,5,25,chokepoint6,Strait of Hormuz,10,13,5,1,38,29,67,365090,578251,21609,3353,1260140,968304,2228445,15168
2020-05-26,2020,5,26,chokepoint6,Strait of Hormuz,13,16,2,2,51,33,84,576593,470963,3793,0,2517934,1051350,3569285,15169
2020-05-27,2020,5,27,chokepoint6,Strait of Hormuz,7,13,3,4,49,27,76,297654,351614,33239,5038,2318535,687545,3006081,15170
2020-05-28,2020,5,28,chokepoint6,Strait of Hormuz,14,9,3,0,49,26,75,300073,139241,52705,0,2162626,492020,2654647,15171
2020-05-29,2020,5,29,chokepoint6,Strait of Hormuz,9,14,1,2,52,26,78,392264,337476,0,760,3340487,730500,4070988,15173
2020-05-30,2020,5,30,chokepoint6,Strait of Hormuz,12,15,4,2,39,33,72,371254,753154,16061,6223,1236648,1146693,2383341,15176
2020-05-31,2020,5,31,chokepoint6,Strait of Hormuz,16,13,5,0,54,34,88,626478,387756,38793,0,3256779,1053029,4309808,15179
2020-06-01,2020,6,1,chokepoint6,Strait of Hormuz,12,14,3,2,48,31,79,410554,698480,24868,2889,2495125,1136792,3631918,15182
2020-06-02,2020,6,2,chokepoint6,Strait of Hormuz,12,17,6,2,56,37,93,327894,749933,25585,0,2385737,1103413,3489151,15185
2020-06-03,2020,6,3,chokepoint6,Strait of Hormuz,19,13,3,1,49,36,85,654637,233812,6914,0,2923337,895364,3818702,15188
2020-06-04,2020,6,4,chokepoint6,Strait of Hormuz,10,15,4,1,61,30,91,334129,228639,8256,0,3582676,571025,4153701,15191
2020-06-05,2020,6,5,chokepoint6,Strait of Hormuz,9,14,6,4,45,33,78,331419,363720,32940,6179,2999183,734260,3733443,15194
2020-06-06,2020,6,6,chokepoint6,Strait of Hormuz,10,13,3,1,45,27,72,249575,258871,9751,2592,2633237,520790,3154028,15197
2020-06-07,2020,6,7,chokepoint6,Strait of Hormuz,14,14,0,2,47,30,77,521049,400067,0,4382,1868656,925500,2794157,15200
2020-06-08,2020,6,8,chokepoint6,Strait of Hormuz,8,13,3,1,46,25,71,224486,471741,10907,0,2029004,707134,2736138,15203
2020-06-09,2020,6,9,chokepoint6,Strait of Hormuz,12,14,8,1,49,35,84,414744,318244,58348,2013,2622041,793350,3415392,15206
2020-06-10,2020,6,10,chokepoint6,Strait of Hormuz,20,12,4,1,56,37,93,725236,471123,24964,0,3449972,1221324,4671296,15209
2020-06-11,2020,6,11,chokepoint6,Strait of Hormuz,9,10,5,4,49,28,77,264108,208139,35419,5329,1919779,512996,2432775,15212
2020-06-12,2020,6,12,chokepoint6,Strait of Hormuz,16,9,4,2,52,31,83,792850,215142,3676,0,3190379,1011669,4202049,15215
2020-06-13,2020,6,13,chokepoint6,Strait of Hormuz,11,17,1,1,53,30,83,213418,484050,6587,0,2665301,704056,3369357,15217
2020-06-14,2020,6,14,chokepoint6,Strait of Hormuz,15,18,6,0,55,39,94,260175,574583,20611,0,2746700,855370,3602071,15221
2020-06-15,2020,6,15,chokepoint6,Strait of Hormuz,13,13,2,2,46,30,76,400553,463473,6373,760,2066223,871160,2937384,15224
2020-06-16,2020,6,16,chokepoint6,Strait of Hormuz,13,11,6,0,48,30,78,515396,271193,17752,0,1765055,804342,2569398,15227
2020-06-17,2020,6,17,chokepoint6,Strait of Hormuz,22,12,4,0,54,38,92,630637,377466,34519,0,2391166,1042622,3433789,15230
2020-06-18,2020,6,18,chokepoint6,Strait of Hormuz,10,14,5,1,49,30,79,367167,726408,39732,0,2966442,1133307,4099750,15233
2020-06-19,2020,6,19,chokepoint6,Strait of Hormuz,22,15,5,3,49,45,94,701313,506478,42619,0,2609814,1250412,3860226,15236
2020-06-20,2020,6,20,chokepoint6,Strait of Hormuz,14,9,5,3,55,31,86,462523,354326,16215,6836,2300585,839902,3140487,15239
2020-06-21,2020,6,21,chokepoint6,Strait of Hormuz,12,14,3,2,61,31,92,404533,355398,3108,2562,2810021,765603,3575625,15242
2020-06-22,2020,6,22,chokepoint6,Strait of Hormuz,8,13,4,2,60,27,87,456411,609616,6224,3750,2640888,1076002,3716891,15245
2020-06-23,2020,6,23,chokepoint6,Strait of Hormuz,9,14,4,3,58,30,88,423849,317424,8746,1537,2201869,751557,2953426,15248
2020-06-24,2020,6,24,chokepoint6,Strait of Hormuz,18,12,5,2,44,37,81,604917,326107,39749,3788,2116056,974562,3090618,15251
2020-06-25,2020,6,25,chokepoint6,Strait of Hormuz,11,11,4,2,46,28,74,178164,404826,17080,0,2637861,600072,3237933,15254
2020-06-26,2020,6,26,chokepoint6,Strait of Hormuz,12,13,2,3,74,30,104,387309,378823,14020,8886,3726214,789039,4515253,15257
2020-06-27,2020,6,27,chokepoint6,Strait of Hormuz,12,9,5,0,50,26,76,377309,242327,50946,0,1221810,670582,1892392,15260
2020-06-28,2020,6,28,chokepoint6,Strait of Hormuz,14,11,4,2,45,31,76,664061,322422,17733,0,2019398,1004217,3023616,15263
2020-06-29,2020,6,29,chokepoint6,Strait of Hormuz,18,16,4,1,58,39,97,616784,521778,10582,0,1642325,1149145,2791470,15277
2020-06-30,2020,6,30,chokepoint6,Strait of Hormuz,13,17,8,0,56,38,94,415405,611543,78247,0,2155551,1105196,3260747,15279
2020-07-01,2020,7,1,chokepoint6,Strait of Hormuz,12,10,3,3,36,28,64,389258,408983,12046,7743,2151802,818032,2969835,15281
2020-07-02,2020,7,2,chokepoint6,Strait of Hormuz,14,12,7,2,40,35,75,611003,394686,33678,0,1656707,1039369,2696076,15284
2020-07-03,2020,7,3,chokepoint6,Strait of Hormuz,13,17,4,0,56,34,90,431719,636994,24672,0,2878467,1093385,3971853,15287
2020-07-04,2020,7,4,chokepoint6,Strait of Hormuz,13,21,3,2,45,39,84,338954,689085,4642,11531,3452998,1044213,4497211,15290
2020-07-05,2020,7,5,chokepoint6,Strait of Hormuz,12,12,8,1,57,33,90,348389,251510,46547,0,2338572,646447,2985020,15293
2020-07-06,2020,7,6,chokepoint6,Strait of Hormuz,13,8,3,1,46,25,71,539628,233696,16349,0,2824055,789674,3613730,15296
2020-07-07,2020,7,7,chokepoint6,Strait of Hormuz,13,12,9,1,65,35,100,423291,396552,101534,5310,3091186,926688,4017874,15299
2020-07-08,2020,7,8,chokepoint6,Strait of Hormuz,13,8,4,1,42,26,68,477062,323086,31827,0,1539979,831976,2371956,15302
2020-07-09,2020,7,9,chokepoint6,Strait of Hormuz,18,16,2,0,44,36,80,649673,499067,19497,0,1940791,1168238,3109030,15305
2020-07-10,2020,7,10,chokepoint6,Strait of Hormuz,8,11,4,3,49,26,75,362627,503728,5695,0,2795331,872051,3667382,15308
2020-07-11,2020,7,11,chokepoint6,Strait of Hormuz,11,12,5,2,58,30,88,283854,353056,27768,8347,3542546,673026,4215572,15311
2020-07-12,2020,7,12,chokepoint6,Strait of Hormuz,13,10,4,0,51,27,78,440420,124500,24082,0,2529586,589003,3118589,15314
2020-07-13,2020,7,13,chokepoint6,Strait of Hormuz,13,13,3,3,53,32,85,447693,331145,10927,8769,2670738,798535,3469274,15327
2020-07-14,2020,7,14,chokepoint6,Strait of Hormuz,9,15,3,2,54,29,83,275358,551337,8013,0,3074762,834709,3909471,15329
2020-07-15,2020,7,15,chokepoint6,Strait of Hormuz,12,15,2,0,51,29,80,338763,735325,0,0,2567800,1074089,3641890,15331
2020-07-16,2020,7,16,chokepoint6,Strait of Hormuz,10,10,4,1,47,25,72,269602,323791,36021,0,2401403,629414,3030818,15334
2020-07-17,2020,7,17,chokepoint6,Strait of Hormuz,10,11,6,1,54,28,82,454460,358524,57153,2996,2500649,873134,3373784,15337
2020-07-18,2020,7,18,chokepoint6,Strait of Hormuz,11,19,3,1,52,34,86,409800,538968,6682,0,2266617,955451,3222068,15340
2020-07-19,2020,7,19,chokepoint6,Strait of Hormuz,10,15,2,0,46,27,73,279728,456279,20727,0,1903441,756735,2660176,15343
2020-07-20,2020,7,20,chokepoint6,Strait of Hormuz,14,12,4,2,57,32,89,846790,278412,5361,0,2515976,1130564,3646541,15346
2020-07-21,2020,7,21,chokepoint6,Strait of Hormuz,12,8,4,1,51,25,76,335522,192296,8622,4912,2727732,541354,3269087,15349
2020-07-22,2020,7,22,chokepoint6,Strait of Hormuz,12,13,3,1,44,29,73,349438,424268,18421,7573,1444111,799702,2243814,15352
2020-07-23,2020,7,23,chokepoint6,Strait of Hormuz,13,7,1,3,48,24,72,439680,87336,0,877,2230585,527894,2758479,15355
2020-07-24,2020,7,24,chokepoint6,Strait of Hormuz,10,21,4,3,56,38,94,349413,416032,13466,1260,2660426,780172,3440598,15358
2020-07-25,2020,7,25,chokepoint6,Strait of Hormuz,14,10,5,0,62,29,91,395556,259985,22773,0,3144548,678314,3822863,15361
2020-07-26,2020,7,26,chokepoint6,Strait of Hormuz,17,16,3,2,61,38,99,506955,402837,48576,6328,1849601,964697,2814299,15364
2020-07-27,2020,7,27,chokepoint6,Strait of Hormuz,9,19,3,3,57,34,91,343615,715146,13775,2920,2100213,1075456,3175670,15366
2020-07-28,2020,7,28,chokepoint6,Strait of Hormuz,4,9,4,3,50,20,70,162316,236458,14821,557,2790850,414153,3205004,15367
2020-07-29,2020,7,29,chokepoint6,Strait of Hormuz,23,13,3,0,45,39,84,723831,473285,4546,0,2284795,1201663,3486458,15368
2020-07-30,2020,7,30,chokepoint6,Strait of Hormuz,11,15,4,2,66,32,98,252224,731104,9901,4009,3124813,997241,4122054,15369
2020-07-31,2020,7,31,chokepoint6,Strait of Hormuz,12,13,4,3,57,32,89,424656,335047,21538,15477,2495182,796720,3291903,15370
2020-08-01,2020,8,1,chokepoint6,Strait of Hormuz,11,13,5,1,55,30,85,316712,389622,15541,0,2131274,721876,2853150,15371
2020-08-02,2020,8,2,chokepoint6,Strait of Hormuz,14,13,3,2,51,32,83,504107,530179,9026,2236,2869621,1045549,3915170,15373
2020-08-03,2020,8,3,chokepoint6,Strait of Hormuz,10,18,4,0,60,32,92,508707,424694,2710,0,2680567,936112,3616680,15377
2020-08-04,2020,8,4,chokepoint6,Strait of Hormuz,17,13,3,2,65,35,100,505658,455401,38364,1833,3187831,1001257,4189089,15380
2020-08-05,2020,8,5,chokepoint6,Strait of Hormuz,11,17,3,2,47,33,80,450176,450442,17401,3256,3207724,921276,4129000,15383
2020-08-06,2020,8,6,chokepoint6,Strait of Hormuz,19,14,4,3,65,40,105,595539,436907,10576,0,2380417,1043023,3423441,15386
2020-08-07,2020,8,7,chokepoint6,Strait of Hormuz,11,11,8,1,52,31,83,557194,449205,58550,3496,4038020,1068446,5106467,15389
2020-08-08,2020,8,8,chokepoint6,Strait of Hormuz,10,13,3,0,64,26,90,333885,405391,22881,0,2336258,762159,3098417,15392
2020-08-09,2020,8,9,chokepoint6,Strait of Hormuz,17,14,3,2,50,36,86,513984,226294,5593,0,1913545,745872,2659417,15395
2020-08-10,2020,8,10,chokepoint6,Strait of Hormuz,9,14,5,1,50,29,79,443734,541544,6586,6223,1603403,998089,2601493,15398
2020-08-11,2020,8,11,chokepoint6,Strait of Hormuz,11,10,1,1,58,23,81,469895,401641,2504,3944,3182898,877985,4060884,15401
2020-08-12,2020,8,12,chokepoint6,Strait of Hormuz,9,13,2,0,62,24,86,190672,609905,0,0,2851726,800577,3652304,15404
2020-08-13,2020,8,13,chokepoint6,Strait of Hormuz,19,13,6,3,46,41,87,757932,290150,41470,7962,2213151,1097515,3310667,15407
2020-08-14,2020,8,14,chokepoint6,Strait of Hormuz,11,22,4,0,58,37,95,415348,744431,43756,0,2554737,1203536,3758273,15410
2020-08-15,2020,8,15,chokepoint6,Strait of Hormuz,11,19,5,1,75,36,111,308434,605506,47152,2013,3461918,963107,4425026,15413
2020-08-16,2020,8,16,chokepoint6,Strait of Hormuz,19,9,2,2,56,32,88,619545,139512,0,0,3782313,759058,4541372,15416
2020-08-17,2020,8,17,chokepoint6,Strait of Hormuz,11,16,4,2,43,33,76,431938,542107,29405,2013,1313447,1005464,2318911,15417
2020-08-18,2020,8,18,chokepoint6,Strait of Hormuz,13,12,7,2,56,34,90,649206,283520,19029,5436,3090191,957193,4047385,15418
2020-08-19,2020,8,19,chokepoint6,Strait of Hormuz,15,16,4,3,47,38,85,560799,563808,27552,6481,1836072,1158641,2994714,15419
2020-08-20,2020,8,20,chokepoint6,Strait of Hormuz,15,21,3,2,59,41,100,411136,634316,11282,4110,3008080,1060846,4068927,15420
2020-08-21,2020,8,21,chokepoint6,Strait of Hormuz,14,8,4,0,41,26,67,492809,264347,48568,0,1569866,805725,2375592,15421
2020-08-22,2020,8,22,chokepoint6,Strait of Hormuz,8,14,3,0,42,25,67,137081,669546,38980,0,2739866,845608,3585475,15423
2020-08-23,2020,8,23,chokepoint6,Strait of Hormuz,15,19,2,0,56,36,92,544490,388348,35262,0,2125308,968101,3093409,15427
2020-08-24,2020,8,24,chokepoint6,Strait of Hormuz,9,10,0,0,48,19,67,438478,156320,0,0,1475956,594798,2070754,15430
2020-08-25,2020,8,25,chokepoint6,Strait of Hormuz,6,9,3,1,55,19,74,151359,341989,822,5671,2508937,499844,3008781,15433
2020-08-26,2020,8,26,chokepoint6,Strait of Hormuz,8,13,4,0,45,25,70,417177,605035,14880,0,2669996,1037093,3707090,15436
2020-08-27,2020,8,27,chokepoint6,Strait of Hormuz,11,18,6,4,49,39,88,470080,934427,36147,11427,1763617,1452082,3215700,15439
2020-08-28,2020,8,28,chokepoint6,Strait of Hormuz,16,17,3,0,36,36,72,666868,408975,0,0,2022808,1075844,3098653,15442
2020-08-29,2020,8,29,chokepoint6,Strait of Hormuz,17,15,2,3,48,37,85,611014,674098,0,7379,2120499,1292492,3412992,15445
2020-08-30,2020,8,30,chokepoint6,Strait of Hormuz,12,19,6,3,51,40,91,372644,533084,37502,10194,2018891,953426,2972317,15448
2020-08-31,2020,8,31,chokepoint6,Strait of Hormuz,15,12,3,1,42,31,73,450234,356342,31900,0,2314831,838478,3153309,15451
2020-09-01,2020,9,1,chokepoint6,Strait of Hormuz,16,12,3,3,55,34,89,577840,603216,26959,4188,3099142,1212205,4311347,15454
2020-09-02,2020,9,2,chokepoint6,Strait of Hormuz,15,20,6,0,43,41,84,436712,747204,37776,0,1940153,1221693,3161847,15457
2020-09-03,2020,9,3,chokepoint6,Strait of Hormuz,10,16,7,2,45,35,80,479050,459590,45372,0,2195789,984013,3179802,15460
2020-09-04,2020,9,4,chokepoint6,Strait of Hormuz,11,9,2,1,62,23,85,266921,423584,15600,3203,3457886,709311,4167197,15463
2020-09-05,2020,9,5,chokepoint6,Strait of Hormuz,9,14,2,3,54,28,82,336119,348659,2175,4912,1680506,691866,2372373,15475
2020-09-06,2020,9,6,chokepoint6,Strait of Hormuz,22,19,4,2,46,47,93,788173,458927,36083,7366,1855581,1290551,3146132,15478
2020-09-07,2020,9,7,chokepoint6,Strait of Hormuz,16,22,2,0,61,40,101,725012,553787,12067,0,2218753,1290867,3509621,15481
2020-09-08,2020,9,8,chokepoint6,Strait of Hormuz,13,16,1,2,51,32,83,414561,518837,2934,2215,2014840,938548,2953389,15484
2020-09-09,2020,9,9,chokepoint6,Strait of Hormuz,12,19,3,2,50,36,86,438169,620782,8713,0,2813344,1067666,3881011,15487
2020-09-10,2020,9,10,chokepoint6,Strait of Hormuz,15,19,4,3,46,41,87,540102,553174,4402,3496,3091949,1101175,4193124,15490
2020-09-11,2020,9,11,chokepoint6,Strait of Hormuz,7,14,5,3,58,29,87,163884,808111,46922,8819,1868241,1027737,2895979,15493
2020-09-12,2020,9,12,chokepoint6,Strait of Hormuz,20,17,8,1,57,46,103,651791,393953,32121,6223,3515227,1084089,4599317,15496
2020-09-13,2020,9,13,chokepoint6,Strait of Hormuz,9,12,4,2,62,27,89,308725,355452,15549,5133,3172768,684861,3857629,15499
2020-09-14,2020,9,14,chokepoint6,Strait of Hormuz,13,16,2,0,38,31,69,290475,453971,12054,0,960631,756501,1717132,15502
2020-09-15,2020,9,15,chokepoint6,Strait of Hormuz,10,13,3,1,47,27,74,239395,373340,12401,0,2550098,625137,3175235,15505
2020-09-16,2020,9,16,chokepoint6,Strait of Hormuz,16,19,6,1,53,42,95,506561,763179,5676,0,2079174,1275417,3354592,15508
2020-09-17,2020,9,17,chokepoint6,Strait of Hormuz,18,14,5,1,56,38,94,456628,254634,18623,3106,3588851,732992,4321844,15511
2020-09-18,2020,9,18,chokepoint6,Strait of Hormuz,12,14,3,1,53,30,83,241196,460612,9685,0,2012146,711495,2723641,15514
2020-09-19,2020,9,19,chokepoint6,Strait of Hormuz,16,24,7,0,42,47,89,576685,484370,49451,0,885707,1110507,1996214,15516
2020-09-20,2020,9,20,chokepoint6,Strait of Hormuz,13,14,5,4,63,36,99,442880,275949,32915,4250,3003517,755996,3759513,15517
2020-09-21,2020,9,21,chokepoint6,Strait of Hormuz,23,21,8,1,53,53,106,812729,867562,17598,0,2552761,1697890,4250652,15518
2020-09-22,2020,9,22,chokepoint6,Strait of Hormuz,12,23,5,1,55,41,96,316327,569785,32515,0,2451012,918629,3369641,15519
2020-09-23,2020,9,23,chokepoint6,Strait of Hormuz,9,14,3,2,46,28,74,322798,293306,455,0,2492701,616560,3109262,15520
2020-09-24,2020,9,24,chokepoint6,Strait of Hormuz,17,16,5,3,62,41,103,799603,613997,50945,3326,2710837,1467874,4178711,15521
2020-09-25,2020,9,25,chokepoint6,Strait of Hormuz,15,20,3,2,60,40,100,439486,790369,8985,5525,2613263,1244366,3857630,15523
2020-09-26,2020,9,26,chokepoint6,Strait of Hormuz,18,17,2,1,43,38,81,538988,742862,5539,0,1940307,1287390,3227697,15524
2020-09-27,2020,9,27,chokepoint6,Strait of Hormuz,16,23,3,1,61,43,104,724535,857443,26690,4620,2621819,1613289,4235109,15529
2020-09-28,2020,9,28,chokepoint6,Strait of Hormuz,18,21,11,1,44,51,95,457478,584577,25686,9416,2403246,1077159,3480406,15532
2020-09-29,2020,9,29,chokepoint6,Strait of Hormuz,10,14,6,1,40,31,71,339264,471048,40493,0,1592143,850806,2442949,15535
2020-09-30,2020,9,30,chokepoint6,Strait of Hormuz,16,18,5,0,57,39,96,424399,822493,19438,0,2048238,1266331,3314569,15538
2020-10-01,2020,10,1,chokepoint6,Strait of Hormuz,17,16,3,2,51,38,89,522984,359620,6824,1524,2358370,890954,3249324,15541
2020-10-02,2020,10,2,chokepoint6,Strait of Hormuz,10,17,3,4,59,34,93,322049,497836,8533,0,2815671,828419,3644091,15544
2020-10-03,2020,10,3,chokepoint6,Strait of Hormuz,18,18,5,3,64,44,108,384912,724791,13483,0,3764264,1123187,4887452,15547
2020-10-04,2020,10,4,chokepoint6,Strait of Hormuz,11,18,2,3,51,34,85,513904,266015,41019,9912,1237139,830852,2067991,15550
2020-10-05,2020,10,5,chokepoint6,Strait of Hormuz,13,19,4,1,51,37,88,484801,693270,17188,0,2734681,1195260,3929941,15553
2020-10-06,2020,10,6,chokepoint6,Strait of Hormuz,10,9,3,0,73,22,95,336624,310321,5442,0,2748642,652388,3401031,15556
2020-10-07,2020,10,7,chokepoint6,Strait of Hormuz,12,15,5,2,59,34,93,519026,482394,7056,0,2703570,1008477,3712048,15559
2020-10-08,2020,10,8,chokepoint6,Strait of Hormuz,20,15,8,3,61,46,107,640021,493456,47893,2763,2520061,1184134,3704196,15562
2020-10-09,2020,10,9,chokepoint6,Strait of Hormuz,10,23,4,0,53,37,90,328976,621382,12106,0,3604504,962464,4566969,15565
2020-10-10,2020,10,10,chokepoint6,Strait of Hormuz,10,22,6,0,50,38,88,409202,561390,13310,0,1962124,983902,2946026,15567
2020-10-11,2020,10,11,chokepoint6,Strait of Hormuz,15,16,4,1,41,36,77,564855,480241,23620,2522,1327772,1071238,2399011,15572
2020-10-12,2020,10,12,chokepoint6,Strait of Hormuz,15,13,1,1,45,30,75,411417,447179,0,5471,1422285,864067,2286353,15575
2020-10-13,2020,10,13,chokepoint6,Strait of Hormuz,15,13,3,0,41,31,72,653328,455007,31531,0,1610421,1139867,2750288,15578
2020-10-14,2020,10,14,chokepoint6,Strait of Hormuz,8,13,0,0,40,21,61,464516,390971,0,0,1208268,855488,2063756,15581
2020-10-15,2020,10,15,chokepoint6,Strait of Hormuz,10,18,2,2,68,32,100,200788,298455,6832,3496,3961997,509572,4471569,15584
2020-10-16,2020,10,16,chokepoint6,Strait of Hormuz,12,14,1,2,47,29,76,463992,349912,13121,11397,2727421,838424,3565846,15587
2020-10-17,2020,10,17,chokepoint6,Strait of Hormuz,10,22,3,2,47,37,84,442858,649444,2117,0,2788877,1094421,3883299,15590
2020-10-18,2020,10,18,chokepoint6,Strait of Hormuz,5,11,0,6,58,22,80,53800,371326,0,15999,2603682,441126,3044809,15593
2020-10-19,2020,10,19,chokepoint6,Strait of Hormuz,15,14,6,1,44,36,80,707199,341340,30456,6087,1952080,1085084,3037164,15596
2020-10-20,2020,10,20,chokepoint6,Strait of Hormuz,10,16,11,1,51,38,89,341355,772745,20778,1260,1959907,1136139,3096047,15599
2020-10-21,2020,10,21,chokepoint6,Strait of Hormuz,17,13,1,1,60,32,92,772078,505818,2830,3209,2816353,1283935,4100289,15602
2020-10-22,2020,10,22,chokepoint6,Strait of Hormuz,9,16,3,3,52,31,83,271914,419120,22958,8787,2573631,722780,3296412,15605
2020-10-23,2020,10,23,chokepoint6,Strait of Hormuz,14,26,4,4,59,48,107,599589,949536,5919,4342,2636260,1559387,4195648,15608
2020-10-24,2020,10,24,chokepoint6,Strait of Hormuz,12,16,6,2,63,36,99,331652,446839,67603,0,2378150,846095,3224245,15611
2020-10-25,2020,10,25,chokepoint6,Strait of Hormuz,12,14,2,2,46,30,76,320981,573825,4958,3126,2457165,902892,3360057,15614
2020-10-26,2020,10,26,chokepoint6,Strait of Hormuz,15,20,5,2,60,42,102,568177,767546,62925,6584,2307375,1405233,3712609,15626
2020-10-27,2020,10,27,chokepoint6,Strait of Hormuz,13,17,4,2,57,36,93,398533,368704,6236,4660,1826288,778135,2604424,15628
2020-10-28,2020,10,28,chokepoint6,Strait of Hormuz,18,13,0,3,53,34,87,439311,108066,0,12821,1366325,560199,1926524,15630
2020-10-29,2020,10,29,chokepoint6,Strait of Hormuz,14,16,2,1,41,33,74,547247,527061,35937,1260,2141110,1111506,3252617,15633
2020-10-30,2020,10,30,chokepoint6,Strait of Hormuz,9,17,4,2,59,32,91,413521,497419,18062,6971,2319627,935975,3255603,15636
2020-10-31,2020,10,31,chokepoint6,Strait of Hormuz,20,17,5,1,44,43,87,806930,523651,35964,0,2653425,1366546,4019972,15639
2020-11-01,2020,11,1,chokepoint6,Strait of Hormuz,16,14,6,2,56,38,94,313822,523390,31539,0,3811060,868752,4679812,15642
2020-11-02,2020,11,2,chokepoint6,Strait of Hormuz,12,12,5,1,58,30,88,515957,422331,19934,0,3056124,958224,4014348,15645
2020-11-03,2020,11,3,chokepoint6,Strait of Hormuz,8,12,3,3,50,26,76,337636,405537,5445,6905,2971056,755525,3726581,15648
2020-11-04,2020,11,4,chokepoint6,Strait of Hormuz,14,20,4,0,49,38,87,374093,428276,13970,0,2729630,816340,3545970,15651
2020-11-05,2020,11,5,chokepoint6,Strait of Hormuz,17,16,5,3,49,41,90,569210,504710,12188,2181,2149164,1088290,3237455,15654
2020-11-06,2020,11,6,chokepoint6,Strait of Hormuz,12,11,2,2,43,27,70,392404,390090,8975,10147,1036745,801618,1838363,15657
2020-11-07,2020,11,7,chokepoint6,Strait of Hormuz,13,15,3,0,48,31,79,408795,250786,7012,0,2592207,666594,3258802,15660
2020-11-08,2020,11,8,chokepoint6,Strait of Hormuz,10,8,2,1,50,21,71,351642,325603,3329,2693,2825924,683269,3509194,15663
2020-11-09,2020,11,9,chokepoint6,Strait of Hormuz,11,10,5,0,44,26,70,445928,262703,14629,0,2316892,723260,3040153,15666
2020-11-10,2020,11,10,chokepoint6,Strait of Hormuz,12,16,3,2,61,33,94,327769,478590,1960,0,1953994,808319,2762314,15667
2020-11-11,2020,11,11,chokepoint6,Strait of Hormuz,12,20,3,1,55,36,91,512363,468055,24397,0,2881937,1004816,3886754,15668
2020-11-12,2020,11,12,chokepoint6,Strait of Hormuz,9,12,2,3,52,26,78,549005,510176,4874,9107,1584961,1073163,2658125,15669
2020-11-13,2020,11,13,chokepoint6,Strait of Hormuz,8,11,1,3,39,23,62,400817,486659,2286,2877,1962871,892641,2855512,15670
2020-11-14,2020,11,14,chokepoint6,Strait of Hormuz,7,14,2,0,35,23,58,206787,426788,23639,0,1357816,657215,2015032,15671
2020-11-15,2020,11,15,chokepoint6,Strait of Hormuz,10,10,4,0,35,24,59,512542,221974,47957,0,493426,782474,1275901,15672
2020-11-16,2020,11,16,chokepoint6,Strait of Hormuz,8,17,0,1,33,26,59,448829,326134,0,6384,1201530,781348,1982879,15674
2020-11-17,2020,11,17,chokepoint6,Strait of Hormuz,9,12,2,1,43,24,67,177198,241396,1206,0,1614011,419801,2033813,15675
2020-11-18,2020,11,18,chokepoint6,Strait of Hormuz,7,9,3,4,43,23,66,393190,337966,36144,13216,1409489,780518,2190007,15676
2020-11-19,2020,11,19,chokepoint6,Strait of Hormuz,9,16,2,1,41,28,69,305521,520813,5250,0,592202,831585,1423787,15677
2020-11-20,2020,11,20,chokepoint6,Strait of Hormuz,11,17,3,2,36,33,69,516737,587363,1089,11509,1012158,1116700,2128858,15680
2020-11-21,2020,11,21,chokepoint6,Strait of Hormuz,12,12,3,0,42,27,69,252264,325073,6356,0,2005408,583694,2589102,15683
2020-11-22,2020,11,22,chokepoint6,Strait of Hormuz,9,16,2,0,41,27,68,332318,674198,5039,0,1422519,1011556,2434076,15686
2020-11-23,2020,11,23,chokepoint6,Strait of Hormuz,8,9,3,2,35,22,57,141078,436010,7277,4826,601609,589192,1190801,15689
2020-11-24,2020,11,24,chokepoint6,Strait of Hormuz,10,14,5,0,31,29,60,538183,529894,22381,0,731153,1090459,1821612,15692
2020-11-25,2020,11,25,chokepoint6,Strait of Hormuz,12,12,2,1,49,27,76,472875,364393,4586,4110,1168443,845965,2014408,15695
2020-11-26,2020,11,26,chokepoint6,Strait of Hormuz,7,13,0,1,37,21,58,404911,495551,0,0,976617,900462,1877080,15698
2020-11-27,2020,11,27,chokepoint6,Strait of Hormuz,7,14,7,1,49,29,78,451588,461350,67122,0,1634269,980060,2614330,15701
2020-11-28,2020,11,28,chokepoint6,Strait of Hormuz,8,9,3,2,49,22,71,360833,266892,2996,3819,1354624,634541,1989166,15704
2020-11-29,2020,11,29,chokepoint6,Strait of Hormuz,8,8,2,2,38,20,58,533251,68626,994,8171,900213,611044,1511257,15707
2020-11-30,2020,11,30,chokepoint6,Strait of Hormuz,9,14,2,2,40,27,67,508987,552592,39629,0,610431,1101209,1711640,15710
2020-12-01,2020,12,1,chokepoint6,Strait of Hormuz,11,13,6,2,37,32,69,371199,317935,28809,0,1266067,717944,1984011,15713
2020-12-02,2020,12,2,chokepoint6,Strait of Hormuz,14,12,3,2,55,31,86,433677,447072,27250,9523,2466662,917524,3384187,15716
2020-12-03,2020,12,3,chokepoint6,Strait of Hormuz,10,14,4,2,63,30,93,414223,404032,19203,0,3703107,837459,4540567,15717
2020-12-04,2020,12,4,chokepoint6,Strait of Hormuz,11,9,6,4,53,30,83,614478,321447,11141,0,2369792,947067,3316860,15718
2020-12-05,2020,12,5,chokepoint6,Strait of Hormuz,14,6,4,0,49,24,73,439327,321857,8949,0,2829135,770134,3599269,15719
2020-12-06,2020,12,6,chokepoint6,Strait of Hormuz,11,6,3,0,30,20,50,537641,113834,11438,0,1607686,662914,2270600,15720
2020-12-07,2020,12,7,chokepoint6,Strait of Hormuz,6,10,1,0,49,17,66,231196,302028,0,0,1925296,533224,2458520,15721
2020-12-08,2020,12,8,chokepoint6,Strait of Hormuz,13,11,4,1,34,29,63,316126,239061,4751,0,447666,559939,1007606,15722
2020-12-09,2020,12,9,chokepoint6,Strait of Hormuz,7,15,0,0,40,22,62,264137,347331,0,0,1751420,611468,2362888,15724
2020-12-10,2020,12,10,chokepoint6,Strait of Hormuz,11,13,1,1,37,26,63,433495,653980,0,0,1022081,1087475,2109557,15725
2020-12-11,2020,12,11,chokepoint6,Strait of Hormuz,8,10,2,1,46,21,67,334318,308256,0,0,2480190,642575,3122765,15729
2020-12-12,2020,12,12,chokepoint6,Strait of Hormuz,2,13,2,2,39,19,58,131025,457182,3461,4988,1329573,596658,1926231,15732
2020-12-13,2020,12,13,chokepoint6,Strait of Hormuz,7,14,4,2,38,27,65,159618,347691,5229,0,432260,512538,944799,15735
2020-12-14,2020,12,14,chokepoint6,Strait of Hormuz,12,9,0,2,42,23,65,375159,110073,0,5359,915029,490593,1405622,15738
2020-12-15,2020,12,15,chokepoint6,Strait of Hormuz,13,13,2,2,34,30,64,371253,542095,19607,4784,1496545,937741,2434287,15741
2020-12-16,2020,12,16,chokepoint6,Strait of Hormuz,11,19,4,1,36,35,71,494760,583174,4994,0,1418588,1082930,2501518,15744
2020-12-17,2020,12,17,chokepoint6,Strait of Hormuz,9,5,2,1,48,17,65,586844,79440,7001,0,1761503,673286,2434789,15747
2020-12-18,2020,12,18,chokepoint6,Strait of Hormuz,5,17,2,2,33,26,59,337917,454056,1881,0,1098811,793855,1892666,15750
2020-12-19,2020,12,19,chokepoint6,Strait of Hormuz,9,13,4,2,37,28,65,220104,440789,8726,3454,1073779,673075,1746855,15753
2020-12-20,2020,12,20,chokepoint6,Strait of Hormuz,15,9,1,1,43,26,69,539806,147939,0,8102,1437592,695848,2133441,15756
2020-12-21,2020,12,21,chokepoint6,Strait of Hormuz,8,12,2,0,41,22,63,371274,219229,0,0,1724767,590503,2315271,15759
2020-12-22,2020,12,22,chokepoint6,Strait of Hormuz,9,6,2,2,38,19,57,415502,133753,5402,0,1908846,554658,2463505,15762
2020-12-23,2020,12,23,chokepoint6,Strait of Hormuz,14,10,2,3,43,29,72,517607,295206,2200,12539,1993359,827554,2820914,15765
2020-12-24,2020,12,24,chokepoint6,Strait of Hormuz,10,11,1,1,41,23,64,262926,142874,7799,0,943547,413599,1357147,15767
2020-12-25,2020,12,25,chokepoint6,Strait of Hormuz,11,15,6,2,40,34,74,470512,320792,30404,9660,2001170,831369,2832540,15771
2020-12-26,2020,12,26,chokepoint6,Strait of Hormuz,11,5,0,0,54,16,70,190697,105002,0,0,1031176,295700,1326876,15774
2020-12-27,2020,12,27,chokepoint6,Strait of Hormuz,8,9,2,0,41,19,60,323737,186219,25212,0,1419298,535169,1954467,15777
2020-12-28,2020,12,28,chokepoint6,Strait of Hormuz,15,16,0,1,34,32,66,536117,322599,0,6223,497814,864940,1362755,15780
2020-12-29,2020,12,29,chokepoint6,Strait of Hormuz,6,11,2,1,43,20,63,173136,495927,0,2861,1560009,671926,2231935,15783
2020-12-30,2020,12,30,chokepoint6,Strait of Hormuz,11,14,4,4,52,33,85,436582,163772,22494,11233,1510371,634083,2144454,15786
2020-12-31,2020,12,31,chokepoint6,Strait of Hormuz,17,8,3,1,42,29,71,527399,273576,5808,0,2225421,806785,3032206,15789
2021-03-01,2021,3,1,chokepoint6,Strait of Hormuz,15,12,1,2,47,30,77,481444,312995,7036,0,1675706,801476,2477182,14004
2021-03-02,2021,3,2,chokepoint6,Strait of Hormuz,14,16,2,3,40,35,75,442573,477205,12859,6802,2157780,939440,3097220,14406
2021-03-03,2021,3,3,chokepoint6,Strait of Hormuz,13,17,4,1,48,35,83,816708,500439,16124,0,2067718,1333272,3400990,14409
2021-03-04,2021,3,4,chokepoint6,Strait of Hormuz,10,8,4,0,51,22,73,492115,277510,12138,0,2494818,781764,3276583,14411
2021-03-05,2021,3,5,chokepoint6,Strait of Hormuz,11,16,0,1,40,28,68,477260,654620,0,1790,1919734,1133671,3053406,14412
2021-03-06,2021,3,6,chokepoint6,Strait of Hormuz,16,13,6,1,39,36,75,519145,328405,38143,0,2367935,885694,3253630,14413
2021-03-07,2021,3,7,chokepoint6,Strait of Hormuz,5,9,1,2,32,17,49,216107,210318,3548,9664,1311374,439638,1751012,14414
2021-03-08,2021,3,8,chokepoint6,Strait of Hormuz,12,15,4,4,47,35,82,312897,604905,37305,7257,1987096,962365,2949461,14415
2021-03-09,2021,3,9,chokepoint6,Strait of Hormuz,13,16,4,4,53,37,90,268263,442119,11012,13146,2063924,734542,2798466,14416
2021-03-10,2021,3,10,chokepoint6,Strait of Hormuz,6,10,2,0,39,18,57,247803,138044,17467,0,1412578,403315,1815894,14417
2021-03-11,2021,3,11,chokepoint6,Strait of Hormuz,14,9,2,2,60,27,87,693811,359605,20344,7636,4460096,1081398,5541494,14418
2021-03-12,2021,3,12,chokepoint6,Strait of Hormuz,12,13,0,0,46,25,71,503966,580258,0,0,2100366,1084225,3184592,14419
2021-03-13,2021,3,13,chokepoint6,Strait of Hormuz,9,12,4,1,37,26,63,412274,182666,53493,6223,1862449,654657,2517107,14420
2021-03-14,2021,3,14,chokepoint6,Strait of Hormuz,7,9,4,0,42,20,62,179692,343152,3409,0,1603221,526254,2129475,14421
2021-03-15,2021,3,15,chokepoint6,Strait of Hormuz,12,21,1,2,50,36,86,526236,458491,6491,0,2473848,991219,3465067,14422
2021-03-16,2021,3,16,chokepoint6,Strait of Hormuz,15,18,1,2,54,36,90,421382,654346,7610,4214,2787359,1087554,3874913,14423
2021-03-17,2021,3,17,chokepoint6,Strait of Hormuz,16,11,0,1,43,28,71,637342,211996,0,0,2632156,849338,3481495,14424
2021-03-18,2021,3,18,chokepoint6,Strait of Hormuz,11,12,3,0,50,26,76,515242,353321,22115,0,2006358,890678,2897037,14425
2021-03-19,2021,3,19,chokepoint6,Strait of Hormuz,12,15,4,2,50,33,83,369536,578357,66130,2788,2469369,1016813,3486183,14426
2021-03-20,2021,3,20,chokepoint6,Strait of Hormuz,9,19,4,5,39,37,76,271189,537192,31118,6595,2113683,846096,2959780,14427
2021-03-21,2021,3,21,chokepoint6,Strait of Hormuz,10,11,4,0,46,25,71,461001,121452,8940,0,2800964,591394,3392359,14428
2021-03-22,2021,3,22,chokepoint6,Strait of Hormuz,8,10,3,1,46,22,68,306826,327500,17006,0,1590478,651333,2241811,14429
2021-03-23,2021,3,23,chokepoint6,Strait of Hormuz,16,18,3,8,45,45,90,423052,722226,13240,13623,1963706,1172142,3135848,14430
2021-03-24,2021,3,24,chokepoint6,Strait of Hormuz,17,14,1,1,57,33,90,512662,374293,6792,0,3784755,893749,4678504,14431
2021-03-25,2021,3,25,chokepoint6,Strait of Hormuz,17,12,1,2,55,32,87,659647,328327,424,4380,1864153,992780,2856933,14432
2021-03-26,2021,3,26,chokepoint6,Strait of Hormuz,9,9,3,0,37,21,58,355745,224686,16311,0,1284689,596743,1881433,14433
2021-03-27,2021,3,27,chokepoint6,Strait of Hormuz,10,13,3,4,53,30,83,288278,452768,11659,3635,2011605,756341,2767946,14434
2021-03-28,2021,3,28,chokepoint6,Strait of Hormuz,12,13,2,0,46,27,73,524315,443002,14818,0,1839236,982136,2821373,14435
2021-03-29,2021,3,29,chokepoint6,Strait of Hormuz,11,10,7,3,48,31,79,366752,326310,34361,6765,1294486,734191,2028677,14436
2021-03-30,2021,3,30,chokepoint6,Strait of Hormuz,15,14,5,3,59,37,96,524452,588179,18458,9022,2761403,1140112,3901516,14437
2021-03-31,2021,3,31,chokepoint6,Strait of Hormuz,16,16,5,2,53,39,92,507018,458636,4231,5041,1934866,974928,2909794,14438
2021-04-01,2021,4,1,chokepoint6,Strait of Hormuz,20,23,4,0,57,47,104,548680,1081498,38403,0,2321112,1668582,3989695,14439
2021-04-02,2021,4,2,chokepoint6,Strait of Hormuz,11,16,2,1,52,30,82,242031,571476,3857,0,2787221,817366,3604587,14440
2021-04-03,2021,4,3,chokepoint6,Strait of Hormuz,14,15,6,3,67,38,105,335902,661677,84320,4602,4605982,1086503,5692486,14441
2021-04-04,2021,4,4,chokepoint6,Strait of Hormuz,13,12,4,2,58,31,89,333768,289361,26753,0,3091750,649883,3741633,14442
2021-04-05,2021,4,5,chokepoint6,Strait of Hormuz,8,12,2,0,54,22,76,217133,334825,5196,0,2293992,557155,2851148,14443
2021-04-06,2021,4,6,chokepoint6,Strait of Hormuz,13,18,0,2,29,33,62,570019,559101,0,3575,1111124,1132696,2243820,14444
2021-04-07,2021,4,7,chokepoint6,Strait of Hormuz,16,19,0,4,71,39,110,467066,598085,0,3267,3102953,1068419,4171373,14445
2021-04-08,2021,4,8,chokepoint6,Strait of Hormuz,9,16,8,1,66,34,100,198853,622409,65823,0,2987489,887087,3874577,14446
2021-04-09,2021,4,9,chokepoint6,Strait of Hormuz,22,19,3,3,71,47,118,1074431,545978,3948,6132,2667742,1630491,4298233,14447
2021-04-10,2021,4,10,chokepoint6,Strait of Hormuz,10,19,5,2,56,36,92,183785,925986,15634,10794,1614784,1136201,2750985,14448
2021-04-11,2021,4,11,chokepoint6,Strait of Hormuz,13,13,4,1,53,31,84,346068,303119,38989,0,2124659,688177,2812837,14449
2021-04-12,2021,4,12,chokepoint6,Strait of Hormuz,9,15,4,3,43,31,74,357148,383673,8919,10996,2756777,760738,3517515,14450
2021-04-13,2021,4,13,chokepoint6,Strait of Hormuz,10,14,2,2,48,28,76,408819,523240,19717,6038,2582023,957815,3539839,14451
2021-04-14,2021,4,14,chokepoint6,Strait of Hormuz,10,7,4,1,38,22,60,263472,241234,32762,0,1491070,537468,2028538,14452
2021-04-15,2021,4,15,chokepoint6,Strait of Hormuz,17,14,4,2,48,37,85,654382,538352,46147,2177,2525731,1241059,3766791,14453
2021-04-16,2021,4,16,chokepoint6,Strait of Hormuz,17,15,2,2,60,36,96,622172,758540,3821,10550,2847061,1395085,4242146,14454
2021-04-17,2021,4,17,chokepoint6,Strait of Hormuz,19,14,1,0,60,34,94,669090,637372,0,0,3229953,1306462,4536416,14455
2021-04-18,2021,4,18,chokepoint6,Strait of Hormuz,12,21,4,2,50,39,89,292607,665692,13264,0,3120327,971565,4091892,14456
2021-04-19,2021,4,19,chokepoint6,Strait of Hormuz,16,17,4,0,53,37,90,595151,713204,13115,0,2852143,1321471,4173614,14457
2021-04-20,2021,4,20,chokepoint6,Strait of Hormuz,13,19,4,2,63,38,101,406617,819405,26872,0,3946676,1252895,5199571,14458
2021-04-21,2021,4,21,chokepoint6,Strait of Hormuz,20,12,3,10,57,45,102,618164,338667,7696,14610,2496372,979139,3475511,14459
2021-04-22,2021,4,22,chokepoint6,Strait of Hormuz,19,15,5,3,59,42,101,617891,437958,3606,6154,2870567,1065612,3936179,14460
2021-04-23,2021,4,23,chokepoint6,Strait of Hormuz,14,20,2,0,53,36,89,409552,695278,6037,0,2010361,1110868,3121229,14463
2021-04-24,2021,4,24,chokepoint6,Strait of Hormuz,14,27,4,2,59,47,106,293925,1165395,55501,3959,2923971,1518782,4442753,14464
2021-04-25,2021,4,25,chokepoint6,Strait of Hormuz,15,13,3,1,46,32,78,510063,204420,7369,0,2252586,721853,2974439,14465
2021-04-26,2021,4,26,chokepoint6,Strait of Hormuz,11,10,3,3,47,27,74,426677,248425,17236,0,3205697,692339,3898036,14466
2021-04-27,2021,4,27,chokepoint6,Strait of Hormuz,12,17,6,1,46,36,82,397016,388424,104677,0,2409523,890118,3299642,14467
2021-04-28,2021,4,28,chokepoint6,Strait of Hormuz,14,14,1,3,51,32,83,384896,533468,6491,15368,2563039,940224,3503264,14468
2021-04-29,2021,4,29,chokepoint6,Strait of Hormuz,9,11,5,2,41,27,68,294226,216707,71728,12351,1309493,595014,1904507,14469
2021-04-30,2021,4,30,chokepoint6,Strait of Hormuz,17,17,3,0,38,37,75,626039,497547,28218,0,1659277,1151806,2811083,14470
2021-05-01,2021,5,1,chokepoint6,Strait of Hormuz,15,14,5,2,31,36,67,437000,426639,10883,8166,1412972,882689,2295662,14471
2021-05-02,2021,5,2,chokepoint6,Strait of Hormuz,12,11,2,1,56,26,82,278699,343739,9604,0,2398303,632043,3030347,14472
2021-05-03,2021,5,3,chokepoint6,Strait of Hormuz,7,13,2,0,62,22,84,259909,472723,8381,0,2606469,741014,3347483,14473
2021-05-04,2021,5,4,chokepoint6,Strait of Hormuz,11,13,6,6,44,36,80,249411,307554,97008,6959,1558580,660934,2219514,14474
2021-05-05,2021,5,5,chokepoint6,Strait of Hormuz,9,9,1,2,42,21,63,477670,247632,226,7573,2227486,733103,2960589,14475
2021-05-06,2021,5,6,chokepoint6,Strait of Hormuz,12,16,4,1,57,33,90,337472,491540,28335,0,4682992,857348,5540341,14476
2021-05-07,2021,5,7,chokepoint6,Strait of Hormuz,20,13,3,2,60,38,98,738896,521257,16901,0,2528482,1277055,3805538,14477
2021-05-08,2021,5,8,chokepoint6,Strait of Hormuz,11,19,3,2,62,35,97,331367,1099546,17850,0,2563236,1448764,4012000,14478
2021-05-09,2021,5,9,chokepoint6,Strait of Hormuz,11,10,2,1,52,24,76,534774,544117,9692,0,2099726,1088584,3188311,14479
2021-05-10,2021,5,10,chokepoint6,Strait of Hormuz,14,22,2,3,49,41,90,463660,427998,29410,7884,2792393,928954,3721347,14480
2021-05-11,2021,5,11,chokepoint6,Strait of Hormuz,14,24,3,3,57,44,101,327220,710360,8897,3128,3139323,1049607,4188931,14481
2021-05-12,2021,5,12,chokepoint6,Strait of Hormuz,18,21,4,2,57,45,102,749999,796054,29649,8076,3115561,1583779,4699341,14482
2021-05-13,2021,5,13,chokepoint6,Strait of Hormuz,10,13,5,3,70,31,101,180008,424775,37982,6429,3203837,649196,3853034,14483
2021-05-14,2021,5,14,chokepoint6,Strait of Hormuz,17,10,4,1,56,32,88,517991,79262,20627,0,2890749,617880,3508630,14484
2021-05-15,2021,5,15,chokepoint6,Strait of Hormuz,7,7,0,0,46,14,60,238568,366531,0,0,2959467,605100,3564568,14485
2021-05-16,2021,5,16,chokepoint6,Strait of Hormuz,13,15,8,0,43,36,79,544744,649800,49008,0,1699206,1243553,2942759,14486
2021-05-17,2021,5,17,chokepoint6,Strait of Hormuz,11,20,2,4,44,37,81,302786,583538,4726,11258,1644609,902310,2546920,14487
2021-05-18,2021,5,18,chokepoint6,Strait of Hormuz,13,9,4,1,54,27,81,289325,252796,1137,2577,3689787,545837,4235625,14488
2021-05-19,2021,5,19,chokepoint6,Strait of Hormuz,12,15,3,4,51,34,85,326922,536179,7337,12673,2324959,883112,3208072,14489
2021-05-20,2021,5,20,chokepoint6,Strait of Hormuz,10,16,5,2,50,33,83,537662,338004,19427,3367,2931393,898460,3829854,14490
2021-05-21,2021,5,21,chokepoint6,Strait of Hormuz,15,20,4,1,50,40,90,454824,986730,11956,0,2773481,1453511,4226992,14491
2021-05-22,2021,5,22,chokepoint6,Strait of Hormuz,13,17,1,1,57,32,89,320421,1005685,4904,0,2988823,1331012,4319835,14492
2021-05-23,2021,5,23,chokepoint6,Strait of Hormuz,9,10,5,1,55,25,80,262201,258779,43342,5189,2165925,569513,2735439,14493
2021-05-24,2021,5,24,chokepoint6,Strait of Hormuz,13,13,5,4,56,35,91,281378,621791,16465,7159,2436010,926794,3362804,14494
2021-05-25,2021,5,25,chokepoint6,Strait of Hormuz,14,11,2,3,47,30,77,500734,377092,7273,0,2797383,885101,3682485,14495
2021-05-26,2021,5,26,chokepoint6,Strait of Hormuz,13,10,3,2,52,28,80,412962,251914,24859,1910,1712252,691646,2403899,14496
2021-05-27,2021,5,27,chokepoint6,Strait of Hormuz,18,10,3,1,57,32,89,721766,350857,59227,5475,2858255,1137327,3995583,14497
2021-05-28,2021,5,28,chokepoint6,Strait of Hormuz,12,21,4,1,43,38,81,549607,739058,16223,0,1444820,1304889,2749709,14498
2021-05-29,2021,5,29,chokepoint6,Strait of Hormuz,13,18,2,3,60,36,96,388299,956805,8502,3526,2069954,1357135,3427090,14499
2021-05-30,2021,5,30,chokepoint6,Strait of Hormuz,10,14,1,1,60,26,86,512191,462758,0,5436,2854762,980386,3835149,14500
2021-05-31,2021,5,31,chokepoint6,Strait of Hormuz,16,16,5,0,54,37,91,552152,823415,25597,0,2701198,1401166,4102364,14501
2021-06-01,2021,6,1,chokepoint6,Strait of Hormuz,16,25,1,1,60,43,103,513669,829927,5676,0,3196673,1349273,4545946,14502
2021-06-02,2021,6,2,chokepoint6,Strait of Hormuz,14,9,3,2,58,28,86,452797,470390,6495,0,2251731,929683,3181415,14503
2021-06-03,2021,6,3,chokepoint6,Strait of Hormuz,14,13,3,3,62,33,95,304620,516152,11503,10895,2864141,843171,3707313,14504
2021-06-04,2021,6,4,chokepoint6,Strait of Hormuz,16,20,0,5,56,41,97,599203,479630,0,0,3133646,1078833,4212480,14505
2021-06-05,2021,6,5,chokepoint6,Strait of Hormuz,19,17,2,2,59,40,99,633070,608386,2306,0,3902291,1243762,5146053,14506
2021-06-06,2021,6,6,chokepoint6,Strait of Hormuz,16,22,1,2,45,41,86,639607,1035066,7799,0,1794116,1682473,3476590,14507
2021-06-07,2021,6,7,chokepoint6,Strait of Hormuz,14,9,1,1,61,25,86,302346,356757,1554,0,2747838,660658,3408497,14508
2021-06-08,2021,6,8,chokepoint6,Strait of Hormuz,10,12,1,2,59,25,84,312888,423087,1391,6032,3048615,743400,3792016,14509
2021-06-09,2021,6,9,chokepoint6,Strait of Hormuz,16,20,4,0,51,40,91,636363,750864,31208,0,2755056,1418435,4173492,14510
2021-06-10,2021,6,10,chokepoint6,Strait of Hormuz,16,24,5,3,46,48,94,488496,753145,29630,2374,2503403,1273645,3777048,14511
2021-06-11,2021,6,11,chokepoint6,Strait of Hormuz,13,17,4,1,62,35,97,522822,348768,12579,0,2595626,884170,3479796,14512
2021-06-12,2021,6,12,chokepoint6,Strait of Hormuz,21,18,5,1,49,45,94,698068,625383,37667,0,2443412,1361119,3804532,14513
2021-06-13,2021,6,13,chokepoint6,Strait of Hormuz,11,14,3,3,60,31,91,509996,485325,27157,0,2470478,1022479,3492957,14514
2021-06-14,2021,6,14,chokepoint6,Strait of Hormuz,15,16,3,2,48,36,84,593061,626758,13008,4311,3110138,1237140,4347278,14515
2021-06-15,2021,6,15,chokepoint6,Strait of Hormuz,14,17,4,1,50,36,86,340005,742879,14089,0,2399313,1096974,3496288,14516
2021-06-16,2021,6,16,chokepoint6,Strait of Hormuz,18,18,5,2,58,43,101,522225,583660,3537,3229,2510015,1112652,3622667,14517
2021-06-17,2021,6,17,chokepoint6,Strait of Hormuz,10,15,4,1,57,30,87,242863,682915,19708,3813,2796685,949301,3745986,14518
2021-06-18,2021,6,18,chokepoint6,Strait of Hormuz,15,10,2,1,72,28,100,566915,254569,18454,0,3631284,839939,4471223,14519
2021-06-19,2021,6,19,chokepoint6,Strait of Hormuz,17,16,0,1,51,34,85,525284,732510,0,0,2640046,1257795,3897841,14520
2021-06-20,2021,6,20,chokepoint6,Strait of Hormuz,12,15,7,2,51,36,87,431853,985011,40490,6223,2485052,1463578,3948631,14521
2021-06-21,2021,6,21,chokepoint6,Strait of Hormuz,9,16,2,0,60,27,87,269208,533027,11282,0,2933255,813518,3746774,14522
2021-06-22,2021,6,22,chokepoint6,Strait of Hormuz,15,14,4,1,61,34,95,512626,503773,28501,4452,2620362,1049354,3669716,14523
2021-06-23,2021,6,23,chokepoint6,Strait of Hormuz,16,16,2,6,58,40,98,640398,475969,11085,7724,3430487,1135177,4565664,14524
2021-06-24,2021,6,24,chokepoint6,Strait of Hormuz,15,12,2,3,53,32,85,238709,398289,11375,4406,2035783,652781,2688565,14525
2021-06-25,2021,6,25,chokepoint6,Strait of Hormuz,13,19,3,3,68,38,106,524595,642315,7665,1969,2951576,1176546,4128123,14526
2021-06-26,2021,6,26,chokepoint6,Strait of Hormuz,10,18,3,3,48,34,82,292368,913571,5184,2617,2143153,1213742,3356896,14527
2021-06-27,2021,6,27,chokepoint6,Strait of Hormuz,12,11,2,0,52,25,77,325431,223049,1318,0,3341456,549800,3891256,14528
2021-06-28,2021,6,28,chokepoint6,Strait of Hormuz,15,15,2,1,63,33,96,608283,722483,12314,5471,3803367,1348553,5151921,14529
2021-06-29,2021,6,29,chokepoint6,Strait of Hormuz,16,16,1,1,50,34,84,520231,406937,4947,0,2044900,932115,2977016,14530
2021-06-30,2021,6,30,chokepoint6,Strait of Hormuz,12,13,5,2,55,32,87,348975,363963,20527,10443,2295566,743910,3039477,14531
2021-07-01,2021,7,1,chokepoint6,Strait of Hormuz,18,15,6,2,57,41,98,565532,754763,22013,0,2193173,1342309,3535483,14532
2021-07-02,2021,7,2,chokepoint6,Strait of Hormuz,20,11,1,0,60,32,92,619088,179349,3297,0,2755884,801736,3557620,14533
2021-07-03,2021,7,3,chokepoint6,Strait of Hormuz,17,14,6,2,49,39,88,720541,346241,52722,0,3493237,1119504,4612742,14534
2021-07-04,2021,7,4,chokepoint6,Strait of Hormuz,10,16,3,3,48,32,80,233338,712694,42127,0,2443569,988160,3431730,14535
2021-07-05,2021,7,5,chokepoint6,Strait of Hormuz,13,17,3,2,57,35,92,226545,959368,15825,1643,2920577,1203382,4123960,14536
2021-07-06,2021,7,6,chokepoint6,Strait of Hormuz,11,16,3,2,47,32,79,452782,364154,21546,8150,1654350,846633,2500984,14537
2021-07-07,2021,7,7,chokepoint6,Strait of Hormuz,19,18,1,6,65,44,109,561210,551263,0,15303,4122708,1127777,5250485,14538
2021-07-08,2021,7,8,chokepoint6,Strait of Hormuz,13,15,2,1,49,31,80,238840,668750,18770,16573,2205451,942934,3148386,14539
2021-07-09,2021,7,9,chokepoint6,Strait of Hormuz,19,14,3,5,58,41,99,757886,578820,2428,0,2510217,1339134,3849352,14540
2021-07-10,2021,7,10,chokepoint6,Strait of Hormuz,10,11,5,1,54,27,81,415882,495237,38002,0,2272225,949121,3221346,14541
2021-07-11,2021,7,11,chokepoint6,Strait of Hormuz,7,9,2,2,61,20,81,156103,220255,21456,1125,2804233,398940,3203174,14542
2021-07-12,2021,7,12,chokepoint6,Strait of Hormuz,13,12,3,2,55,30,85,383128,221101,4433,9023,1885082,617686,2502769,14543
2021-07-13,2021,7,13,chokepoint6,Strait of Hormuz,15,17,2,0,45,34,79,524537,653790,3331,0,2733790,1181659,3915450,14544
2021-07-14,2021,7,14,chokepoint6,Strait of Hormuz,13,15,1,2,61,31,92,392391,567870,16596,8992,2923780,985850,3909631,14545
2021-07-15,2021,7,15,chokepoint6,Strait of Hormuz,18,15,2,1,42,36,78,522518,498511,1810,3820,1957894,1026660,2984555,14546
2021-07-16,2021,7,16,chokepoint6,Strait of Hormuz,14,12,3,2,47,31,78,418026,273604,24810,3332,2573395,719773,3293169,14547
2021-07-17,2021,7,17,chokepoint6,Strait of Hormuz,10,11,1,2,60,24,84,294298,269179,17523,0,2257052,581001,2838054,14548
2021-07-18,2021,7,18,chokepoint6,Strait of Hormuz,8,12,2,1,52,23,75,140056,242335,5471,0,2229916,387863,2617779,14549
2021-07-19,2021,7,19,chokepoint6,Strait of Hormuz,16,13,5,1,60,35,95,573025,481953,29815,6845,3266740,1091640,4358381,14550
2021-07-20,2021,7,20,chokepoint6,Strait of Hormuz,14,14,1,1,63,30,93,538876,442821,8917,0,2333333,990615,3323948,14551
2021-07-21,2021,7,21,chokepoint6,Strait of Hormuz,11,10,7,0,57,28,85,367085,324855,18258,0,2507802,710199,3218002,14552
2021-07-22,2021,7,22,chokepoint6,Strait of Hormuz,14,14,0,3,50,31,81,337631,240582,0,8976,2148899,587190,2736089,14553
2021-07-23,2021,7,23,chokepoint6,Strait of Hormuz,14,18,0,1,68,33,101,487780,441161,0,3496,4171617,932438,5104055,14554
2021-07-24,2021,7,24,chokepoint6,Strait of Hormuz,15,17,6,2,42,40,82,556999,553583,35814,4660,2070366,1151057,3221424,14555
2021-07-25,2021,7,25,chokepoint6,Strait of Hormuz,9,10,2,3,54,24,78,639311,352762,25651,4091,2452583,1021817,3474400,14556
2021-07-26,2021,7,26,chokepoint6,Strait of Hormuz,15,17,4,2,57,38,95,537259,601395,19816,8400,3128817,1166872,4295690,14557
2021-07-27,2021,7,27,chokepoint6,Strait of Hormuz,13,18,1,4,66,36,102,275990,638527,0,16897,3413074,931415,4344489,14558
2021-07-28,2021,7,28,chokepoint6,Strait of Hormuz,16,12,1,1,68,30,98,486096,289715,145,0,3343229,775957,4119187,14559
2021-07-29,2021,7,29,chokepoint6,Strait of Hormuz,16,9,3,2,47,30,77,680067,446195,21545,0,2650936,1147808,3798745,14560
2021-07-30,2021,7,30,chokepoint6,Strait of Hormuz,18,18,2,0,55,38,93,658642,991531,34008,0,1699645,1684182,3383827,14561
2021-07-31,2021,7,31,chokepoint6,Strait of Hormuz,9,12,0,3,59,24,83,214118,426178,0,4175,3145026,644473,3789499,14562
2021-08-01,2021,8,1,chokepoint6,Strait of Hormuz,13,18,5,1,47,37,84,411087,572084,59858,0,1774376,1043030,2817406,14563
2021-08-02,2021,8,2,chokepoint6,Strait of Hormuz,12,12,3,1,56,28,84,409664,364742,21568,2596,2852021,798571,3650592,14564
2021-08-03,2021,8,3,chokepoint6,Strait of Hormuz,22,14,2,1,54,39,93,669319,353597,15947,4175,3160445,1043040,4203485,14565
2021-08-04,2021,8,4,chokepoint6,Strait of Hormuz,10,17,4,2,67,33,100,395184,409981,61713,4342,2940095,871221,3811317,14566
2021-08-05,2021,8,5,chokepoint6,Strait of Hormuz,10,22,2,3,54,37,91,181199,840285,9298,3579,2277176,1034362,3311539,14567
2021-08-06,2021,8,6,chokepoint6,Strait of Hormuz,15,18,2,4,61,39,100,445740,582618,999,9810,3043009,1039168,4082177,14568
2021-08-07,2021,8,7,chokepoint6,Strait of Hormuz,8,22,2,2,52,34,86,302369,1083909,16759,0,1285823,1403039,2688863,14569
2021-08-08,2021,8,8,chokepoint6,Strait of Hormuz,13,11,3,2,57,29,86,372487,328625,10463,2293,3685660,713871,4399531,14570
2021-08-09,2021,8,9,chokepoint6,Strait of Hormuz,10,22,4,2,52,38,90,326520,489143,22256,0,2641853,837920,3479774,14571
2021-08-10,2021,8,10,chokepoint6,Strait of Hormuz,13,15,2,0,52,30,82,261919,345497,9709,0,3287512,617125,3904638,14572
2021-08-11,2021,8,11,chokepoint6,Strait of Hormuz,14,13,2,2,40,31,71,416225,503946,366,8849,1633262,929388,2562650,14573
2021-08-12,2021,8,12,chokepoint6,Strait of Hormuz,16,15,2,4,50,37,87,533396,736895,21074,11857,2478300,1303224,3781524,14574
2021-08-13,2021,8,13,chokepoint6,Strait of Hormuz,11,19,5,4,56,39,95,439967,877738,56100,16966,3432709,1390772,4823482,14575
2021-08-14,2021,8,14,chokepoint6,Strait of Hormuz,17,15,6,1,55,39,94,367170,499730,29176,0,2772302,896077,3668380,14576
2021-08-15,2021,8,15,chokepoint6,Strait of Hormuz,7,20,4,1,50,32,82,199526,906608,3021,0,2832827,1109155,3941982,14577
2021-08-16,2021,8,16,chokepoint6,Strait of Hormuz,12,14,2,0,43,28,71,292826,626809,4831,0,1776994,924467,2701461,14578
2021-08-17,2021,8,17,chokepoint6,Strait of Hormuz,11,8,1,1,47,21,68,304578,255576,0,0,2313914,560154,2874069,14579
2021-08-18,2021,8,18,chokepoint6,Strait of Hormuz,7,5,4,3,39,19,58,321582,152071,28752,14676,2087545,517083,2604628,14580
2021-08-19,2021,8,19,chokepoint6,Strait of Hormuz,16,14,4,1,43,35,78,385126,423902,26514,2530,2447534,838074,3285609,14581
2021-08-20,2021,8,20,chokepoint6,Strait of Hormuz,6,10,1,4,56,21,77,189074,360160,0,13908,2960119,563143,3523262,14582
2021-08-21,2021,8,21,chokepoint6,Strait of Hormuz,17,19,3,1,65,40,105,665469,1075439,12973,0,4192322,1753883,5946205,14583
2021-08-22,2021,8,22,chokepoint6,Strait of Hormuz,13,14,3,2,46,32,78,366087,469317,7512,0,2300022,842917,3142939,14584
2021-08-23,2021,8,23,chokepoint6,Strait of Hormuz,13,14,3,4,54,34,88,404922,628365,30492,2608,2259872,1066388,3326261,14585
2021-08-24,2021,8,24,chokepoint6,Strait of Hormuz,16,14,4,1,50,35,85,320057,588277,20947,5211,2559577,934493,3494070,14586
2021-08-25,2021,8,25,chokepoint6,Strait of Hormuz,12,11,2,4,43,29,72,270265,282987,13980,4346,2384854,571579,2956434,14587
2021-08-26,2021,8,26,chokepoint6,Strait of Hormuz,12,17,5,1,64,35,99,318693,336888,38611,3496,2602929,697689,3300618,14588
2021-08-27,2021,8,27,chokepoint6,Strait of Hormuz,14,20,2,2,64,38,102,488281,646229,5532,0,2572343,1140043,3712386,14589
2021-08-28,2021,8,28,chokepoint6,Strait of Hormuz,13,18,3,1,50,35,85,325227,614600,17017,0,2036677,956846,2993524,14590
2021-08-29,2021,8,29,chokepoint6,Strait of Hormuz,14,17,3,2,50,36,86,526083,718117,3290,6223,2732600,1253714,3986315,14591
2021-08-30,2021,8,30,chokepoint6,Strait of Hormuz,17,11,3,1,56,32,88,395489,287020,2200,0,2524087,684711,3208798,14592
2021-08-31,2021,8,31,chokepoint6,Strait of Hormuz,12,15,4,2,57,33,90,414754,564113,27080,0,1931018,1005949,2936967,14593
2021-09-01,2021,9,1,chokepoint6,Strait of Hormuz,17,13,1,3,49,34,83,646302,565724,0,4961,2135299,1216989,3352288,14594
2021-09-02,2021,9,2,chokepoint6,Strait of Hormuz,9,19,2,3,62,33,95,369301,795871,21913,0,3326749,1187086,4513835,14595
2021-09-03,2021,9,3,chokepoint6,Strait of Hormuz,17,21,5,1,48,44,92,601583,604757,39855,2497,3007361,1248694,4256056,14596
2021-09-04,2021,9,4,chokepoint6,Strait of Hormuz,9,13,3,0,53,25,78,235269,411917,34146,0,2980218,681333,3661551,14597
2021-09-05,2021,9,5,chokepoint6,Strait of Hormuz,9,10,2,0,54,21,75,337836,346775,35992,0,3726588,720604,4447192,14598
2021-09-06,2021,9,6,chokepoint6,Strait of Hormuz,13,22,1,0,43,36,79,374762,726754,4558,0,3069650,1106075,4175725,14599
2021-09-07,2021,9,7,chokepoint6,Strait of Hormuz,10,14,1,3,51,28,79,325341,511100,999,2389,1880767,839831,2720599,14600
2021-09-08,2021,9,8,chokepoint6,Strait of Hormuz,17,15,2,1,55,35,90,414934,614614,10534,0,2464502,1040083,3504585,14601
2021-09-09,2021,9,9,chokepoint6,Strait of Hormuz,14,15,3,2,66,34,100,574021,626553,25368,5359,2803572,1231301,4034874,14602
2021-09-10,2021,9,10,chokepoint6,Strait of Hormuz,12,16,0,3,51,31,82,408817,597170,0,0,2654860,1005988,3660848,14603
2021-09-11,2021,9,11,chokepoint6,Strait of Hormuz,11,18,2,1,43,32,75,316921,422512,17402,4953,1494656,761790,2256446,14604
2021-09-12,2021,9,12,chokepoint6,Strait of Hormuz,17,9,0,2,51,28,79,541166,195220,0,2611,1814123,738998,2553122,14605
2021-09-13,2021,9,13,chokepoint6,Strait of Hormuz,11,12,2,0,51,25,76,416046,440625,18333,0,3085437,875005,3960442,14606
2021-09-14,2021,9,14,chokepoint6,Strait of Hormuz,20,17,3,1,54,41,95,557044,698678,41509,4665,2108665,1301897,3410563,14607
2021-09-15,2021,9,15,chokepoint6,Strait of Hormuz,14,17,1,5,59,37,96,671435,464114,2903,6330,3214897,1144784,4359681,14608
2021-09-16,2021,9,16,chokepoint6,Strait of Hormuz,17,23,2,3,66,45,111,704770,939725,2203,10209,3991710,1656909,5648620,14609
2021-09-17,2021,9,17,chokepoint6,Strait of Hormuz,12,20,1,2,53,35,88,286989,608632,0,0,2289872,895622,3185494,14610
2021-09-18,2021,9,18,chokepoint6,Strait of Hormuz,10,20,9,2,68,41,109,199742,423995,45622,4061,3444155,673422,4117577,14611
2021-09-19,2021,9,19,chokepoint6,Strait of Hormuz,9,12,4,1,58,26,84,498677,660007,32179,3890,2559282,1194755,3754037,14612
2021-09-20,2021,9,20,chokepoint6,Strait of Hormuz,11,15,2,0,56,28,84,263587,384131,40150,0,2283984,687869,2971854,14613
2021-09-21,2021,9,21,chokepoint6,Strait of Hormuz,16,11,5,0,51,32,83,433855,190221,47584,0,2049174,671662,2720837,14614
2021-09-22,2021,9,22,chokepoint6,Strait of Hormuz,17,17,4,1,48,39,87,485676,943801,16438,0,2550274,1445916,3996190,14615
2021-09-23,2021,9,23,chokepoint6,Strait of Hormuz,8,14,1,2,49,25,74,254937,545492,0,0,2952643,800430,3753073,14616
2021-09-24,2021,9,24,chokepoint6,Strait of Hormuz,15,18,4,5,64,42,106,536669,757569,13526,16280,3105429,1324045,4429475,14617
2021-09-25,2021,9,25,chokepoint6,Strait of Hormuz,21,12,5,3,71,41,112,583576,482811,26870,0,2907405,1093257,4000663,14618
2021-09-26,2021,9,26,chokepoint6,Strait of Hormuz,15,10,1,1,57,27,84,592754,314648,2471,0,2186667,909874,3096541,14619
2021-09-27,2021,9,27,chokepoint6,Strait of Hormuz,15,16,1,1,47,33,80,415294,897983,2090,0,2710189,1315368,4025558,14620
2021-09-28,2021,9,28,chokepoint6,Strait of Hormuz,12,15,3,2,59,32,91,283703,523466,18952,7923,2399426,834046,3233472,14621
2021-09-29,2021,9,29,chokepoint6,Strait of Hormuz,17,19,9,3,52,48,100,655868,641612,124464,4942,2315035,1426888,3741923,14622
2021-09-30,2021,9,30,chokepoint6,Strait of Hormuz,15,18,2,3,62,38,100,321733,640875,8138,3878,3083316,974625,4057942,14623
2021-10-01,2021,10,1,chokepoint6,Strait of Hormuz,11,24,0,2,57,37,94,280527,1028767,0,0,2411814,1309295,3721109,14624
2021-10-02,2021,10,2,chokepoint6,Strait of Hormuz,10,11,2,3,55,26,81,229719,325910,21603,11070,1538687,588303,2126991,14625
2021-10-03,2021,10,3,chokepoint6,Strait of Hormuz,12,6,0,1,49,19,68,368411,309774,0,1939,2771860,680124,3451985,14626
2021-10-04,2021,10,4,chokepoint6,Strait of Hormuz,11,15,2,4,49,32,81,395404,668406,21154,6223,3746147,1091188,4837336,14627
2021-10-05,2021,10,5,chokepoint6,Strait of Hormuz,21,16,3,2,50,42,92,773895,448154,651,0,3565014,1222701,4787715,14628
2021-10-06,2021,10,6,chokepoint6,Strait of Hormuz,14,15,8,4,61,41,102,309811,528360,75852,4110,2334777,918134,3252912,14629
2021-10-07,2021,10,7,chokepoint6,Strait of Hormuz,15,19,2,1,48,37,85,602135,629685,1831,0,2709726,1233651,3943378,14630
2021-10-08,2021,10,8,chokepoint6,Strait of Hormuz,16,15,3,1,76,35,111,510239,385447,32406,0,3660095,928093,4588188,14631
2021-10-09,2021,10,9,chokepoint6,Strait of Hormuz,14,15,2,2,66,33,99,438240,396594,29519,7573,3428170,871929,4300100,14632
2021-10-10,2021,10,10,chokepoint6,Strait of Hormuz,19,20,2,1,52,42,94,368760,477836,3530,4199,2482762,854327,3337089,14633
2021-10-11,2021,10,11,chokepoint6,Strait of Hormuz,4,11,1,1,32,17,49,66706,326510,7086,1268,2265680,401571,2667251,14634
2021-10-12,2021,10,12,chokepoint6,Strait of Hormuz,11,17,1,1,46,30,76,302697,411191,0,0,2881425,713889,3595315,14635
2021-10-13,2021,10,13,chokepoint6,Strait of Hormuz,19,15,5,1,46,40,86,399277,414038,37960,0,2082067,851276,2933343,14636
2021-10-14,2021,10,14,chokepoint6,Strait of Hormuz,12,17,2,3,63,34,97,319172,611815,6813,0,3003336,937801,3941138,14637
2021-10-15,2021,10,15,chokepoint6,Strait of Hormuz,12,16,3,0,70,31,101,381439,376532,838,0,2942775,758810,3701585,14638
2021-10-16,2021,10,16,chokepoint6,Strait of Hormuz,12,17,2,2,59,33,92,454616,571687,2019,3826,2119632,1032149,3151782,14639
2021-10-17,2021,10,17,chokepoint6,Strait of Hormuz,12,19,3,0,49,34,83,299898,625049,24977,0,3643451,949926,4593377,14640
2021-10-18,2021,10,18,chokepoint6,Strait of Hormuz,10,16,0,0,62,26,88,392207,400534,0,0,3225214,792741,4017956,14641
2021-10-19,2021,10,19,chokepoint6,Strait of Hormuz,10,17,2,2,46,31,77,283542,545240,19665,2469,1652637,850917,2503555,14642
2021-10-20,2021,10,20,chokepoint6,Strait of Hormuz,17,19,6,1,60,43,103,527399,426108,23143,0,3587608,976651,4564260,14643
2021-10-21,2021,10,21,chokepoint6,Strait of Hormuz,11,14,3,2,56,30,86,426672,623212,22406,0,2132638,1072292,3204930,14644
2021-10-22,2021,10,22,chokepoint6,Strait of Hormuz,8,10,2,2,50,22,72,117005,264702,1890,4493,2734530,388091,3122622,14645
2021-10-23,2021,10,23,chokepoint6,Strait of Hormuz,14,21,3,3,49,41,90,449457,490792,31304,6144,1633079,977699,2610778,14646
2021-10-24,2021,10,24,chokepoint6,Strait of Hormuz,9,21,1,3,60,34,94,156940,606174,15634,10207,3039530,788957,3828487,14647
2021-10-25,2021,10,25,chokepoint6,Strait of Hormuz,12,17,0,3,45,32,77,468665,665219,0,9249,2793287,1143135,3936422,14648
2021-10-26,2021,10,26,chokepoint6,Strait of Hormuz,8,16,4,1,44,29,73,325024,311975,32023,2404,2329933,671427,3001361,14649
2021-10-27,2021,10,27,chokepoint6,Strait of Hormuz,5,14,3,0,47,22,69,134322,331797,38585,0,2167980,504704,2672685,14650
2021-10-28,2021,10,28,chokepoint6,Strait of Hormuz,10,12,2,1,40,25,65,244467,476886,19954,7872,2497709,749180,3246889,14651
2021-10-29,2021,10,29,chokepoint6,Strait of Hormuz,18,16,2,3,43,39,82,753863,247171,15922,0,3604295,1016957,4621252,14652
2021-10-30,2021,10,30,chokepoint6,Strait of Hormuz,14,15,2,3,53,34,87,345935,593078,0,0,3519384,939013,4458398,14653
2021-10-31,2021,10,31,chokepoint6,Strait of Hormuz,10,12,3,3,53,28,81,343393,725357,1737,0,2170782,1070488,3241270,14654
2021-11-01,2021,11,1,chokepoint6,Strait of Hormuz,7,19,4,2,69,32,101,201196,601012,16352,5698,2350155,824260,3174415,14655
2021-11-02,2021,11,2,chokepoint6,Strait of Hormuz,15,18,2,0,46,35,81,541894,855129,3922,0,2276644,1400946,3677591,14656
2021-11-03,2021,11,3,chokepoint6,Strait of Hormuz,16,20,2,2,57,40,97,371663,815630,20936,1833,3347914,1210063,4557978,14657
2021-11-04,2021,11,4,chokepoint6,Strait of Hormuz,11,8,1,0,51,20,71,293023,207801,0,0,1956725,500824,2457549,14658
2021-11-05,2021,11,5,chokepoint6,Strait of Hormuz,14,15,1,2,51,32,83,538222,493935,449,9500,2514804,1042108,3556912,14659
2021-11-06,2021,11,6,chokepoint6,Strait of Hormuz,8,11,4,2,44,25,69,231143,368159,68475,2983,1824825,670761,2495586,14660
2021-11-07,2021,11,7,chokepoint6,Strait of Hormuz,10,13,2,1,39,26,65,279387,425595,43247,0,1884081,748230,2632311,14661
2021-11-08,2021,11,8,chokepoint6,Strait of Hormuz,5,11,3,2,40,21,61,121304,327975,18602,0,1368195,467882,1836077,14662
2021-11-09,2021,11,9,chokepoint6,Strait of Hormuz,19,14,5,3,53,41,94,634585,407803,27879,9079,3343630,1079348,4422978,14663
2021-11-10,2021,11,10,chokepoint6,Strait of Hormuz,12,22,4,1,51,39,90,410686,943756,27257,0,1790036,1381701,3171738,14664
2021-11-11,2021,11,11,chokepoint6,Strait of Hormuz,11,20,5,1,66,37,103,319167,729359,42477,0,3923014,1091003,5014018,14665
2021-11-12,2021,11,12,chokepoint6,Strait of Hormuz,12,12,3,2,37,29,66,469927,380547,20164,0,2428161,870639,3298801,14666
2021-11-13,2021,11,13,chokepoint6,Strait of Hormuz,14,21,1,1,51,37,88,595289,536485,2200,0,2465702,1133976,3599678,14667
2021-11-14,2021,11,14,chokepoint6,Strait of Hormuz,13,18,1,2,57,34,91,275894,538448,999,3267,3099619,818609,3918229,14668
2021-11-15,2021,11,15,chokepoint6,Strait of Hormuz,11,14,4,2,52,31,83,344280,438394,23303,3213,2038362,809192,2847554,14669
2021-11-16,2021,11,16,chokepoint6,Strait of Hormuz,11,17,2,2,61,32,93,240447,318301,8333,6437,4037457,573520,4610978,14670
2021-11-17,2021,11,17,chokepoint6,Strait of Hormuz,13,12,2,1,62,28,90,529702,325826,2179,0,2652735,857709,3510444,14671
2021-11-18,2021,11,18,chokepoint6,Strait of Hormuz,18,21,2,0,34,41,75,628820,886474,10888,0,938594,1526183,2464777,14672
2021-11-19,2021,11,19,chokepoint6,Strait of Hormuz,11,14,3,5,56,33,89,260162,600298,3862,11557,2866416,875881,3742298,14673
2021-11-20,2021,11,20,chokepoint6,Strait of Hormuz,7,19,2,1,62,29,91,190079,825398,3424,4539,3295135,1023441,4318577,14674
2021-11-21,2021,11,21,chokepoint6,Strait of Hormuz,13,21,2,1,57,37,94,327074,582955,7365,2780,1970593,920176,2890769,14675
2021-11-22,2021,11,22,chokepoint6,Strait of Hormuz,13,22,3,1,61,39,100,353685,561942,23311,0,3766292,938939,4705231,14676
2021-11-23,2021,11,23,chokepoint6,Strait of Hormuz,15,18,5,4,64,42,106,419531,471876,40118,15789,3342701,947316,4290018,14677
2021-11-24,2021,11,24,chokepoint6,Strait of Hormuz,17,15,4,2,52,38,90,447714,1012170,9997,0,2447028,1469882,3916911,14678
2021-11-25,2021,11,25,chokepoint6,Strait of Hormuz,20,13,6,1,62,40,102,673616,510238,24046,0,2785709,1207900,3993610,14679
2021-11-26,2021,11,26,chokepoint6,Strait of Hormuz,15,20,6,0,63,41,104,399187,584161,44838,0,3036989,1028187,4065176,14680
2021-11-27,2021,11,27,chokepoint6,Strait of Hormuz,17,20,5,5,52,47,99,682044,533895,42491,2889,3233531,1261320,4494852,14681
2021-11-28,2021,11,28,chokepoint6,Strait of Hormuz,9,15,0,2,46,26,72,241837,409167,0,3823,2332430,654828,2987258,14682
2021-11-29,2021,11,29,chokepoint6,Strait of Hormuz,8,27,5,4,57,44,101,247760,892564,24735,5327,2989403,1170388,4159791,14683
2021-11-30,2021,11,30,chokepoint6,Strait of Hormuz,11,20,3,1,42,35,77,484006,579474,3293,1571,2059758,1068346,3128104,14684
2021-12-01,2021,12,1,chokepoint6,Strait of Hormuz,12,16,3,5,65,36,101,414566,648122,12330,7573,3435448,1082592,4518041,14685
2021-12-02,2021,12,2,chokepoint6,Strait of Hormuz,18,14,0,2,49,34,83,460168,405813,0,2889,2404157,868870,3273028,14686
2021-12-03,2021,12,3,chokepoint6,Strait of Hormuz,9,11,3,1,71,24,95,291926,486780,19679,0,4908270,798386,5706656,14687
2021-12-04,2021,12,4,chokepoint6,Strait of Hormuz,10,11,4,1,54,26,80,215330,422787,5881,4661,2002498,648661,2651159,14688
2021-12-05,2021,12,5,chokepoint6,Strait of Hormuz,8,16,7,1,49,32,81,346769,471588,68766,3634,3390918,890758,4281676,14689
2021-12-06,2021,12,6,chokepoint6,Strait of Hormuz,14,14,4,1,51,33,84,401980,523234,34380,0,2252911,959596,3212508,14690
2021-12-07,2021,12,7,chokepoint6,Strait of Hormuz,7,15,1,1,75,24,99,195626,597541,1499,0,2872621,794667,3667289,14691
2021-12-08,2021,12,8,chokepoint6,Strait of Hormuz,16,16,1,2,54,35,89,424703,631926,0,4053,2816376,1060683,3877059,14692
2021-12-09,2021,12,9,chokepoint6,Strait of Hormuz,14,15,3,3,57,35,92,558509,510939,41205,3586,2172373,1114241,3286614,14693
2021-12-10,2021,12,10,chokepoint6,Strait of Hormuz,10,18,3,2,58,33,91,301441,764552,4648,5858,3374703,1076501,4451204,14694
2021-12-11,2021,12,11,chokepoint6,Strait of Hormuz,12,17,1,1,53,31,84,462158,834938,3710,0,2143547,1300807,3444354,14695
2021-12-12,2021,12,12,chokepoint6,Strait of Hormuz,13,12,3,2,58,30,88,652941,519307,6796,6830,3040056,1185875,4225931,14696
2021-12-13,2021,12,13,chokepoint6,Strait of Hormuz,8,15,5,1,52,29,81,176233,345431,41842,4119,4044105,567625,4611731,14697
2021-12-14,2021,12,14,chokepoint6,Strait of Hormuz,14,13,4,3,61,34,95,433845,532445,60800,3496,2613687,1030587,3644275,14698
2021-12-15,2021,12,15,chokepoint6,Strait of Hormuz,10,15,6,3,62,34,96,268750,606949,40431,10662,3044622,926793,3971415,14699
2021-12-16,2021,12,16,chokepoint6,Strait of Hormuz,8,16,3,0,43,27,70,300783,570292,20142,0,2412741,891219,3303960,14700
2021-12-17,2021,12,17,chokepoint6,Strait of Hormuz,12,14,6,4,51,36,87,428625,589799,17495,0,2176665,1035919,3212585,14701
2021-12-18,2021,12,18,chokepoint6,Strait of Hormuz,13,23,3,2,57,41,98,311662,317309,38426,8702,3324357,676101,4000458,14702
2021-12-19,2021,12,19,chokepoint6,Strait of Hormuz,13,14,8,2,62,37,99,389840,751131,88681,0,2505657,1229652,3735309,14703
2021-12-20,2021,12,20,chokepoint6,Strait of Hormuz,10,12,3,1,51,26,77,297425,719619,14531,4610,2763678,1036187,3799866,14704
2021-12-21,2021,12,21,chokepoint6,Strait of Hormuz,10,13,0,4,49,27,76,492535,304057,0,4388,1384076,800981,2185057,14705
2021-12-22,2021,12,22,chokepoint6,Strait of Hormuz,13,21,4,1,51,39,90,357868,728839,8173,2306,3798865,1097187,4896053,14706
2021-12-23,2021,12,23,chokepoint6,Strait of Hormuz,11,15,3,5,54,34,88,387062,688563,11663,14152,1625767,1101441,2727208,14707
2021-12-24,2021,12,24,chokepoint6,Strait of Hormuz,13,17,4,3,72,37,109,459197,577981,16957,0,3748289,1054136,4802426,14708
2021-12-25,2021,12,25,chokepoint6,Strait of Hormuz,20,21,1,1,63,43,106,566160,561783,8273,4393,3393623,1140609,4534233,14709
2021-12-26,2021,12,26,chokepoint6,Strait of Hormuz,13,21,2,1,51,37,88,499680,1035666,3463,0,2575149,1538810,4113959,14710
2021-12-27,2021,12,27,chokepoint6,Strait of Hormuz,8,11,3,1,53,23,76,272969,460867,4443,0,2055584,738281,2793865,14711
2021-12-28,2021,12,28,chokepoint6,Strait of Hormuz,9,16,5,0,47,30,77,300963,541575,17229,0,2356403,859768,3216172,14712
2021-12-29,2021,12,29,chokepoint6,Strait of Hormuz,17,20,3,3,55,43,98,664478,545082,9948,0,3165103,1219509,4384612,14713
2021-12-30,2021,12,30,chokepoint6,Strait of Hormuz,12,12,2,3,58,29,87,331195,414231,20422,3826,3644473,769676,4414149,14714
2021-12-31,2021,12,31,chokepoint6,Strait of Hormuz,9,15,4,3,57,31,88,409283,292491,23250,4446,1997229,729471,2726700,14715
2021-01-01,2021,1,1,chokepoint6,Strait of Hormuz,7,18,3,1,42,29,71,374254,521278,9467,7845,476746,912845,1389592,15792
2021-01-02,2021,1,2,chokepoint6,Strait of Hormuz,14,13,5,2,44,34,78,400765,286013,2322,3902,1296630,693004,1989634,15795
2021-01-03,2021,1,3,chokepoint6,Strait of Hormuz,7,12,3,1,49,23,72,136010,322703,4655,3809,1654933,467179,2122112,15798
2021-01-04,2021,1,4,chokepoint6,Strait of Hormuz,13,5,2,3,41,23,64,480021,115397,24483,2763,1586270,622665,2208936,15801
2021-01-05,2021,1,5,chokepoint6,Strait of Hormuz,13,12,2,0,51,27,78,211195,408433,3713,0,2181572,623342,2804914,15804
2021-01-06,2021,1,6,chokepoint6,Strait of Hormuz,7,14,6,2,50,29,79,286729,268172,35528,5576,1171328,596007,1767336,15807
2021-01-07,2021,1,7,chokepoint6,Strait of Hormuz,12,8,2,0,41,22,63,477562,239066,5638,0,2011202,722268,2733470,15810
2021-01-08,2021,1,8,chokepoint6,Strait of Hormuz,9,14,1,2,35,26,61,357060,338149,1996,2838,1069636,700045,1769681,15813
2021-01-09,2021,1,9,chokepoint6,Strait of Hormuz,7,13,0,3,44,23,67,218278,235870,0,3253,1449602,457401,1907004,15823
2021-01-10,2021,1,10,chokepoint6,Strait of Hormuz,5,6,3,2,37,16,53,107995,157909,0,2719,592415,268624,861039,15826
2021-01-11,2021,1,11,chokepoint6,Strait of Hormuz,10,15,3,0,42,28,70,516755,343766,9071,0,782214,869593,1651807,15829
2021-01-12,2021,1,12,chokepoint6,Strait of Hormuz,10,9,7,1,39,27,66,273451,211732,39279,6847,1384872,531311,1916184,15832
2021-01-13,2021,1,13,chokepoint6,Strait of Hormuz,6,17,4,1,38,28,66,341831,291637,13690,7573,1547790,654734,2202524,15835
2021-01-14,2021,1,14,chokepoint6,Strait of Hormuz,11,12,1,2,43,26,69,476699,259814,4018,2801,1771054,743334,2514388,15838
2021-01-15,2021,1,15,chokepoint6,Strait of Hormuz,12,17,4,0,51,33,84,373562,705126,13304,0,1597390,1091992,2689383,15841
2021-01-16,2021,1,16,chokepoint6,Strait of Hormuz,10,15,4,1,47,30,77,268453,504044,27820,0,2267148,800318,3067467,15844
2021-01-17,2021,1,17,chokepoint6,Strait of Hormuz,6,10,4,2,49,22,71,370140,311828,48993,0,2131706,730962,2862668,15847
2021-01-18,2021,1,18,chokepoint6,Strait of Hormuz,16,16,7,1,51,40,91,599489,493010,85780,3237,2804360,1181517,3985878,15850
2021-01-19,2021,1,19,chokepoint6,Strait of Hormuz,12,32,11,3,58,58,116,257620,956590,35184,10791,3173141,1260187,4433328,15853
2021-01-20,2021,1,20,chokepoint6,Strait of Hormuz,10,13,3,3,57,29,86,301365,208892,3005,9338,2900872,522602,3423474,15856
2021-01-21,2021,1,21,chokepoint6,Strait of Hormuz,14,13,4,1,52,32,84,221082,564947,31162,0,3294388,817193,4111581,15859
2021-01-22,2021,1,22,chokepoint6,Strait of Hormuz,12,10,3,3,33,28,61,511456,685539,7204,6525,1193556,1210725,2404282,15862
2021-01-23,2021,1,23,chokepoint6,Strait of Hormuz,10,9,2,0,38,21,59,336032,156029,14144,0,1095530,506207,1601737,15866
2021-01-24,2021,1,24,chokepoint6,Strait of Hormuz,7,12,0,1,30,20,50,178907,321950,0,3338,621296,504196,1125492,15869
2021-01-25,2021,1,25,chokepoint6,Strait of Hormuz,10,9,1,0,52,20,72,330121,234491,702,0,3104678,565315,3669993,15872
2021-01-26,2021,1,26,chokepoint6,Strait of Hormuz,7,13,3,4,44,27,71,204149,182083,25623,10958,2786841,422815,3209656,15875
2021-01-27,2021,1,27,chokepoint6,Strait of Hormuz,14,11,6,0,67,31,98,524345,266230,19199,0,2570280,809775,3380055,15878
2021-01-28,2021,1,28,chokepoint6,Strait of Hormuz,10,8,2,1,49,21,70,138498,181892,20936,0,2763582,341328,3104910,15881
2021-01-29,2021,1,29,chokepoint6,Strait of Hormuz,13,23,5,0,52,41,93,580552,781054,69976,0,2111310,1431583,3542894,15884
2021-01-30,2021,1,30,chokepoint6,Strait of Hormuz,13,16,3,2,40,34,74,427616,469452,8192,5553,1760535,910813,2671349,15887
2021-01-31,2021,1,31,chokepoint6,Strait of Hormuz,10,12,4,5,52,31,83,421120,351163,33353,2592,3265416,808230,4073646,15890
2021-02-01,2021,2,1,chokepoint6,Strait of Hormuz,19,8,5,1,37,33,70,603856,231293,10990,0,1688528,846140,2534669,15893
2021-02-02,2021,2,2,chokepoint6,Strait of Hormuz,7,12,3,2,36,24,60,259142,417374,12937,6223,1075793,695677,1771471,15896
2021-02-03,2021,2,3,chokepoint6,Strait of Hormuz,7,10,2,4,58,23,81,141474,376808,15667,16530,3177301,550480,3727782,15899
2021-02-04,2021,2,4,chokepoint6,Strait of Hormuz,15,12,4,0,55,31,86,643408,500855,13116,0,2722674,1157380,3880055,15902
2021-02-05,2021,2,5,chokepoint6,Strait of Hormuz,16,8,4,0,48,28,76,525821,261793,19632,0,2271663,807247,3078910,15905
2021-02-06,2021,2,6,chokepoint6,Strait of Hormuz,9,10,3,2,46,24,70,393259,369882,1499,4893,2976264,769534,3745799,15908
2021-02-07,2021,2,7,chokepoint6,Strait of Hormuz,7,9,2,1,41,19,60,325578,332428,7341,0,1874641,665349,2539990,15911
2021-02-08,2021,2,8,chokepoint6,Strait of Hormuz,7,10,4,0,42,21,63,205487,334542,8626,0,2074822,548656,2623479,15914
2021-02-09,2021,2,9,chokepoint6,Strait of Hormuz,10,6,2,2,56,20,76,316651,371824,2193,5325,2081019,695994,2777013,15924
2021-02-10,2021,2,10,chokepoint6,Strait of Hormuz,10,16,5,2,38,33,71,270052,363106,41360,2277,1656967,676797,2333765,15926
2021-02-11,2021,2,11,chokepoint6,Strait of Hormuz,16,14,5,5,44,40,84,508166,309522,29630,4299,2150509,851619,3002129,15929
2021-02-12,2021,2,12,chokepoint6,Strait of Hormuz,7,13,5,2,61,27,88,284361,566207,8255,4631,3240634,863455,4104089,15932
2021-02-13,2021,2,13,chokepoint6,Strait of Hormuz,15,11,3,0,48,29,77,607197,52882,40557,0,2174996,700637,2875633,15935
2021-02-14,2021,2,14,chokepoint6,Strait of Hormuz,9,11,5,1,55,26,81,250695,369548,5806,3407,2806589,629457,3436047,15938
2021-02-15,2021,2,15,chokepoint6,Strait of Hormuz,14,20,3,0,64,37,101,390026,751978,15503,0,2439260,1157508,3596769,15941
2021-02-16,2021,2,16,chokepoint6,Strait of Hormuz,17,9,6,2,43,34,77,397905,411590,8737,5429,2441568,823663,3265231,15943
2021-02-17,2021,2,17,chokepoint6,Strait of Hormuz,13,16,5,2,46,36,82,521684,558715,31045,3294,1918605,1114739,3033345,15945
2021-02-18,2021,2,18,chokepoint6,Strait of Hormuz,14,13,0,3,44,30,74,548489,473567,0,3112,2309731,1025169,3334900,15947
2021-02-19,2021,2,19,chokepoint6,Strait of Hormuz,15,11,4,2,45,32,77,500728,459178,54281,0,2602065,1014188,3616253,15949
2021-02-20,2021,2,20,chokepoint6,Strait of Hormuz,13,12,5,0,43,30,73,526346,336359,10682,0,1619812,873388,2493200,15951
2021-02-21,2021,2,21,chokepoint6,Strait of Hormuz,10,10,4,0,29,24,53,176416,429830,4948,0,823222,611194,1434417,15953
2021-02-22,2021,2,22,chokepoint6,Strait of Hormuz,15,11,1,2,42,29,71,565229,298370,5678,6214,1403481,875492,2278973,15955
2021-02-23,2021,2,23,chokepoint6,Strait of Hormuz,12,11,4,3,49,30,79,463118,423386,37878,11704,3010599,936088,3946687,15957
2021-02-24,2021,2,24,chokepoint6,Strait of Hormuz,11,9,4,1,44,25,69,520995,215241,16275,9286,1558609,761798,2320407,15959
2021-02-25,2021,2,25,chokepoint6,Strait of Hormuz,12,9,2,1,50,24,74,262396,248800,2492,0,2264905,513688,2778594,15961
2021-02-26,2021,2,26,chokepoint6,Strait of Hormuz,13,8,1,1,40,23,63,568707,333589,6765,0,2080722,909063,2989785,15963
2021-02-27,2021,2,27,chokepoint6,Strait of Hormuz,9,14,2,2,45,27,72,273112,315215,6602,6476,1212463,601407,1813871,15966
2021-02-28,2021,2,28,chokepoint6,Strait of Hormuz,8,13,2,1,26,24,50,328273,317637,4547,2277,381517,652735,1034253,15968
2022-04-05,2022,4,5,chokepoint6,Strait of Hormuz,18,27,1,2,61,48,109,554240,818178,1415,8425,1585063,1382260,2967323,14028
2022-04-06,2022,4,6,chokepoint6,Strait of Hormuz,18,19,5,1,69,43,112,595026,658575,26635,0,3687508,1280237,4967746,14405
2022-04-07,2022,4,7,chokepoint6,Strait of Hormuz,11,15,4,1,69,31,100,299293,397562,43826,0,3475652,740682,4216334,14407
2022-04-08,2022,4,8,chokepoint6,Strait of Hormuz,15,14,6,1,51,36,87,427647,258799,54552,0,2571435,740999,3312434,14461
2022-01-01,2022,1,1,chokepoint6,Strait of Hormuz,12,12,4,2,48,30,78,279677,582570,30071,0,3145356,892319,4037675,14716
2022-01-02,2022,1,2,chokepoint6,Strait of Hormuz,9,12,2,3,55,26,81,297797,350079,14318,3513,2347235,665709,3012945,14717
2022-01-03,2022,1,3,chokepoint6,Strait of Hormuz,13,9,2,1,49,25,74,594063,467031,3877,3058,3433059,1068030,4501090,14718
2022-01-04,2022,1,4,chokepoint6,Strait of Hormuz,9,14,3,3,57,29,86,300746,613089,18035,8640,3229303,940511,4169815,14719
2022-01-05,2022,1,5,chokepoint6,Strait of Hormuz,9,17,4,5,53,35,88,232283,609407,27824,6953,2931033,876469,3807502,14720
2022-01-06,2022,1,6,chokepoint6,Strait of Hormuz,16,13,4,3,49,36,85,549851,401896,26742,5075,1868581,983566,2852147,14721
2022-01-07,2022,1,7,chokepoint6,Strait of Hormuz,13,9,4,0,45,26,71,605899,345077,27177,0,3114923,978154,4093077,14722
2022-01-08,2022,1,8,chokepoint6,Strait of Hormuz,17,23,1,0,52,41,93,572042,759692,15662,0,3168371,1347397,4515768,14723
2022-01-09,2022,1,9,chokepoint6,Strait of Hormuz,8,14,1,1,68,24,92,157440,675821,0,0,3773757,833261,4607018,14724
2022-01-10,2022,1,10,chokepoint6,Strait of Hormuz,10,20,5,3,57,38,95,219216,641547,52063,3352,2769773,916180,3685953,14725
2022-01-11,2022,1,11,chokepoint6,Strait of Hormuz,15,11,1,4,52,31,83,425685,494112,2808,5844,3041446,928450,3969897,14726
2022-01-12,2022,1,12,chokepoint6,Strait of Hormuz,15,21,3,3,52,42,94,511713,780602,51069,8587,2238569,1351973,3590543,14727
2022-01-13,2022,1,13,chokepoint6,Strait of Hormuz,6,11,1,1,59,19,78,133004,527312,7320,0,2625585,667638,3293223,14728
2022-01-14,2022,1,14,chokepoint6,Strait of Hormuz,13,18,3,2,55,36,91,291310,622924,34789,7570,2576320,956594,3532914,14729
2022-01-15,2022,1,15,chokepoint6,Strait of Hormuz,14,10,3,2,51,29,80,425204,311863,11863,4169,3053540,753099,3806639,14730
2022-01-16,2022,1,16,chokepoint6,Strait of Hormuz,14,17,3,3,57,37,94,530826,710367,32860,0,2281508,1274054,3555563,14731
2022-01-17,2022,1,17,chokepoint6,Strait of Hormuz,8,15,3,0,58,26,84,183874,560869,38364,0,3292351,783108,4075460,14732
2022-01-18,2022,1,18,chokepoint6,Strait of Hormuz,16,11,2,2,62,31,93,358090,576363,2888,5821,2469820,943163,3412984,14733
2022-01-19,2022,1,19,chokepoint6,Strait of Hormuz,15,18,2,2,50,37,87,488788,858645,5206,3240,2342616,1355881,3698498,14734
2022-01-20,2022,1,20,chokepoint6,Strait of Hormuz,11,13,2,4,55,30,85,472337,358530,13510,9091,4424899,853470,5278369,14735
2022-01-21,2022,1,21,chokepoint6,Strait of Hormuz,8,12,0,1,51,21,72,231476,369446,0,4751,1879160,605674,2484835,14736
2022-01-22,2022,1,22,chokepoint6,Strait of Hormuz,11,12,3,2,39,28,67,627722,591317,6436,7942,2039794,1233419,3273214,14737
2022-01-23,2022,1,23,chokepoint6,Strait of Hormuz,12,18,2,4,45,36,81,220816,557273,3591,6693,1735344,788374,2523719,14738
2022-01-24,2022,1,24,chokepoint6,Strait of Hormuz,7,21,0,4,55,32,87,314334,480685,0,4613,1857538,799634,2657172,14739
2022-01-25,2022,1,25,chokepoint6,Strait of Hormuz,12,18,2,3,69,35,104,384955,544854,6185,4920,4374129,940916,5315045,14740
2022-01-26,2022,1,26,chokepoint6,Strait of Hormuz,17,16,4,1,63,38,101,549696,672273,12881,0,2466775,1234850,3701626,14741
2022-01-27,2022,1,27,chokepoint6,Strait of Hormuz,16,10,3,2,66,31,97,599024,359462,16077,0,3499510,974564,4474074,14742
2022-01-28,2022,1,28,chokepoint6,Strait of Hormuz,8,15,7,4,56,34,90,258383,575333,4824,26703,4030147,865244,4895391,14743
2022-01-29,2022,1,29,chokepoint6,Strait of Hormuz,16,13,3,2,69,34,103,544204,467028,37194,0,2713349,1048427,3761777,14744
2022-01-30,2022,1,30,chokepoint6,Strait of Hormuz,17,20,2,1,56,40,96,740014,549871,8777,3243,2511793,1301906,3813700,14745
2022-01-31,2022,1,31,chokepoint6,Strait of Hormuz,11,21,1,1,53,34,87,325995,1038133,1415,0,2897230,1365545,4262776,14746
2022-02-01,2022,2,1,chokepoint6,Strait of Hormuz,18,18,6,2,53,44,97,438671,616110,16409,0,2068398,1071191,3139590,14747
2022-02-02,2022,2,2,chokepoint6,Strait of Hormuz,13,17,4,3,56,37,93,325775,585442,14050,2354,3604146,927622,4531769,14748
2022-02-03,2022,2,3,chokepoint6,Strait of Hormuz,12,18,4,1,71,35,106,444819,947798,15295,3406,3133138,1411319,4544458,14749
2022-02-04,2022,2,4,chokepoint6,Strait of Hormuz,21,12,3,2,62,38,100,658126,283369,23491,0,3064807,964987,4029794,14750
2022-02-05,2022,2,5,chokepoint6,Strait of Hormuz,14,15,7,4,62,40,102,486658,486796,20190,1915,3250929,995561,4246491,14751
2022-02-06,2022,2,6,chokepoint6,Strait of Hormuz,8,15,2,2,54,27,81,423231,539691,20148,0,2934008,983071,3917079,14752
2022-02-07,2022,2,7,chokepoint6,Strait of Hormuz,9,14,1,1,48,25,73,147584,312255,0,7861,2019178,467701,2486879,14753
2022-02-08,2022,2,8,chokepoint6,Strait of Hormuz,19,22,4,4,59,49,108,655561,784774,1764,17536,2166778,1459637,3626416,14754
2022-02-09,2022,2,9,chokepoint6,Strait of Hormuz,14,21,6,0,63,41,104,561810,431298,16926,0,3761526,1010035,4771561,14755
2022-02-10,2022,2,10,chokepoint6,Strait of Hormuz,18,16,2,5,54,41,95,501366,756850,14523,0,2714304,1272739,3987044,14756
2022-02-11,2022,2,11,chokepoint6,Strait of Hormuz,15,22,2,6,66,45,111,332449,703648,15185,9324,4415352,1060607,5475959,14757
2022-02-12,2022,2,12,chokepoint6,Strait of Hormuz,16,15,1,3,60,35,95,457725,606050,4588,1111,3081987,1069476,4151463,14758
2022-02-13,2022,2,13,chokepoint6,Strait of Hormuz,17,19,6,2,51,44,95,842392,801936,49206,4290,2315143,1697826,4012970,14759
2022-02-14,2022,2,14,chokepoint6,Strait of Hormuz,8,14,2,0,57,24,81,244731,700756,18897,0,2725064,964385,3689450,14760
2022-02-15,2022,2,15,chokepoint6,Strait of Hormuz,10,17,6,3,57,36,93,217113,487029,53971,0,3017145,758115,3775260,14761
2022-02-16,2022,2,16,chokepoint6,Strait of Hormuz,23,19,7,1,54,50,104,826868,456543,29617,3275,2929300,1316305,4245606,14762
2022-02-17,2022,2,17,chokepoint6,Strait of Hormuz,13,18,3,1,58,35,93,346646,573404,7600,5034,2854012,932686,3786698,14763
2022-02-18,2022,2,18,chokepoint6,Strait of Hormuz,14,19,3,1,60,37,97,306862,616475,39484,0,3166326,962822,4129148,14764
2022-02-19,2022,2,19,chokepoint6,Strait of Hormuz,20,22,6,5,56,53,109,807928,815732,27946,2279,2777390,1653886,4431277,14765
2022-02-20,2022,2,20,chokepoint6,Strait of Hormuz,10,13,0,3,69,26,95,297313,691681,0,7552,3031003,996546,4027550,14766
2022-02-21,2022,2,21,chokepoint6,Strait of Hormuz,9,11,2,2,64,24,88,122793,491601,22614,8919,3724595,645929,4370524,14767
2022-02-22,2022,2,22,chokepoint6,Strait of Hormuz,10,9,2,2,59,23,82,322277,366731,20062,0,2513429,709072,3222501,14768
2022-02-23,2022,2,23,chokepoint6,Strait of Hormuz,18,13,5,2,65,38,103,446213,621427,7180,0,2348608,1074821,3423430,14769
2022-02-24,2022,2,24,chokepoint6,Strait of Hormuz,16,20,5,4,51,45,96,632250,570201,27438,9077,2394467,1238967,3633435,14770
2022-02-25,2022,2,25,chokepoint6,Strait of Hormuz,13,18,4,4,75,39,114,355231,599534,31032,3341,3941426,989139,4930566,14771
2022-02-26,2022,2,26,chokepoint6,Strait of Hormuz,9,19,2,1,59,31,90,274209,652917,0,5340,3367587,932468,4300055,14772
2022-02-27,2022,2,27,chokepoint6,Strait of Hormuz,17,14,5,1,61,37,98,411289,692072,9646,0,3206495,1113008,4319503,14773
2022-02-28,2022,2,28,chokepoint6,Strait of Hormuz,15,13,5,2,55,35,90,449550,564881,34079,3823,1899568,1052334,2951903,14774
2022-03-01,2022,3,1,chokepoint6,Strait of Hormuz,11,18,3,3,47,35,82,376106,632201,19242,5147,2078679,1032697,3111377,14775
2022-03-02,2022,3,2,chokepoint6,Strait of Hormuz,15,11,2,2,60,30,90,310282,368906,10334,2695,2561087,692218,3253306,14776
2022-03-03,2022,3,3,chokepoint6,Strait of Hormuz,12,17,2,2,69,33,102,338349,363058,6523,3597,4843297,711529,5554826,14777
2022-03-04,2022,3,4,chokepoint6,Strait of Hormuz,10,18,5,2,64,35,99,339278,682914,45746,0,3261738,1067939,4329678,14778
2022-03-05,2022,3,5,chokepoint6,Strait of Hormuz,12,17,2,3,57,34,91,319264,789976,13555,4169,3872455,1126965,4999420,14779
2022-03-06,2022,3,6,chokepoint6,Strait of Hormuz,13,20,5,4,60,42,102,281099,924819,33765,0,2672083,1239684,3911767,14780
2022-03-07,2022,3,7,chokepoint6,Strait of Hormuz,13,12,5,2,50,32,82,459296,578806,39550,0,2384076,1077653,3461730,14781
2022-03-08,2022,3,8,chokepoint6,Strait of Hormuz,11,17,4,2,66,34,100,493720,565122,13332,2493,3298756,1074669,4373425,14782
2022-03-09,2022,3,9,chokepoint6,Strait of Hormuz,14,15,2,4,52,35,87,452352,643442,21911,6542,3380591,1124249,4504840,14783
2022-03-10,2022,3,10,chokepoint6,Strait of Hormuz,12,21,4,3,66,40,106,382792,582964,15441,4173,2941685,985372,3927058,14784
2022-03-11,2022,3,11,chokepoint6,Strait of Hormuz,9,25,5,1,62,40,102,213067,987096,23488,0,2982201,1223652,4205854,14785
2022-03-12,2022,3,12,chokepoint6,Strait of Hormuz,18,24,5,3,52,50,102,426761,745025,12670,0,3095825,1184458,4280283,14786
2022-03-13,2022,3,13,chokepoint6,Strait of Hormuz,10,19,3,4,75,36,111,393875,669020,13629,9490,3856430,1086016,4942446,14787
2022-03-14,2022,3,14,chokepoint6,Strait of Hormuz,15,21,6,3,64,45,109,397692,811036,44337,4799,2674503,1257865,3932369,14788
2022-03-15,2022,3,15,chokepoint6,Strait of Hormuz,17,19,4,1,55,41,96,448515,508367,28387,0,3085830,985270,4071100,14789
2022-03-16,2022,3,16,chokepoint6,Strait of Hormuz,10,21,7,2,71,40,111,537820,810344,18858,2519,3185139,1369542,4554682,14790
2022-03-17,2022,3,17,chokepoint6,Strait of Hormuz,11,17,6,2,42,36,78,222844,697091,45466,4071,1819606,969474,2789080,14791
2022-03-18,2022,3,18,chokepoint6,Strait of Hormuz,6,10,2,1,36,19,55,76093,211795,7188,0,2069783,295077,2364861,14792
2022-03-19,2022,3,19,chokepoint6,Strait of Hormuz,16,13,2,2,53,33,86,628022,447638,9820,2520,2522267,1088002,3610269,14793
2022-03-20,2022,3,20,chokepoint6,Strait of Hormuz,8,13,8,1,58,30,88,240722,435688,32449,0,2432457,708860,3141318,14794
2022-03-21,2022,3,21,chokepoint6,Strait of Hormuz,10,25,3,2,63,40,103,337890,1140248,60242,9542,2618015,1547924,4165939,14795
2022-03-22,2022,3,22,chokepoint6,Strait of Hormuz,15,18,7,1,64,41,105,438498,569323,12315,3829,3508579,1023966,4532545,14796
2022-03-23,2022,3,23,chokepoint6,Strait of Hormuz,16,17,2,4,71,39,110,451174,536529,8673,3321,3763784,999699,4763484,14797
2022-03-24,2022,3,24,chokepoint6,Strait of Hormuz,16,22,5,1,80,44,124,626838,499798,27770,0,4434191,1154407,5588598,14798
2022-03-25,2022,3,25,chokepoint6,Strait of Hormuz,16,23,6,0,62,45,107,690643,1201624,50137,0,3399869,1942405,5342274,14799
2022-03-26,2022,3,26,chokepoint6,Strait of Hormuz,15,13,5,2,65,35,100,442513,388560,9150,5324,3339820,845548,4185369,14800
2022-03-27,2022,3,27,chokepoint6,Strait of Hormuz,14,9,8,2,58,33,91,311094,144354,36145,0,2053497,491595,2545092,14801
2022-03-28,2022,3,28,chokepoint6,Strait of Hormuz,10,16,0,1,51,27,78,234653,428902,0,0,2653407,663556,3316964,14802
2022-03-29,2022,3,29,chokepoint6,Strait of Hormuz,13,16,4,0,44,33,77,371205,700741,16754,0,1914320,1088700,3003021,14803
2022-03-30,2022,3,30,chokepoint6,Strait of Hormuz,15,19,1,3,38,38,76,305456,711575,1198,11422,1184668,1029653,2214321,14804
2022-03-31,2022,3,31,chokepoint6,Strait of Hormuz,13,18,3,2,69,36,105,348375,640400,30925,0,5146977,1019702,6166679,14805
2022-04-01,2022,4,1,chokepoint6,Strait of Hormuz,20,18,2,3,73,43,116,901209,802159,3281,18898,3331979,1725549,5057528,14806
2022-04-02,2022,4,2,chokepoint6,Strait of Hormuz,16,20,4,6,68,46,114,390118,914767,16794,2523,2979745,1324202,4303948,14807
2022-04-03,2022,4,3,chokepoint6,Strait of Hormuz,15,13,1,1,71,30,101,512234,439684,2384,0,3409404,954303,4363708,14808
2022-04-04,2022,4,4,chokepoint6,Strait of Hormuz,9,14,6,4,66,33,99,263638,331451,45774,8523,4917466,649387,5566854,14809
2022-04-09,2022,4,9,chokepoint6,Strait of Hormuz,18,23,5,1,62,47,109,638607,745945,13087,2262,4255689,1399904,5655593,14811
2022-04-10,2022,4,10,chokepoint6,Strait of Hormuz,15,23,5,3,56,46,102,497330,903604,17976,3616,3592130,1422528,5014658,14812
2022-04-11,2022,4,11,chokepoint6,Strait of Hormuz,15,13,2,1,61,31,92,376297,596311,6079,1939,2628855,980627,3609483,14816
2022-04-12,2022,4,12,chokepoint6,Strait of Hormuz,10,24,3,0,66,37,103,232110,735274,17222,0,2847310,984607,3831918,14819
2022-04-13,2022,4,13,chokepoint6,Strait of Hormuz,16,24,3,4,57,47,104,515920,973486,24498,12690,3109731,1526596,4636327,14822
2022-04-14,2022,4,14,chokepoint6,Strait of Hormuz,14,14,6,3,62,37,99,427359,400468,66509,2219,3357417,896557,4253975,14825
2022-04-15,2022,4,15,chokepoint6,Strait of Hormuz,15,8,3,0,71,26,97,340325,408956,2091,0,2105917,751373,2857291,14828
2022-04-16,2022,4,16,chokepoint6,Strait of Hormuz,15,8,6,5,54,34,88,720954,298254,22352,2522,2359570,1044084,3403655,14831
2022-04-17,2022,4,17,chokepoint6,Strait of Hormuz,12,11,6,2,69,31,100,363656,469050,26624,0,5093351,859331,5952683,14834
2022-04-18,2022,4,18,chokepoint6,Strait of Hormuz,13,20,3,4,61,40,101,461553,578042,38714,6737,2571737,1085047,3656785,14837
2022-04-19,2022,4,19,chokepoint6,Strait of Hormuz,18,13,3,2,58,36,94,437990,365112,23309,1786,3608591,828199,4436790,14840
2022-04-20,2022,4,20,chokepoint6,Strait of Hormuz,14,13,4,2,65,33,98,534890,497837,2404,7319,3423430,1042452,4465883,14843
2022-04-21,2022,4,21,chokepoint6,Strait of Hormuz,17,21,6,1,51,45,96,388378,521423,45936,0,2288009,955738,3243748,14846
2022-04-22,2022,4,22,chokepoint6,Strait of Hormuz,13,23,2,1,69,39,108,390073,447618,0,0,3272309,837692,4110002,14849
2022-04-23,2022,4,23,chokepoint6,Strait of Hormuz,18,15,7,5,71,45,116,620593,414340,16030,10499,3620608,1061464,4682073,14852
2022-04-24,2022,4,24,chokepoint6,Strait of Hormuz,16,23,3,0,51,42,93,317454,835593,24821,0,2709064,1177869,3886934,14855
2022-04-25,2022,4,25,chokepoint6,Strait of Hormuz,17,14,4,2,58,37,95,619655,457665,6380,8206,2776967,1091908,3868876,14858
2022-04-26,2022,4,26,chokepoint6,Strait of Hormuz,20,12,5,2,77,39,116,493380,495787,27341,0,3066301,1016509,4082811,14861
2022-04-27,2022,4,27,chokepoint6,Strait of Hormuz,21,14,3,2,61,40,101,763931,443151,12827,4518,3043567,1224428,4267996,14864
2022-04-28,2022,4,28,chokepoint6,Strait of Hormuz,23,15,3,1,60,42,102,666394,430094,53137,0,3335118,1149626,4484745,14871
2022-04-29,2022,4,29,chokepoint6,Strait of Hormuz,15,15,3,2,66,35,101,415755,539298,27677,10124,3719680,992856,4712536,14875
2022-04-30,2022,4,30,chokepoint6,Strait of Hormuz,13,15,2,3,49,33,82,358843,652843,3333,8172,1963478,1023192,2986670,14878
2022-05-01,2022,5,1,chokepoint6,Strait of Hormuz,10,19,2,1,59,32,91,327619,819748,13342,0,1887169,1160710,3047879,14881
2022-05-02,2022,5,2,chokepoint6,Strait of Hormuz,16,17,2,2,62,37,99,387458,592316,3817,0,2944230,983591,3927821,14884
2022-05-03,2022,5,3,chokepoint6,Strait of Hormuz,17,12,4,1,66,34,100,537477,630696,25162,0,3818933,1193336,5012270,14887
2022-05-04,2022,5,4,chokepoint6,Strait of Hormuz,15,19,2,5,58,41,99,464827,595418,8859,3191,2114010,1072296,3186306,14890
2022-05-05,2022,5,5,chokepoint6,Strait of Hormuz,8,18,6,2,67,34,101,293125,485424,41591,3966,2777706,824107,3601814,14893
2022-05-06,2022,5,6,chokepoint6,Strait of Hormuz,23,21,5,1,64,50,114,812036,662851,20844,0,3417133,1495732,4912865,14896
2022-05-07,2022,5,7,chokepoint6,Strait of Hormuz,26,16,4,2,59,48,107,604644,363741,5690,3938,2487627,978015,3465642,14899
2022-05-08,2022,5,8,chokepoint6,Strait of Hormuz,16,22,3,3,58,44,102,433637,981075,19967,5434,3763096,1440115,5203212,14902
2022-05-09,2022,5,9,chokepoint6,Strait of Hormuz,14,16,1,2,67,33,100,335780,515168,0,0,3141915,850949,3992865,14905
2022-05-10,2022,5,10,chokepoint6,Strait of Hormuz,13,19,5,1,48,38,86,270434,526016,12182,0,2390985,808633,3199619,14908
2022-05-11,2022,5,11,chokepoint6,Strait of Hormuz,16,20,3,3,66,42,108,325435,1060237,26569,9417,3542153,1421660,4963813,14911
2022-05-12,2022,5,12,chokepoint6,Strait of Hormuz,19,16,0,0,62,35,97,354875,582298,0,0,3440001,937173,4377175,14914
2022-05-13,2022,5,13,chokepoint6,Strait of Hormuz,12,13,2,0,42,27,69,429465,556557,3625,0,2753529,989649,3743178,14915
2022-05-14,2022,5,14,chokepoint6,Strait of Hormuz,10,15,4,5,52,34,86,290850,493582,9508,20723,1931462,814664,2746127,14918
2022-05-15,2022,5,15,chokepoint6,Strait of Hormuz,7,11,1,5,48,24,72,169354,339056,0,0,2510841,508410,3019252,14921
2022-05-16,2022,5,16,chokepoint6,Strait of Hormuz,14,19,4,0,55,37,92,329148,681868,14348,0,1549860,1025364,2575225,14924
2022-05-17,2022,5,17,chokepoint6,Strait of Hormuz,20,19,3,2,65,44,109,549091,716343,4250,7816,4033888,1277502,5311390,14927
2022-05-18,2022,5,18,chokepoint6,Strait of Hormuz,10,12,5,5,62,32,94,357303,342502,22822,9238,2207725,731866,2939592,14930
2022-05-19,2022,5,19,chokepoint6,Strait of Hormuz,12,26,6,1,60,45,105,364704,741864,19236,0,2736997,1125806,3862803,14933
2022-05-20,2022,5,20,chokepoint6,Strait of Hormuz,15,10,6,5,62,36,98,520085,316893,34153,0,2801504,871133,3672637,14936
2022-05-21,2022,5,21,chokepoint6,Strait of Hormuz,15,19,7,1,58,42,100,610420,294928,39505,4909,2868416,949764,3818181,14939
2022-05-22,2022,5,22,chokepoint6,Strait of Hormuz,12,6,3,1,68,22,90,193241,258857,13294,5310,4292429,470703,4763132,14942
2022-05-23,2022,5,23,chokepoint6,Strait of Hormuz,10,13,2,0,62,25,87,271275,354574,19559,0,2497832,645410,3143242,14945
2022-05-24,2022,5,24,chokepoint6,Strait of Hormuz,20,14,1,0,58,35,93,651948,328252,756,0,3193868,980957,4174826,14948
2022-05-25,2022,5,25,chokepoint6,Strait of Hormuz,20,15,3,3,45,41,86,600316,612613,14403,0,2588641,1227333,3815975,14951
2022-05-26,2022,5,26,chokepoint6,Strait of Hormuz,7,13,5,1,63,26,89,155985,653703,23039,0,1876300,832728,2709028,14954
2022-05-27,2022,5,27,chokepoint6,Strait of Hormuz,14,17,2,4,69,37,106,549867,530140,0,5000,3933921,1085008,5018929,14957
2022-05-28,2022,5,28,chokepoint6,Strait of Hormuz,17,13,0,0,67,30,97,640053,630149,0,0,2645399,1270202,3915602,14960
2022-05-29,2022,5,29,chokepoint6,Strait of Hormuz,13,20,4,5,62,42,104,357818,579134,14403,13335,3170922,964692,4135615,14963
2022-05-30,2022,5,30,chokepoint6,Strait of Hormuz,16,12,6,1,69,35,104,577615,507148,15431,0,2932898,1100196,4033094,14972
2022-05-31,2022,5,31,chokepoint6,Strait of Hormuz,15,11,1,1,60,28,88,384466,467215,31075,3226,2282215,885983,3168199,14975
2022-06-01,2022,6,1,chokepoint6,Strait of Hormuz,16,16,3,4,64,39,103,495010,556245,27066,6670,2440104,1084992,3525096,14978
2022-06-02,2022,6,2,chokepoint6,Strait of Hormuz,16,20,2,4,70,42,112,430702,466040,18931,5602,3477705,921277,4398983,14981
2022-06-03,2022,6,3,chokepoint6,Strait of Hormuz,10,18,5,5,60,38,98,257431,688330,12642,2731,3861852,961137,4822989,14984
2022-06-04,2022,6,4,chokepoint6,Strait of Hormuz,18,13,3,1,49,35,84,565746,541914,34099,0,1999948,1141761,3141709,14987
2022-06-05,2022,6,5,chokepoint6,Strait of Hormuz,14,17,3,1,63,35,98,378322,546638,15639,0,3219795,940600,4160396,14990
2022-06-06,2022,6,6,chokepoint6,Strait of Hormuz,12,12,1,5,67,30,97,306897,530909,2432,4660,2544006,844900,3388906,14993
2022-06-07,2022,6,7,chokepoint6,Strait of Hormuz,20,16,4,2,66,42,108,382421,529702,21868,4025,3951818,938017,4889836,14996
2022-06-08,2022,6,8,chokepoint6,Strait of Hormuz,24,25,4,2,63,55,118,739559,1175063,14097,2864,2662024,1931584,4593609,14999
2022-06-09,2022,6,9,chokepoint6,Strait of Hormuz,10,10,3,0,60,23,83,293204,293776,10156,0,1800673,597137,2397810,15002
2022-06-10,2022,6,10,chokepoint6,Strait of Hormuz,20,15,1,4,72,40,112,885378,392764,0,5675,4203285,1283819,5487104,15004
2022-06-11,2022,6,11,chokepoint6,Strait of Hormuz,16,14,3,2,57,35,92,466240,248391,8071,5486,3895059,728190,4623249,15007
2022-06-12,2022,6,12,chokepoint6,Strait of Hormuz,16,11,3,1,63,31,94,347762,524393,33028,0,2158793,905184,3063977,15010
2022-06-13,2022,6,13,chokepoint6,Strait of Hormuz,14,9,0,2,42,25,67,387812,459725,0,3750,2318051,851287,3169339,15013
2022-06-14,2022,6,14,chokepoint6,Strait of Hormuz,15,22,6,0,73,43,116,445298,756779,71125,0,5252792,1273203,6525995,15023
2022-06-15,2022,6,15,chokepoint6,Strait of Hormuz,16,13,3,2,65,34,99,497632,497124,14726,2788,3038721,1012270,4050992,15026
2022-06-16,2022,6,16,chokepoint6,Strait of Hormuz,19,20,1,3,69,43,112,738148,830276,10896,0,3785691,1579320,5365012,15029
2022-06-17,2022,6,17,chokepoint6,Strait of Hormuz,21,8,5,1,60,35,95,438792,265842,17690,0,2120043,722325,2842369,15032
2022-06-18,2022,6,18,chokepoint6,Strait of Hormuz,11,15,4,2,53,32,85,355036,255317,37012,6012,2897073,653379,3550452,15035
2022-06-19,2022,6,19,chokepoint6,Strait of Hormuz,8,21,1,1,73,31,104,357318,420628,16174,0,2994840,794121,3788961,15038
2022-06-20,2022,6,20,chokepoint6,Strait of Hormuz,23,16,1,3,60,43,103,582768,783754,1415,10686,2955076,1378624,4333700,15041
2022-06-21,2022,6,21,chokepoint6,Strait of Hormuz,19,13,3,4,48,39,87,505652,330762,6958,6615,1442422,849988,2292411,15044
2022-06-22,2022,6,22,chokepoint6,Strait of Hormuz,19,23,0,2,64,44,108,576424,1242546,0,16127,4165392,1835099,6000491,15047
2022-06-23,2022,6,23,chokepoint6,Strait of Hormuz,15,16,3,4,58,38,96,349250,454059,3284,0,2229018,806594,3035613,15050
2022-06-24,2022,6,24,chokepoint6,Strait of Hormuz,11,19,3,1,56,34,90,207282,309096,13405,0,4367438,529785,4897223,15053
2022-06-25,2022,6,25,chokepoint6,Strait of Hormuz,20,23,4,2,72,49,121,673788,785708,4682,6039,3714773,1470218,5184991,15056
2022-06-26,2022,6,26,chokepoint6,Strait of Hormuz,14,10,5,1,62,30,92,380149,280760,13769,0,3603158,674678,4277837,15059
2022-06-27,2022,6,27,chokepoint6,Strait of Hormuz,12,20,3,1,71,36,107,244780,473149,2496,0,2840549,720426,3560976,15062
2022-06-28,2022,6,28,chokepoint6,Strait of Hormuz,17,17,1,2,55,37,92,351793,644792,1415,5552,2291585,1003553,3295138,15065
2022-06-29,2022,6,29,chokepoint6,Strait of Hormuz,17,21,2,2,50,42,92,584583,796675,16826,0,2311524,1398086,3709611,15071
2022-06-30,2022,6,30,chokepoint6,Strait of Hormuz,19,17,1,3,77,40,117,489801,701971,3366,5536,3015209,1200676,4215886,15073
2022-07-01,2022,7,1,chokepoint6,Strait of Hormuz,10,14,4,3,54,31,85,369537,394908,18469,3847,2689711,786761,3476473,15076
2022-07-02,2022,7,2,chokepoint6,Strait of Hormuz,15,16,6,3,58,40,98,511354,449399,43534,4590,4034606,1008879,5043485,15079
2022-07-03,2022,7,3,chokepoint6,Strait of Hormuz,6,18,3,4,63,31,94,177626,595671,4114,7777,4115994,785190,4901185,15082
2022-07-04,2022,7,4,chokepoint6,Strait of Hormuz,15,20,1,2,68,38,106,341192,178072,21111,7827,3441320,548204,3989524,15085
2022-07-05,2022,7,5,chokepoint6,Strait of Hormuz,18,10,2,0,57,30,87,441547,276099,710,0,3284456,718357,4002813,15088
2022-07-06,2022,7,6,chokepoint6,Strait of Hormuz,13,12,7,2,57,34,91,254303,339687,43737,872,2454584,638600,3093185,15091
2022-07-07,2022,7,7,chokepoint6,Strait of Hormuz,9,14,1,3,54,27,81,186604,579622,30056,7019,3042503,803302,3845805,15094
2022-07-08,2022,7,8,chokepoint6,Strait of Hormuz,17,14,4,1,73,36,109,520974,503631,13643,0,4200394,1038249,5238643,15097
2022-07-09,2022,7,9,chokepoint6,Strait of Hormuz,17,18,2,5,53,42,95,554360,447556,189,11782,2802928,1013888,3816817,15100
2022-07-10,2022,7,10,chokepoint6,Strait of Hormuz,10,12,3,1,56,26,82,236170,373203,16447,2829,2911318,628652,3539970,15103
2022-07-11,2022,7,11,chokepoint6,Strait of Hormuz,10,12,3,3,60,28,88,254974,481330,8103,10415,2997364,754823,3752188,15106
2022-07-12,2022,7,12,chokepoint6,Strait of Hormuz,17,12,4,0,48,33,81,479600,885791,27891,0,2470375,1393284,3863659,15109
2022-07-13,2022,7,13,chokepoint6,Strait of Hormuz,16,17,2,2,52,37,89,471172,744520,14994,7826,2191424,1238513,3429937,15112
2022-07-14,2022,7,14,chokepoint6,Strait of Hormuz,19,14,4,4,81,41,122,562826,401036,38941,0,4235630,1002804,5238434,15115
2022-07-15,2022,7,15,chokepoint6,Strait of Hormuz,11,14,3,1,72,29,101,411628,584405,9328,2052,4132270,1007414,5139685,15120
2022-07-16,2022,7,16,chokepoint6,Strait of Hormuz,18,11,4,6,54,39,93,369076,397448,66871,10846,2933931,844243,3778175,15124
2022-07-17,2022,7,17,chokepoint6,Strait of Hormuz,13,13,4,0,59,30,89,244359,810914,59694,0,2963409,1114968,4078378,15126
2022-07-18,2022,7,18,chokepoint6,Strait of Hormuz,18,16,1,3,66,38,104,624221,786259,9298,14061,3498063,1433841,4931904,15129
2022-07-19,2022,7,19,chokepoint6,Strait of Hormuz,15,8,1,1,53,25,78,556221,223982,0,5384,2689895,785588,3475483,15132
2022-07-20,2022,7,20,chokepoint6,Strait of Hormuz,16,18,2,2,67,38,105,348161,530745,189,0,4005198,879095,4884294,15135
2022-07-21,2022,7,21,chokepoint6,Strait of Hormuz,16,18,5,3,67,42,109,612268,813749,29390,4087,2307344,1459494,3766839,15138
2022-07-22,2022,7,22,chokepoint6,Strait of Hormuz,10,4,1,1,62,16,78,338548,104303,1287,0,3203385,444139,3647524,15141
2022-07-23,2022,7,23,chokepoint6,Strait of Hormuz,14,16,2,5,59,37,96,480014,586272,316,14390,3364197,1080994,4445191,15144
2022-07-24,2022,7,24,chokepoint6,Strait of Hormuz,14,15,2,2,60,33,93,530178,272061,2268,0,1876436,804508,2680945,15147
2022-07-25,2022,7,25,chokepoint6,Strait of Hormuz,14,11,6,2,65,33,98,512599,420500,38988,0,2796235,972088,3768323,15150
2022-07-26,2022,7,26,chokepoint6,Strait of Hormuz,16,19,5,0,65,40,105,558208,627984,24472,0,2424438,1210665,3635104,15153
2022-07-27,2022,7,27,chokepoint6,Strait of Hormuz,8,11,1,3,61,23,84,289131,491095,0,7519,2780722,787746,3568468,15156
2022-07-28,2022,7,28,chokepoint6,Strait of Hormuz,17,14,3,3,55,37,92,516909,342535,14082,3045,2790771,876572,3667343,15159
2022-07-29,2022,7,29,chokepoint6,Strait of Hormuz,16,17,5,0,52,38,90,674696,576743,11142,0,2879609,1262581,4142191,15162
2022-07-30,2022,7,30,chokepoint6,Strait of Hormuz,10,17,3,1,62,31,93,223426,624059,9279,0,2331167,856765,3187932,15165
2022-07-31,2022,7,31,chokepoint6,Strait of Hormuz,16,17,3,2,55,38,93,474971,379767,5507,0,3072270,860246,3932517,15172
2022-08-01,2022,8,1,chokepoint6,Strait of Hormuz,15,12,6,1,61,34,95,401592,365975,38504,3643,3433961,809716,4243677,15175
2022-08-02,2022,8,2,chokepoint6,Strait of Hormuz,19,23,4,2,48,48,96,540632,1038408,3717,0,2143070,1582758,3725828,15178
2022-08-03,2022,8,3,chokepoint6,Strait of Hormuz,15,24,6,5,59,50,109,619538,873784,30781,21591,2305123,1545696,3850819,15181
2022-08-04,2022,8,4,chokepoint6,Strait of Hormuz,16,23,3,0,62,42,104,327638,614273,3292,0,3876547,945203,4821751,15184
2022-08-05,2022,8,5,chokepoint6,Strait of Hormuz,19,17,1,7,66,44,110,687510,645565,38626,0,3010422,1371702,4382125,15187
2022-08-06,2022,8,6,chokepoint6,Strait of Hormuz,15,14,3,1,58,33,91,401129,506676,1932,5666,3433374,915405,4348779,15190
2022-08-07,2022,8,7,chokepoint6,Strait of Hormuz,16,10,1,2,64,29,93,548472,296233,0,4144,1994585,848849,2843434,15193
2022-08-08,2022,8,8,chokepoint6,Strait of Hormuz,16,18,4,3,53,41,94,366417,643435,23037,3848,3357807,1036739,4394546,15196
2022-08-09,2022,8,9,chokepoint6,Strait of Hormuz,14,16,2,2,54,34,88,528442,752788,1287,0,2280293,1282517,3562811,15199
2022-08-10,2022,8,10,chokepoint6,Strait of Hormuz,19,19,1,2,71,41,112,384602,568901,9232,12224,3516922,974960,4491883,15202
2022-08-11,2022,8,11,chokepoint6,Strait of Hormuz,17,14,5,5,65,41,106,521299,628317,45194,7001,3073757,1201812,4275569,15205
2022-08-12,2022,8,12,chokepoint6,Strait of Hormuz,9,18,3,1,69,31,100,223761,781408,9601,0,3237365,1014771,4252136,15208
2022-08-13,2022,8,13,chokepoint6,Strait of Hormuz,16,20,2,2,57,40,97,610669,852282,11756,0,1918555,1474708,3393264,15211
2022-08-14,2022,8,14,chokepoint6,Strait of Hormuz,10,21,1,0,54,32,86,264899,836746,4145,0,3486370,1105792,4592162,15214
2022-08-15,2022,8,15,chokepoint6,Strait of Hormuz,13,17,2,2,59,34,93,417683,1037509,12673,3597,2320998,1471463,3792461,15216
2022-08-16,2022,8,16,chokepoint6,Strait of Hormuz,19,15,4,6,69,44,113,517883,347187,13689,10438,3179037,889199,4068237,15219
2022-08-17,2022,8,17,chokepoint6,Strait of Hormuz,23,17,6,4,72,50,122,653773,572816,58405,9591,4783396,1294587,6077983,15222
2022-08-18,2022,8,18,chokepoint6,Strait of Hormuz,16,12,6,2,62,36,98,364636,420499,34494,0,3254901,819630,4074531,15225
2022-08-19,2022,8,19,chokepoint6,Strait of Hormuz,27,14,5,3,71,49,120,898627,448621,45879,0,2266067,1393129,3659196,15228
2022-08-20,2022,8,20,chokepoint6,Strait of Hormuz,16,14,3,1,65,34,99,455218,485241,11919,0,3112998,952379,4065377,15231
2022-08-21,2022,8,21,chokepoint6,Strait of Hormuz,11,13,3,2,59,29,88,324848,494051,9743,9845,3255964,838489,4094454,15234
2022-08-22,2022,8,22,chokepoint6,Strait of Hormuz,12,14,6,1,48,33,81,278969,353904,61510,0,2733090,694385,3427475,15237
2022-08-23,2022,8,23,chokepoint6,Strait of Hormuz,19,17,2,2,63,40,103,417816,429682,12020,0,2268575,859519,3128094,15240
2022-08-24,2022,8,24,chokepoint6,Strait of Hormuz,14,19,7,2,63,42,105,467073,570988,51867,0,3543485,1089929,4633414,15243
2022-08-25,2022,8,25,chokepoint6,Strait of Hormuz,15,19,7,1,71,42,113,362680,795718,36830,0,2453847,1195229,3649076,15246
2022-08-26,2022,8,26,chokepoint6,Strait of Hormuz,20,25,4,1,54,50,104,750695,994277,17231,0,3611240,1762204,5373444,15249
2022-08-27,2022,8,27,chokepoint6,Strait of Hormuz,14,27,2,1,68,44,112,301821,971701,27862,0,3395214,1301386,4696601,15252
2022-08-28,2022,8,28,chokepoint6,Strait of Hormuz,20,18,4,4,71,46,117,703813,504978,23493,0,3732544,1232284,4964829,15255
2022-08-29,2022,8,29,chokepoint6,Strait of Hormuz,14,22,2,2,59,40,99,286185,765886,12949,4994,3151751,1070015,4221767,15258
2022-08-30,2022,8,30,chokepoint6,Strait of Hormuz,17,27,4,0,57,48,105,410768,1166193,23209,0,1790460,1600171,3390632,15261
2022-08-31,2022,8,31,chokepoint6,Strait of Hormuz,14,17,4,2,61,37,98,451352,526642,24307,2346,5006968,1004650,6011618,15264
2022-09-01,2022,9,1,chokepoint6,Strait of Hormuz,17,24,5,3,67,49,116,358247,759940,15069,12656,3477846,1145914,4623760,15275
2022-09-02,2022,9,2,chokepoint6,Strait of Hormuz,16,11,3,3,67,33,100,445319,493857,2831,7743,3601877,949752,4551630,15278
2022-09-03,2022,9,3,chokepoint6,Strait of Hormuz,10,25,7,2,61,44,105,272546,802842,9939,7075,3335507,1092404,4427911,15280
2022-09-04,2022,9,4,chokepoint6,Strait of Hormuz,18,17,4,1,62,40,102,488723,889423,21483,0,4547441,1399631,5947072,15283
2022-09-05,2022,9,5,chokepoint6,Strait of Hormuz,11,12,4,4,62,31,93,401225,474522,11625,7872,4032336,895246,4927583,15286
2022-09-06,2022,9,6,chokepoint6,Strait of Hormuz,18,21,3,2,54,44,98,574101,772671,3135,6226,2269016,1356135,3625152,15289
2022-09-07,2022,9,7,chokepoint6,Strait of Hormuz,15,14,2,2,48,33,81,434222,586886,40378,7212,2490556,1068700,3559257,15292
2022-09-08,2022,9,8,chokepoint6,Strait of Hormuz,10,14,6,3,56,33,89,261721,669482,13667,3341,4069283,948213,5017496,15295
2022-09-09,2022,9,9,chokepoint6,Strait of Hormuz,18,22,4,3,57,47,104,514056,685804,78399,0,2438421,1278261,3716682,15298
2022-09-10,2022,9,10,chokepoint6,Strait of Hormuz,13,19,1,1,68,34,102,590017,649765,12000,0,2487157,1251783,3738941,15301
2022-09-11,2022,9,11,chokepoint6,Strait of Hormuz,8,14,1,1,73,24,97,181531,333985,13983,0,3573485,529499,4102985,15304
2022-09-12,2022,9,12,chokepoint6,Strait of Hormuz,21,19,2,3,69,45,114,887966,853752,0,11773,3134948,1753491,4888440,15307
2022-09-13,2022,9,13,chokepoint6,Strait of Hormuz,18,15,3,1,61,37,98,390346,387498,44583,5170,2726922,827599,3554521,15310
2022-09-14,2022,9,14,chokepoint6,Strait of Hormuz,19,22,13,3,54,57,111,661297,642313,66050,7705,3093387,1377367,4470755,15313
2022-09-15,2022,9,15,chokepoint6,Strait of Hormuz,15,20,6,2,67,43,110,398524,628475,28312,6046,3939915,1061359,5001274,15325
2022-09-16,2022,9,16,chokepoint6,Strait of Hormuz,18,10,6,1,71,35,106,499659,275349,36571,0,2279891,811579,3091471,15328
2022-09-17,2022,9,17,chokepoint6,Strait of Hormuz,17,10,1,3,59,31,90,462614,47607,7939,8189,2580223,526351,3106575,15330
2022-09-18,2022,9,18,chokepoint6,Strait of Hormuz,13,26,1,0,49,40,89,237588,939243,0,0,3007034,1176832,4183866,15332
2022-09-19,2022,9,19,chokepoint6,Strait of Hormuz,12,15,4,1,44,32,76,355170,385539,17052,0,2187520,757762,2945283,15335
2022-09-20,2022,9,20,chokepoint6,Strait of Hormuz,15,15,5,3,60,38,98,392839,557339,15261,11649,3597301,977088,4574390,15338
2022-09-21,2022,9,21,chokepoint6,Strait of Hormuz,13,14,5,3,72,35,107,421578,463284,21845,8642,3082369,915351,3997721,15341
2022-09-22,2022,9,22,chokepoint6,Strait of Hormuz,13,8,4,1,63,26,89,317847,328767,41396,0,2925199,688012,3613211,15344
2022-09-23,2022,9,23,chokepoint6,Strait of Hormuz,16,20,4,0,66,40,106,571497,1049047,27815,0,2509341,1648360,4157702,15347
2022-09-24,2022,9,24,chokepoint6,Strait of Hormuz,22,22,8,6,63,58,121,447703,886298,20912,9616,3239819,1364531,4604350,15350
2022-09-25,2022,9,25,chokepoint6,Strait of Hormuz,14,14,6,1,73,35,108,452474,481936,34313,0,3914294,968724,4883019,15353
2022-09-26,2022,9,26,chokepoint6,Strait of Hormuz,17,29,0,0,54,46,100,550929,1139983,0,0,1672843,1690913,3363757,15356
2022-09-27,2022,9,27,chokepoint6,Strait of Hormuz,16,14,4,1,58,35,93,468653,430713,27076,0,2332914,926442,3259356,15359
2022-09-28,2022,9,28,chokepoint6,Strait of Hormuz,17,14,3,5,58,39,97,581684,535663,17523,8002,2517804,1142874,3660678,15362
2022-09-29,2022,9,29,chokepoint6,Strait of Hormuz,6,20,3,0,70,29,99,71122,532984,6401,0,2738634,610509,3349143,15365
2022-09-30,2022,9,30,chokepoint6,Strait of Hormuz,20,13,4,3,63,40,103,656805,457856,28894,4909,3353641,1148465,4502107,15372
2022-10-01,2022,10,1,chokepoint6,Strait of Hormuz,15,14,2,3,65,34,99,382905,429338,4162,7416,3521027,823822,4344849,15375
2022-10-02,2022,10,2,chokepoint6,Strait of Hormuz,11,17,4,3,66,35,101,290687,693377,6021,6583,3278432,996670,4275102,15379
2022-10-03,2022,10,3,chokepoint6,Strait of Hormuz,9,16,2,1,52,28,80,324297,327423,15216,0,3733378,666937,4400316,15382
2022-10-04,2022,10,4,chokepoint6,Strait of Hormuz,13,15,3,2,56,33,89,291593,356019,18294,3591,4017618,669499,4687118,15385
2022-10-05,2022,10,5,chokepoint6,Strait of Hormuz,16,22,3,4,65,45,110,647725,816072,13379,3748,3104402,1480926,4585328,15388
2022-10-06,2022,10,6,chokepoint6,Strait of Hormuz,12,15,3,2,52,32,84,438429,603308,7672,0,1902375,1049410,2951785,15391
2022-10-07,2022,10,7,chokepoint6,Strait of Hormuz,14,21,5,3,59,43,102,382333,1022516,61704,5377,2990966,1471931,4462897,15394
2022-10-08,2022,10,8,chokepoint6,Strait of Hormuz,16,18,2,3,59,39,98,359553,768362,34731,6736,2249723,1169383,3419107,15397
2022-10-09,2022,10,9,chokepoint6,Strait of Hormuz,17,18,3,0,57,38,95,627878,448112,6547,0,2494411,1082537,3576949,15400
2022-10-10,2022,10,10,chokepoint6,Strait of Hormuz,20,16,4,2,52,42,94,592450,849794,22292,0,2489781,1464538,3954319,15403
2022-10-11,2022,10,11,chokepoint6,Strait of Hormuz,17,15,3,3,57,38,95,393589,566890,8630,10769,2032403,979880,3012284,15406
2022-10-12,2022,10,12,chokepoint6,Strait of Hormuz,19,19,4,4,64,46,110,638457,691127,20747,3648,3271681,1353980,4625662,15409
2022-10-13,2022,10,13,chokepoint6,Strait of Hormuz,14,15,4,1,68,34,102,248726,352672,23221,0,3373060,624620,3997681,15412
2022-10-14,2022,10,14,chokepoint6,Strait of Hormuz,18,19,5,3,59,45,104,511525,480101,40968,3120,2257986,1035716,3293702,15415
2022-10-15,2022,10,15,chokepoint6,Strait of Hormuz,16,16,5,2,60,39,99,524423,727803,55250,2106,3365930,1309583,4675513,15422
2022-10-16,2022,10,16,chokepoint6,Strait of Hormuz,16,16,3,1,58,36,94,407560,646467,0,0,2990329,1054028,4044357,15425
2022-10-17,2022,10,17,chokepoint6,Strait of Hormuz,14,17,6,3,63,40,103,346371,708335,28581,3213,4271695,1086501,5358197,15428
2022-10-18,2022,10,18,chokepoint6,Strait of Hormuz,18,21,2,2,57,43,100,428261,419683,19728,0,2180244,867673,3047918,15431
2022-10-19,2022,10,19,chokepoint6,Strait of Hormuz,15,16,7,2,69,40,109,570492,849748,84598,5707,3108013,1510547,4618560,15434
2022-10-20,2022,10,20,chokepoint6,Strait of Hormuz,12,13,4,3,58,32,90,386802,438112,21470,17774,2257864,864160,3122024,15437
2022-10-21,2022,10,21,chokepoint6,Strait of Hormuz,17,12,4,5,59,38,97,395180,427674,15101,11531,2560104,849488,3409592,15440
2022-10-22,2022,10,22,chokepoint6,Strait of Hormuz,14,16,5,0,59,35,94,244620,521265,80526,0,2960839,846412,3807251,15443
2022-10-23,2022,10,23,chokepoint6,Strait of Hormuz,15,23,7,2,72,47,119,578733,568436,36392,0,2101211,1183563,3284774,15446
2022-10-24,2022,10,24,chokepoint6,Strait of Hormuz,15,11,2,2,68,30,98,268822,447027,13792,0,3802920,729642,4532563,15449
2022-10-25,2022,10,25,chokepoint6,Strait of Hormuz,20,23,2,3,62,48,110,676666,584287,8146,4505,3043001,1273605,4316606,15452
2022-10-26,2022,10,26,chokepoint6,Strait of Hormuz,15,16,7,3,72,41,113,510539,523198,31766,9928,3617552,1075432,4692984,15455
2022-10-27,2022,10,27,chokepoint6,Strait of Hormuz,18,16,4,3,65,41,106,335734,607054,15576,10454,2824081,968820,3792902,15458
2022-10-28,2022,10,28,chokepoint6,Strait of Hormuz,13,21,0,7,78,41,119,375583,555104,0,1900,3575476,932589,4508066,15461
2022-10-29,2022,10,29,chokepoint6,Strait of Hormuz,10,17,2,0,61,29,90,251788,536585,2997,0,2916313,791371,3707685,15464
2022-10-30,2022,10,30,chokepoint6,Strait of Hormuz,18,15,4,2,60,39,99,474067,538960,18586,5860,3076529,1037475,4114004,15473
2022-10-31,2022,10,31,chokepoint6,Strait of Hormuz,11,14,6,1,46,32,78,209034,523565,29795,3086,2607769,765482,3373251,15476
2022-11-01,2022,11,1,chokepoint6,Strait of Hormuz,20,20,1,2,60,43,103,510091,433169,3190,0,3453951,946452,4400404,15479
2022-11-02,2022,11,2,chokepoint6,Strait of Hormuz,14,9,4,1,61,28,89,523760,372587,8595,2592,4246273,907536,5153810,15482
2022-11-03,2022,11,3,chokepoint6,Strait of Hormuz,19,16,4,6,64,45,109,469028,838322,33633,11601,2562581,1352586,3915167,15485
2022-11-04,2022,11,4,chokepoint6,Strait of Hormuz,8,16,2,2,44,28,72,412906,442965,17765,0,3127775,873636,4001411,15488
2022-11-05,2022,11,5,chokepoint6,Strait of Hormuz,14,14,4,5,59,37,96,285483,557877,17054,8777,3057843,869192,3927035,15491
2022-11-06,2022,11,6,chokepoint6,Strait of Hormuz,12,18,3,1,51,34,85,213011,314992,17284,0,2870996,545287,3416283,15494
2022-11-07,2022,11,7,chokepoint6,Strait of Hormuz,9,23,3,1,55,36,91,260649,727788,3381,3393,3288213,995212,4283426,15497
2022-11-08,2022,11,8,chokepoint6,Strait of Hormuz,16,22,4,4,67,46,113,384761,887826,13945,7886,2673619,1294420,3968039,15500
2022-11-09,2022,11,9,chokepoint6,Strait of Hormuz,15,9,2,1,47,27,74,460223,336838,35164,5808,2551702,838034,3389737,15503
2022-11-10,2022,11,10,chokepoint6,Strait of Hormuz,18,16,4,2,57,40,97,806286,522410,8493,0,2826826,1337190,4164016,15506
2022-11-11,2022,11,11,chokepoint6,Strait of Hormuz,13,19,4,3,74,39,113,467518,539410,13836,6436,3981421,1027202,5008624,15509
2022-11-12,2022,11,12,chokepoint6,Strait of Hormuz,13,21,8,1,46,43,89,267100,552278,36027,2959,1990242,858365,2848607,15512
2022-11-13,2022,11,13,chokepoint6,Strait of Hormuz,8,9,6,1,57,24,81,351237,413206,62978,4064,3402305,831486,4233791,15515
2022-11-14,2022,11,14,chokepoint6,Strait of Hormuz,14,14,2,1,44,31,75,523073,640128,11409,0,1316097,1174611,2490709,15522
2022-11-15,2022,11,15,chokepoint6,Strait of Hormuz,11,11,5,5,50,32,82,216387,307550,21140,6149,2285645,551227,2836873,15526
2022-11-16,2022,11,16,chokepoint6,Strait of Hormuz,16,25,5,2,51,48,99,621962,1013684,15299,6172,3884226,1657118,5541345,15528
2022-11-17,2022,11,17,chokepoint6,Strait of Hormuz,22,11,3,0,67,36,103,432667,375499,3033,0,3818532,811201,4629733,15531
2022-11-18,2022,11,18,chokepoint6,Strait of Hormuz,18,13,6,5,52,42,94,641391,362013,32095,8195,2964560,1043695,4008256,15534
2022-11-19,2022,11,19,chokepoint6,Strait of Hormuz,9,12,4,2,54,27,81,265497,498580,24492,0,2631380,788570,3419950,15537
2022-11-20,2022,11,20,chokepoint6,Strait of Hormuz,16,15,3,2,61,36,97,483148,534854,25829,8148,2424603,1051981,3476584,15540
2022-11-21,2022,11,21,chokepoint6,Strait of Hormuz,10,11,0,2,44,23,67,433236,362917,0,6730,1861090,802883,2663974,15543
2022-11-22,2022,11,22,chokepoint6,Strait of Hormuz,16,12,2,1,53,31,84,485652,814717,13073,0,1685871,1313443,2999314,15546
2022-11-23,2022,11,23,chokepoint6,Strait of Hormuz,18,20,3,4,50,45,95,713771,607535,5533,8420,2793057,1335261,4128319,15549
2022-11-24,2022,11,24,chokepoint6,Strait of Hormuz,13,9,6,2,52,30,82,269295,298348,32657,0,2690078,600302,3290380,15552
2022-11-25,2022,11,25,chokepoint6,Strait of Hormuz,14,13,7,0,64,34,98,432674,565216,19292,0,2110427,1017183,3127610,15555
2022-11-26,2022,11,26,chokepoint6,Strait of Hormuz,12,17,4,1,45,34,79,449228,575436,15771,0,1690569,1040436,2731006,15558
2022-11-27,2022,11,27,chokepoint6,Strait of Hormuz,14,10,3,1,55,28,83,390199,402139,9426,0,2730937,801765,3532703,15561
2022-11-28,2022,11,28,chokepoint6,Strait of Hormuz,13,20,4,5,57,42,99,292236,599104,24891,14051,2072072,930284,3002356,15564
2022-11-29,2022,11,29,chokepoint6,Strait of Hormuz,23,16,4,4,55,47,102,575325,461060,19780,2520,2196537,1058688,3255225,15566
2022-11-30,2022,11,30,chokepoint6,Strait of Hormuz,14,15,3,2,58,34,92,401328,281501,53008,0,3474836,735838,4210674,15569
2022-12-01,2022,12,1,chokepoint6,Strait of Hormuz,11,13,4,3,63,31,94,311443,480010,9146,3443,2333101,804044,3137145,15571
2022-12-02,2022,12,2,chokepoint6,Strait of Hormuz,13,12,3,3,59,31,90,442383,177942,10519,10451,3450110,641296,4091407,15574
2022-12-03,2022,12,3,chokepoint6,Strait of Hormuz,15,14,2,4,61,35,96,556366,510265,7941,8660,3998726,1083233,5081959,15577
2022-12-04,2022,12,4,chokepoint6,Strait of Hormuz,13,16,3,1,48,33,81,134769,824295,5169,0,2957540,964234,3921774,15580
2022-12-05,2022,12,5,chokepoint6,Strait of Hormuz,20,11,3,1,50,35,85,409450,469799,14654,1679,2501401,895583,3396985,15583
2022-12-06,2022,12,6,chokepoint6,Strait of Hormuz,19,18,2,2,51,41,92,515321,589644,11284,3080,1608522,1119331,2727853,15586
2022-12-07,2022,12,7,chokepoint6,Strait of Hormuz,9,18,4,3,53,34,87,332050,612188,86652,8870,4040552,1039762,5080315,15589
2022-12-08,2022,12,8,chokepoint6,Strait of Hormuz,12,9,6,4,52,31,83,468455,403522,48842,5494,1923665,926314,2849980,15592
2022-12-09,2022,12,9,chokepoint6,Strait of Hormuz,13,20,3,1,49,37,86,437695,706055,16940,0,2377104,1160692,3537796,15595
2022-12-10,2022,12,10,chokepoint6,Strait of Hormuz,20,17,3,2,56,42,98,379293,439842,21447,0,2693608,840583,3534192,15598
2022-12-11,2022,12,11,chokepoint6,Strait of Hormuz,12,14,4,1,48,31,79,379352,599454,9801,5888,2455977,994496,3450474,15601
2022-12-12,2022,12,12,chokepoint6,Strait of Hormuz,11,17,3,4,54,35,89,441488,308931,4008,15091,2648183,769519,3417702,15604
2022-12-13,2022,12,13,chokepoint6,Strait of Hormuz,20,14,1,1,65,36,101,559917,532466,4488,3336,1364116,1100209,2464326,15607
2022-12-14,2022,12,14,chokepoint6,Strait of Hormuz,12,19,3,3,51,37,88,202851,588129,13270,8179,4668462,812431,5480893,15610
2022-12-15,2022,12,15,chokepoint6,Strait of Hormuz,13,13,5,3,57,34,91,342555,277803,37743,4713,2669743,662816,3332559,15613
2022-12-16,2022,12,16,chokepoint6,Strait of Hormuz,17,16,1,1,53,35,88,735678,494430,14186,847,3015129,1245143,4260272,15624
2022-12-17,2022,12,17,chokepoint6,Strait of Hormuz,11,19,6,2,59,38,97,298029,766501,17955,0,2237722,1082485,3320207,15627
2022-12-18,2022,12,18,chokepoint6,Strait of Hormuz,10,25,3,2,65,40,105,115436,1117477,27802,6294,3089166,1267010,4356176,15629
2022-12-19,2022,12,19,chokepoint6,Strait of Hormuz,13,19,1,0,40,33,73,446999,906693,3093,0,1942178,1356786,3298964,15632
2022-12-20,2022,12,20,chokepoint6,Strait of Hormuz,12,15,5,1,60,33,93,441315,358835,29987,5707,2851509,835846,3687356,15635
2022-12-21,2022,12,21,chokepoint6,Strait of Hormuz,14,13,2,2,56,31,87,330868,476986,41851,0,2669718,849706,3519424,15638
2022-12-22,2022,12,22,chokepoint6,Strait of Hormuz,9,12,4,4,72,29,101,341223,326503,9659,9764,2676339,687151,3363491,15641
2022-12-23,2022,12,23,chokepoint6,Strait of Hormuz,17,9,4,3,51,33,84,690048,214656,21034,15674,2670282,941414,3611697,15644
2022-12-24,2022,12,24,chokepoint6,Strait of Hormuz,14,18,4,0,63,36,99,449696,879374,8936,0,3227054,1338007,4565062,15647
2022-12-25,2022,12,25,chokepoint6,Strait of Hormuz,11,17,7,2,58,37,95,509739,551371,42437,2528,3114700,1106076,4220776,15650
2022-12-26,2022,12,26,chokepoint6,Strait of Hormuz,11,12,4,1,59,28,87,290272,171355,10760,0,3098938,472388,3571326,15653
2022-12-27,2022,12,27,chokepoint6,Strait of Hormuz,15,14,4,3,54,36,90,541054,588458,6673,2283,2201310,1138470,3339781,15656
2022-12-28,2022,12,28,chokepoint6,Strait of Hormuz,18,11,3,0,55,32,87,493609,439118,41850,0,3162774,974578,4137353,15659
2022-12-29,2022,12,29,chokepoint6,Strait of Hormuz,12,12,4,1,43,29,72,351993,302491,20691,4912,1930144,680088,2610233,15662
2022-12-30,2022,12,30,chokepoint6,Strait of Hormuz,17,19,2,3,59,41,100,486469,811064,45725,4309,1410022,1347569,2757591,15665
2022-12-31,2022,12,31,chokepoint6,Strait of Hormuz,12,23,4,2,61,41,102,365474,500240,35904,0,3192561,901620,4094181,15673
2023-05-10,2023,5,10,chokepoint6,Strait of Hormuz,15,18,5,4,56,42,98,586550,680857,25345,11384,2951444,1304138,4255582,14001
2023-05-11,2023,5,11,chokepoint6,Strait of Hormuz,22,17,5,1,70,45,115,616794,975732,42768,0,3841674,1635295,5476970,14002
2023-05-12,2023,5,12,chokepoint6,Strait of Hormuz,12,21,3,2,81,38,119,280193,702402,20066,0,3550191,1002662,4552854,14003
2023-05-13,2023,5,13,chokepoint6,Strait of Hormuz,19,13,2,4,60,38,98,327870,514765,5497,4278,2695671,852411,3548082,14005
2023-05-14,2023,5,14,chokepoint6,Strait of Hormuz,19,18,2,1,63,40,103,558875,584794,2432,0,3812006,1146102,4958109,14006
2023-05-15,2023,5,15,chokepoint6,Strait of Hormuz,18,15,7,3,70,43,113,327493,285420,61536,6298,3266049,680747,3946797,14007
2023-05-16,2023,5,16,chokepoint6,Strait of Hormuz,22,17,5,5,60,49,109,581609,602990,25983,14560,2856115,1225143,4081258,14008
2023-05-17,2023,5,17,chokepoint6,Strait of Hormuz,16,16,5,1,58,38,96,405799,554710,25428,0,3684262,985938,4670201,14009
2023-05-18,2023,5,18,chokepoint6,Strait of Hormuz,18,17,5,4,58,44,102,462314,381023,24659,14228,2993418,882226,3875644,14010
2023-05-19,2023,5,19,chokepoint6,Strait of Hormuz,16,16,4,2,73,38,111,355810,531408,11015,0,2642749,898234,3540984,14011
2023-05-20,2023,5,20,chokepoint6,Strait of Hormuz,17,14,4,2,84,37,121,362496,732860,44600,6492,4036058,1146449,5182508,14012
2023-05-21,2023,5,21,chokepoint6,Strait of Hormuz,16,11,2,2,55,31,86,355608,363006,16643,11904,1769504,747163,2516668,14013
2023-05-22,2023,5,22,chokepoint6,Strait of Hormuz,16,11,5,4,54,36,90,205135,315785,17077,11427,1946054,549425,2495480,14014
2023-05-23,2023,5,23,chokepoint6,Strait of Hormuz,22,14,7,1,62,44,106,531654,366959,30968,3257,1278025,932840,2210865,14015
2023-05-24,2023,5,24,chokepoint6,Strait of Hormuz,21,14,1,3,68,39,107,683149,346074,4285,0,2913363,1033509,3946873,14016
2023-05-25,2023,5,25,chokepoint6,Strait of Hormuz,16,18,8,1,71,43,114,469815,843901,27526,0,4796529,1341243,6137773,14017
2023-05-26,2023,5,26,chokepoint6,Strait of Hormuz,18,19,4,2,59,43,102,423565,599043,29864,0,2028245,1052474,3080719,14018
2023-05-27,2023,5,27,chokepoint6,Strait of Hormuz,18,18,5,4,69,45,114,469473,742343,7259,5708,3477269,1224784,4702054,14019
2023-05-28,2023,5,28,chokepoint6,Strait of Hormuz,24,22,7,1,73,54,127,584713,884228,35685,0,3581501,1504628,5086130,14020
2023-05-29,2023,5,29,chokepoint6,Strait of Hormuz,17,16,4,1,56,38,94,573441,619705,60945,0,2917764,1254092,4171856,14021
2023-05-30,2023,5,30,chokepoint6,Strait of Hormuz,16,16,4,2,71,38,109,304512,795234,6098,2409,2841338,1108255,3949593,14022
2023-05-31,2023,5,31,chokepoint6,Strait of Hormuz,22,13,6,5,59,46,105,885472,370422,12143,18802,3065581,1286840,4352422,14023
2023-06-01,2023,6,1,chokepoint6,Strait of Hormuz,20,8,7,2,71,37,108,398607,228714,21725,0,2008291,649048,2657340,14024
2023-06-02,2023,6,2,chokepoint6,Strait of Hormuz,13,28,6,0,50,47,97,336768,818323,20244,0,2663808,1175336,3839144,14025
2023-06-03,2023,6,3,chokepoint6,Strait of Hormuz,29,19,8,0,82,56,138,661581,642848,72452,0,4571011,1376882,5947893,14026
2023-06-04,2023,6,4,chokepoint6,Strait of Hormuz,11,17,3,0,62,31,93,434211,627538,4954,0,4103453,1066704,5170157,14027
2023-06-05,2023,6,5,chokepoint6,Strait of Hormuz,16,23,5,0,66,44,110,310626,1078989,19199,0,3933990,1408815,5342806,14029
2023-06-06,2023,6,6,chokepoint6,Strait of Hormuz,21,20,3,3,53,47,100,463065,644659,17259,3951,2432236,1128936,3561172,14030
2023-06-07,2023,6,7,chokepoint6,Strait of Hormuz,14,22,6,4,70,46,116,644345,891378,22726,5467,3086133,1563917,4650051,14031
2023-06-08,2023,6,8,chokepoint6,Strait of Hormuz,20,17,5,2,46,44,90,364225,663073,27823,3931,2517823,1059053,3576877,14032
2023-06-09,2023,6,9,chokepoint6,Strait of Hormuz,13,21,6,3,62,43,105,367824,697959,26962,11439,3051397,1104185,4155582,14033
2023-06-10,2023,6,10,chokepoint6,Strait of Hormuz,21,21,4,0,61,46,107,541285,662255,33139,0,4108703,1236680,5345383,14034
2023-06-11,2023,6,11,chokepoint6,Strait of Hormuz,16,26,5,1,77,48,125,372690,1318599,7265,5247,3082061,1703803,4785864,14035
2023-06-12,2023,6,12,chokepoint6,Strait of Hormuz,14,26,8,1,71,49,120,442047,776748,33686,2364,4273985,1254847,5528833,14036
2023-06-13,2023,6,13,chokepoint6,Strait of Hormuz,24,15,4,2,57,45,102,652718,503139,24029,7407,3217980,1187295,4405276,14037
2023-06-14,2023,6,14,chokepoint6,Strait of Hormuz,18,11,2,6,41,37,78,448743,346530,579,0,2097219,795853,2893072,14038
2023-06-15,2023,6,15,chokepoint6,Strait of Hormuz,21,9,6,1,53,37,90,709434,219149,16280,0,4097333,944865,5042198,14039
2023-06-16,2023,6,16,chokepoint6,Strait of Hormuz,11,9,3,1,51,24,75,405160,264270,1929,0,3393289,671360,4064650,14040
2023-06-17,2023,6,17,chokepoint6,Strait of Hormuz,14,17,4,0,68,35,103,380626,609595,2900,0,2534698,993122,3527820,14041
2023-06-18,2023,6,18,chokepoint6,Strait of Hormuz,19,19,6,0,51,44,95,627193,859746,27193,0,3293693,1514133,4807827,14042
2023-06-19,2023,6,19,chokepoint6,Strait of Hormuz,13,17,9,3,71,42,113,245037,648890,10871,9569,3009656,914368,3924024,14043
2023-06-20,2023,6,20,chokepoint6,Strait of Hormuz,21,22,11,1,52,55,107,628300,907670,37959,5664,2491735,1579593,4071329,14044
2023-06-21,2023,6,21,chokepoint6,Strait of Hormuz,16,12,6,5,62,39,101,395601,256122,41866,13140,2050296,706730,2757027,14045
2023-06-22,2023,6,22,chokepoint6,Strait of Hormuz,19,17,5,2,53,43,96,554816,735092,1395,5796,3849758,1297101,5146859,14046
2023-06-23,2023,6,23,chokepoint6,Strait of Hormuz,22,16,5,1,64,44,108,589362,581906,39303,7299,2899454,1217870,4117325,14047
2023-06-24,2023,6,24,chokepoint6,Strait of Hormuz,22,20,5,0,81,47,128,509587,665140,51046,0,4248863,1225774,5474638,14048
2023-06-25,2023,6,25,chokepoint6,Strait of Hormuz,15,13,6,3,48,37,85,562309,508632,16385,7247,2988095,1094573,4082668,14049
2023-06-26,2023,6,26,chokepoint6,Strait of Hormuz,19,18,6,1,72,44,116,533471,669295,43910,3401,3192357,1250079,4442436,14050
2023-06-27,2023,6,27,chokepoint6,Strait of Hormuz,20,11,2,5,56,38,94,661120,491329,11670,5448,2068580,1169569,3238149,14051
2023-06-28,2023,6,28,chokepoint6,Strait of Hormuz,17,17,3,5,64,42,106,399655,626940,5734,0,2868903,1032331,3901234,14052
2023-06-29,2023,6,29,chokepoint6,Strait of Hormuz,16,15,8,1,63,40,103,557643,323373,76319,847,3294249,958183,4252433,14053
2023-06-30,2023,6,30,chokepoint6,Strait of Hormuz,22,28,4,2,69,56,125,602842,1086666,18726,2513,2835588,1710748,4546337,14054
2023-07-01,2023,7,1,chokepoint6,Strait of Hormuz,20,21,9,4,71,54,125,475053,674156,38676,2348,2722641,1190235,3912876,14055
2023-07-02,2023,7,2,chokepoint6,Strait of Hormuz,14,12,7,0,59,33,92,545181,321853,23594,0,3225468,890629,4116097,14057
2023-07-03,2023,7,3,chokepoint6,Strait of Hormuz,15,11,3,4,50,33,83,438074,534648,1714,18284,3983446,992722,4976169,14058
2023-07-04,2023,7,4,chokepoint6,Strait of Hormuz,17,12,5,1,64,35,99,509081,465856,8808,0,2286926,983747,3270673,14059
2023-07-05,2023,7,5,chokepoint6,Strait of Hormuz,17,16,6,4,82,43,125,591477,766362,39019,8638,4476044,1405497,5881541,14060
2023-07-06,2023,7,6,chokepoint6,Strait of Hormuz,21,22,3,3,71,49,120,467263,675863,12236,0,2922986,1155363,4078349,14061
2023-07-07,2023,7,7,chokepoint6,Strait of Hormuz,14,19,9,3,78,45,123,424831,567022,36761,6670,3227171,1035285,4262457,14062
2023-07-08,2023,7,8,chokepoint6,Strait of Hormuz,10,12,10,1,61,33,94,303637,371370,74945,0,2595488,749952,3345440,14063
2023-07-09,2023,7,9,chokepoint6,Strait of Hormuz,16,11,2,1,61,30,91,645794,263661,25994,0,3409891,935450,4345342,14064
2023-07-10,2023,7,10,chokepoint6,Strait of Hormuz,21,14,5,0,61,40,101,699025,680225,42287,0,3107522,1421539,4529062,14065
2023-07-11,2023,7,11,chokepoint6,Strait of Hormuz,10,18,6,1,62,35,97,223035,796325,30534,0,3525797,1049895,4575693,14066
2023-07-12,2023,7,12,chokepoint6,Strait of Hormuz,16,17,5,3,54,41,95,495558,290066,4732,3621,2887923,793979,3681902,14067
2023-07-13,2023,7,13,chokepoint6,Strait of Hormuz,20,14,3,3,70,40,110,611940,587591,16661,0,3686233,1216192,4902426,14068
2023-07-14,2023,7,14,chokepoint6,Strait of Hormuz,19,20,4,2,69,45,114,510780,751133,18515,0,2372584,1280430,3653014,14069
2023-07-15,2023,7,15,chokepoint6,Strait of Hormuz,17,20,2,1,70,40,110,264341,454293,3688,0,3086392,722323,3808715,14070
2023-07-16,2023,7,16,chokepoint6,Strait of Hormuz,19,15,7,3,64,44,108,500626,694231,48656,12256,3325586,1255771,4581358,14071
2023-07-17,2023,7,17,chokepoint6,Strait of Hormuz,15,17,6,2,55,40,95,326990,595817,57229,0,3274979,980036,4255016,14072
2023-07-18,2023,7,18,chokepoint6,Strait of Hormuz,21,13,5,2,67,41,108,687819,533707,47549,7239,3257904,1276316,4534221,14073
2023-07-19,2023,7,19,chokepoint6,Strait of Hormuz,18,20,5,5,65,48,113,577616,825658,49946,22076,3812599,1475297,5287897,14074
2023-07-20,2023,7,20,chokepoint6,Strait of Hormuz,20,18,4,3,72,45,117,397677,609911,2211,6953,3842999,1016754,4859753,14075
2023-07-21,2023,7,21,chokepoint6,Strait of Hormuz,14,14,7,0,64,35,99,478786,499264,35240,0,1913845,1013291,2927137,14076
2023-07-22,2023,7,22,chokepoint6,Strait of Hormuz,14,19,3,3,63,39,102,440098,366258,21482,12441,2487431,840281,3327712,14077
2023-07-23,2023,7,23,chokepoint6,Strait of Hormuz,24,10,4,3,53,41,94,600806,303770,50895,4358,2464240,959830,3424071,14078
2023-07-24,2023,7,24,chokepoint6,Strait of Hormuz,9,15,2,0,61,26,87,273057,772258,11244,0,3623330,1056560,4679891,14079
2023-07-25,2023,7,25,chokepoint6,Strait of Hormuz,21,12,4,3,59,40,99,583655,532462,7935,2696,2944864,1126749,4071614,14080
2023-07-26,2023,7,26,chokepoint6,Strait of Hormuz,16,18,7,2,68,43,111,653776,488309,36893,6492,2825418,1185472,4010891,14081
2023-07-27,2023,7,27,chokepoint6,Strait of Hormuz,19,10,3,4,53,36,89,474914,473291,28600,4827,2786100,981634,3767734,14082
2023-07-28,2023,7,28,chokepoint6,Strait of Hormuz,17,17,5,1,71,40,111,529133,628153,15327,0,3454499,1172613,4627113,14083
2023-07-29,2023,7,29,chokepoint6,Strait of Hormuz,16,14,4,3,60,37,97,363222,478850,4311,2993,2436926,849378,3286305,14084
2023-07-30,2023,7,30,chokepoint6,Strait of Hormuz,15,21,7,6,68,49,117,388717,656817,26821,0,2509566,1072356,3581923,14085
2023-07-31,2023,7,31,chokepoint6,Strait of Hormuz,18,20,3,0,71,41,112,588414,667015,16323,0,3425106,1271752,4696859,14086
2023-08-01,2023,8,1,chokepoint6,Strait of Hormuz,21,15,3,1,78,40,118,374902,670542,4125,0,3280165,1049570,4329735,14087
2023-08-02,2023,8,2,chokepoint6,Strait of Hormuz,15,17,3,3,75,38,113,511513,673566,4808,4230,3037884,1194119,4232004,14088
2023-08-03,2023,8,3,chokepoint6,Strait of Hormuz,26,17,5,2,56,50,106,962002,445503,50317,4949,3373955,1462773,4836728,14089
2023-08-04,2023,8,4,chokepoint6,Strait of Hormuz,18,13,1,3,62,35,97,328171,415826,0,6962,2442397,750960,3193358,14090
2023-08-05,2023,8,5,chokepoint6,Strait of Hormuz,22,13,6,3,57,44,101,479354,526011,9169,0,2589557,1014535,3604093,14091
2023-08-06,2023,8,6,chokepoint6,Strait of Hormuz,16,18,3,1,70,38,108,353812,662799,5447,4309,3307743,1026368,4334112,14092
2023-08-07,2023,8,7,chokepoint6,Strait of Hormuz,18,24,2,0,61,44,105,425477,787656,0,0,2794972,1213133,4008106,14093
2023-08-08,2023,8,8,chokepoint6,Strait of Hormuz,17,10,8,4,56,39,95,452115,212072,38768,0,2659560,702957,3362517,14094
2023-08-09,2023,8,9,chokepoint6,Strait of Hormuz,16,27,3,1,60,47,107,508932,852375,8981,4257,3817634,1374547,5192181,14095
2023-08-10,2023,8,10,chokepoint6,Strait of Hormuz,23,15,6,1,63,45,108,709984,608998,34539,3661,2607831,1357183,3965014,14096
2023-08-11,2023,8,11,chokepoint6,Strait of Hormuz,22,12,8,0,63,42,105,491178,479034,77676,0,2471598,1047889,3519487,14097
2023-08-12,2023,8,12,chokepoint6,Strait of Hormuz,16,16,4,3,75,39,114,403344,643160,43691,6486,3515091,1096683,4611774,14098
2023-08-13,2023,8,13,chokepoint6,Strait of Hormuz,18,22,8,3,65,51,116,468967,728618,19268,3705,3669977,1220561,4890538,14099
2023-08-14,2023,8,14,chokepoint6,Strait of Hormuz,22,13,2,3,65,40,105,663606,391481,8389,7375,2656014,1070852,3726867,14100
2023-08-15,2023,8,15,chokepoint6,Strait of Hormuz,20,16,6,2,46,44,90,498410,461771,25653,6870,2706928,992706,3699635,14101
2023-08-16,2023,8,16,chokepoint6,Strait of Hormuz,14,22,7,4,61,47,108,466090,527000,43620,4018,2304079,1040729,3344808,14102
2023-08-17,2023,8,17,chokepoint6,Strait of Hormuz,17,11,1,0,70,29,99,385206,357778,1520,0,3425977,744505,4170482,14103
2023-08-18,2023,8,18,chokepoint6,Strait of Hormuz,18,21,8,3,58,50,108,758745,529675,67236,7210,2691901,1362867,4054769,14104
2023-08-19,2023,8,19,chokepoint6,Strait of Hormuz,16,15,6,5,65,42,107,313142,833115,20430,4936,3461431,1171624,4633056,14105
2023-08-20,2023,8,20,chokepoint6,Strait of Hormuz,24,16,3,2,59,45,104,525259,814808,11067,4482,3458711,1355618,4814329,14106
2023-08-21,2023,8,21,chokepoint6,Strait of Hormuz,25,13,6,6,74,50,124,518238,270094,8137,6768,3106498,803240,3909739,14108
2023-08-22,2023,8,22,chokepoint6,Strait of Hormuz,15,14,4,3,59,36,95,578264,789730,4560,3257,2552729,1375813,3928543,14109
2023-08-23,2023,8,23,chokepoint6,Strait of Hormuz,20,21,2,6,59,49,108,542408,772330,24181,26147,3172634,1365067,4537701,14110
2023-08-24,2023,8,24,chokepoint6,Strait of Hormuz,18,17,4,0,71,39,110,290633,814345,64819,0,3936327,1169799,5106126,14111
2023-08-25,2023,8,25,chokepoint6,Strait of Hormuz,22,20,6,1,50,49,99,697070,579904,26346,0,1655228,1303321,2958549,14112
2023-08-26,2023,8,26,chokepoint6,Strait of Hormuz,16,13,8,2,78,39,117,439948,670105,10541,2438,3393330,1123032,4516363,14113
2023-08-27,2023,8,27,chokepoint6,Strait of Hormuz,19,19,5,1,46,44,90,490468,580279,14441,2680,1172026,1087869,2259896,14114
2023-08-28,2023,8,28,chokepoint6,Strait of Hormuz,18,18,3,2,63,41,104,423923,485513,3386,0,3438945,912823,4351769,14115
2023-08-29,2023,8,29,chokepoint6,Strait of Hormuz,21,11,3,1,72,36,108,750466,474587,17409,0,2469524,1242464,3711988,14116
2023-08-30,2023,8,30,chokepoint6,Strait of Hormuz,17,16,7,1,59,41,100,511954,412586,41097,5617,2978217,971256,3949474,14117
2023-08-31,2023,8,31,chokepoint6,Strait of Hormuz,16,18,6,1,58,41,99,369827,607828,12345,0,2505682,990001,3495684,14118
2023-09-01,2023,9,1,chokepoint6,Strait of Hormuz,24,22,1,3,62,50,112,778917,633683,1514,5042,2837584,1419159,4256743,14119
2023-09-02,2023,9,2,chokepoint6,Strait of Hormuz,16,24,4,1,47,45,92,321300,693093,14137,0,3284754,1028532,4313286,14120
2023-09-03,2023,9,3,chokepoint6,Strait of Hormuz,10,16,5,2,63,33,96,287454,863994,42029,0,2506936,1193477,3700414,14121
2023-09-04,2023,9,4,chokepoint6,Strait of Hormuz,11,18,5,1,69,35,104,320513,486071,12861,2963,3134180,822410,3956590,14122
2023-09-05,2023,9,5,chokepoint6,Strait of Hormuz,29,18,9,0,60,56,116,846755,637529,48834,0,3046506,1533120,4579626,14123
2023-09-06,2023,9,6,chokepoint6,Strait of Hormuz,17,13,8,1,70,39,109,444196,460932,52693,0,3582165,957822,4539988,14124
2023-09-07,2023,9,7,chokepoint6,Strait of Hormuz,13,16,5,8,62,42,104,375299,386164,23665,23454,3161832,808585,3970418,14125
2023-09-08,2023,9,8,chokepoint6,Strait of Hormuz,19,14,4,0,64,37,101,628001,504405,6756,0,2763609,1139163,3902773,14126
2023-09-09,2023,9,9,chokepoint6,Strait of Hormuz,18,17,2,3,66,40,106,486404,780211,7762,2049,3467165,1276428,4743593,14127
2023-09-10,2023,9,10,chokepoint6,Strait of Hormuz,18,13,3,1,66,35,101,344294,766632,24939,2120,2809307,1137986,3947294,14128
2023-09-11,2023,9,11,chokepoint6,Strait of Hormuz,21,22,6,1,48,50,98,638894,764959,46482,0,2379485,1450336,3829821,14129
2023-09-12,2023,9,12,chokepoint6,Strait of Hormuz,15,21,6,1,48,43,91,390872,624839,2338,0,2284434,1018050,3302484,14130
2023-09-13,2023,9,13,chokepoint6,Strait of Hormuz,17,14,3,3,68,37,105,402786,482408,13692,7064,2835069,905953,3741022,14131
2023-09-14,2023,9,14,chokepoint6,Strait of Hormuz,22,15,4,4,76,45,121,428047,442572,20891,0,4311001,891511,5202512,14132
2023-09-15,2023,9,15,chokepoint6,Strait of Hormuz,23,17,3,1,60,44,104,616507,643177,27447,0,1966652,1287132,3253785,14133
2023-09-16,2023,9,16,chokepoint6,Strait of Hormuz,18,15,4,5,60,42,102,532967,573920,10993,12026,2594221,1129908,3724130,14134
2023-09-17,2023,9,17,chokepoint6,Strait of Hormuz,8,13,4,1,51,26,77,227059,536504,44027,0,2402052,807590,3209643,14135
2023-09-18,2023,9,18,chokepoint6,Strait of Hormuz,14,19,3,4,64,40,104,497346,833992,8088,11813,2817843,1351241,4169085,14136
2023-09-19,2023,9,19,chokepoint6,Strait of Hormuz,19,20,1,1,66,41,107,546403,368459,4215,4082,2743604,923160,3666764,14137
2023-09-20,2023,9,20,chokepoint6,Strait of Hormuz,21,15,5,1,59,42,101,616824,611119,44364,2427,3116738,1274735,4391474,14138
2023-09-21,2023,9,21,chokepoint6,Strait of Hormuz,11,18,8,4,59,41,100,302049,817912,48081,11302,2051595,1179345,3230940,14139
2023-09-22,2023,9,22,chokepoint6,Strait of Hormuz,23,17,1,2,87,43,130,673810,688642,0,4318,3481358,1366770,4848129,14140
2023-09-23,2023,9,23,chokepoint6,Strait of Hormuz,10,19,5,2,53,36,89,224545,611958,6865,3414,2116044,846784,2962828,14141
2023-09-24,2023,9,24,chokepoint6,Strait of Hormuz,23,23,2,2,59,50,109,495724,766341,4451,0,1989895,1266517,3256412,14142
2023-09-25,2023,9,25,chokepoint6,Strait of Hormuz,18,18,4,2,65,42,107,772322,536122,34521,4013,3032748,1346980,4379728,14143
2023-09-26,2023,9,26,chokepoint6,Strait of Hormuz,14,15,8,3,62,40,102,486132,219546,31265,2035,3466968,738979,4205948,14144
2023-09-27,2023,9,27,chokepoint6,Strait of Hormuz,16,18,5,5,63,44,107,488529,460876,17189,7828,3011148,974423,3985571,14145
2023-09-28,2023,9,28,chokepoint6,Strait of Hormuz,20,15,5,2,72,42,114,677428,315799,12409,3104,2529794,1008741,3538535,14146
2023-09-29,2023,9,29,chokepoint6,Strait of Hormuz,15,16,7,3,68,41,109,310333,552989,41041,3431,2717727,907795,3625523,14147
2023-09-30,2023,9,30,chokepoint6,Strait of Hormuz,17,23,11,4,66,55,121,579960,827446,45470,20504,3761411,1473381,5234793,14148
2023-10-01,2023,10,1,chokepoint6,Strait of Hormuz,19,20,4,2,62,45,107,492240,698481,5683,0,2514787,1196405,3711193,14149
2023-10-02,2023,10,2,chokepoint6,Strait of Hormuz,20,16,6,5,67,47,114,711518,587769,10754,4129,3795711,1314171,5109883,14150
2023-10-03,2023,10,3,chokepoint6,Strait of Hormuz,18,15,6,1,68,40,108,506546,716241,9413,3812,3046925,1236014,4282940,14151
2023-10-04,2023,10,4,chokepoint6,Strait of Hormuz,18,19,6,4,66,47,113,529800,664834,56912,6035,3174739,1257583,4432322,14152
2023-10-05,2023,10,5,chokepoint6,Strait of Hormuz,20,13,5,3,62,41,103,467502,386629,24763,4880,2121118,883776,3004894,14153
2023-10-06,2023,10,6,chokepoint6,Strait of Hormuz,12,13,8,3,72,36,108,326172,293403,65620,8161,3870660,693359,4564020,14154
2023-10-07,2023,10,7,chokepoint6,Strait of Hormuz,17,13,9,1,44,40,84,522993,796342,32804,0,1930562,1352141,3282703,14155
2023-10-08,2023,10,8,chokepoint6,Strait of Hormuz,13,13,4,5,73,35,108,184275,535880,10990,8188,3333004,739335,4072339,14156
2023-10-09,2023,10,9,chokepoint6,Strait of Hormuz,17,18,4,1,65,40,105,463905,565012,16621,0,3054547,1045539,4100086,14157
2023-10-10,2023,10,10,chokepoint6,Strait of Hormuz,17,16,4,3,76,40,116,632155,1143237,10536,11512,4039480,1797441,5836921,14158
2023-10-11,2023,10,11,chokepoint6,Strait of Hormuz,14,14,5,4,56,37,93,220950,335992,19512,9722,2519862,586177,3106040,14159
2023-10-12,2023,10,12,chokepoint6,Strait of Hormuz,18,25,6,2,79,51,130,568898,610463,8644,0,3119989,1188005,4307995,14160
2023-10-13,2023,10,13,chokepoint6,Strait of Hormuz,26,12,11,4,64,53,117,718949,278021,46940,5042,2563770,1048953,3612724,14161
2023-10-14,2023,10,14,chokepoint6,Strait of Hormuz,20,11,9,3,59,43,102,797919,385575,15222,9884,3103372,1208603,4311975,14162
2023-10-15,2023,10,15,chokepoint6,Strait of Hormuz,14,15,3,3,60,35,95,343250,404405,14566,10148,2780722,772371,3553093,14163
2023-10-16,2023,10,16,chokepoint6,Strait of Hormuz,20,25,0,0,52,45,97,727338,647269,0,0,2885763,1374608,4260371,14164
2023-10-17,2023,10,17,chokepoint6,Strait of Hormuz,15,15,3,2,60,35,95,318155,420051,5011,5042,1999176,748261,2747438,14165
2023-10-18,2023,10,18,chokepoint6,Strait of Hormuz,13,15,5,3,63,36,99,377852,616038,30156,13222,3814997,1037269,4852266,14166
2023-10-19,2023,10,19,chokepoint6,Strait of Hormuz,18,17,7,1,58,43,101,603512,585229,35580,3978,2764879,1228300,3993180,14167
2023-10-20,2023,10,20,chokepoint6,Strait of Hormuz,22,16,2,1,68,41,109,399823,520212,0,0,2638377,920035,3558412,14168
2023-10-21,2023,10,21,chokepoint6,Strait of Hormuz,9,20,7,2,55,38,93,295157,606331,31638,8284,2675361,941412,3616774,14169
2023-10-22,2023,10,22,chokepoint6,Strait of Hormuz,17,18,5,3,43,43,86,415829,449769,16795,12502,2269488,894897,3164386,14170
2023-10-23,2023,10,23,chokepoint6,Strait of Hormuz,14,15,5,1,55,35,90,371421,638367,36584,5576,1709334,1051949,2761284,14171
2023-10-24,2023,10,24,chokepoint6,Strait of Hormuz,19,12,4,3,61,38,99,706982,537669,14581,5341,2821778,1264575,4086353,14172
2023-10-25,2023,10,25,chokepoint6,Strait of Hormuz,21,14,5,5,59,45,104,603279,517792,20594,8885,2526051,1150551,3676603,14173
2023-10-26,2023,10,26,chokepoint6,Strait of Hormuz,13,8,5,1,67,27,94,318959,305610,23600,0,2924521,648171,3572692,14174
2023-10-27,2023,10,27,chokepoint6,Strait of Hormuz,13,22,4,4,50,43,93,323316,979145,21659,4318,2350502,1328439,3678941,14175
2023-10-28,2023,10,28,chokepoint6,Strait of Hormuz,10,16,3,4,40,33,73,409308,416620,15350,4912,2156667,846192,3002859,14176
2023-10-29,2023,10,29,chokepoint6,Strait of Hormuz,19,18,10,1,66,48,114,525466,619194,51678,14626,3530278,1210966,4741244,14177
2023-10-30,2023,10,30,chokepoint6,Strait of Hormuz,15,23,3,2,72,43,115,662245,974204,4431,0,2942253,1640881,4583135,14178
2023-10-31,2023,10,31,chokepoint6,Strait of Hormuz,15,18,2,2,56,37,93,436775,740645,8528,6326,3101809,1192276,4294086,14179
2023-11-01,2023,11,1,chokepoint6,Strait of Hormuz,15,9,4,2,57,30,87,432542,493304,11769,4189,2297148,941805,3238954,14180
2023-11-02,2023,11,2,chokepoint6,Strait of Hormuz,16,12,6,2,64,36,100,546841,282879,6798,0,2436133,836519,3272653,14181
2023-11-03,2023,11,3,chokepoint6,Strait of Hormuz,12,12,6,2,70,32,102,352243,566548,22366,4013,3565745,945171,4510917,14182
2023-11-04,2023,11,4,chokepoint6,Strait of Hormuz,12,16,6,0,35,34,69,395857,969082,11405,0,2100076,1376345,3476421,14183
2023-11-05,2023,11,5,chokepoint6,Strait of Hormuz,7,12,4,1,41,24,65,207871,367582,28793,8665,1297382,612912,1910295,14184
2023-11-06,2023,11,6,chokepoint6,Strait of Hormuz,10,10,3,3,50,26,76,305299,351061,16117,3428,2457298,675906,3133204,14185
2023-11-07,2023,11,7,chokepoint6,Strait of Hormuz,14,12,4,3,27,33,60,423744,315753,33406,0,1038926,772904,1811831,14186
2023-11-08,2023,11,8,chokepoint6,Strait of Hormuz,6,14,5,1,39,26,65,291446,528865,26495,2880,2035074,849687,2884761,14187
2023-11-09,2023,11,9,chokepoint6,Strait of Hormuz,18,15,7,3,57,43,100,577355,316712,27078,3669,2666357,924816,3591173,14188
2023-11-10,2023,11,10,chokepoint6,Strait of Hormuz,18,19,3,3,54,43,97,336762,563567,13565,5430,3096462,919326,4015788,14189
2023-11-11,2023,11,11,chokepoint6,Strait of Hormuz,11,17,4,2,69,34,103,336173,439464,44526,5597,3258746,825762,4084509,14190
2023-11-12,2023,11,12,chokepoint6,Strait of Hormuz,15,17,7,3,68,42,110,317589,370021,15179,0,2845653,702790,3548444,14191
2023-11-13,2023,11,13,chokepoint6,Strait of Hormuz,15,18,6,3,64,42,106,442309,579191,12671,1377,2540840,1035550,3576390,14192
2023-11-14,2023,11,14,chokepoint6,Strait of Hormuz,16,12,1,3,55,32,87,515427,296161,4766,2513,3172710,818868,3991579,14193
2023-11-15,2023,11,15,chokepoint6,Strait of Hormuz,14,20,3,2,57,39,96,460402,673924,2972,8580,1502045,1145880,2647926,14194
2023-11-16,2023,11,16,chokepoint6,Strait of Hormuz,15,14,2,3,34,34,68,512214,393912,9188,2727,2382202,918042,3300245,14195
2023-11-17,2023,11,17,chokepoint6,Strait of Hormuz,17,17,1,2,48,37,85,613375,456562,4725,0,2161365,1074663,3236029,14196
2023-11-18,2023,11,18,chokepoint6,Strait of Hormuz,14,12,7,0,61,33,94,221534,402456,41472,0,2548866,665463,3214329,14197
2023-11-19,2023,11,19,chokepoint6,Strait of Hormuz,14,24,6,5,47,49,96,405099,955736,35138,14693,2013573,1410667,3424240,14198
2023-11-20,2023,11,20,chokepoint6,Strait of Hormuz,12,18,1,1,63,32,95,495752,743707,14964,0,1923523,1254424,3177948,14199
2023-11-21,2023,11,21,chokepoint6,Strait of Hormuz,16,11,3,5,53,35,88,529919,458332,14364,25111,2581061,1027727,3608788,14200
2023-11-22,2023,11,22,chokepoint6,Strait of Hormuz,12,19,1,2,46,34,80,325381,1011796,23084,0,1213340,1360261,2573602,14201
2023-11-23,2023,11,23,chokepoint6,Strait of Hormuz,19,16,5,3,52,43,95,695746,527093,30861,0,1798717,1253701,3052419,14202
2023-11-24,2023,11,24,chokepoint6,Strait of Hormuz,11,19,1,2,56,33,89,260862,743397,5885,6349,2401516,1016495,3418011,14203
2023-11-25,2023,11,25,chokepoint6,Strait of Hormuz,13,11,4,0,45,28,73,425978,516491,12002,0,1787196,954472,2741669,14204
2023-11-26,2023,11,26,chokepoint6,Strait of Hormuz,9,7,2,2,50,20,70,364520,192120,4437,0,3012244,561077,3573322,14205
2023-11-27,2023,11,27,chokepoint6,Strait of Hormuz,12,13,4,2,57,31,88,512054,450325,3425,0,3173543,965804,4139348,14206
2023-11-28,2023,11,28,chokepoint6,Strait of Hormuz,14,13,4,1,51,32,83,375970,323396,5350,4409,3186866,709126,3895992,14207
2023-11-29,2023,11,29,chokepoint6,Strait of Hormuz,21,19,2,3,45,45,90,590146,514504,15062,12243,2398118,1131957,3530076,14208
2023-11-30,2023,11,30,chokepoint6,Strait of Hormuz,11,12,1,2,53,26,79,337668,466906,0,0,3281019,804575,4085594,14209
2023-12-01,2023,12,1,chokepoint6,Strait of Hormuz,12,13,2,4,46,31,77,488280,175850,3537,6224,1824505,673893,2498398,14210
2023-12-02,2023,12,2,chokepoint6,Strait of Hormuz,22,13,3,3,49,41,90,498732,189708,35273,11994,3128324,735709,3864034,14211
2023-12-03,2023,12,3,chokepoint6,Strait of Hormuz,10,20,5,1,60,36,96,465303,733900,49228,0,3202455,1248433,4450888,14212
2023-12-04,2023,12,4,chokepoint6,Strait of Hormuz,12,21,4,4,51,41,92,360384,1025014,41005,5678,2542830,1432082,3974913,14213
2023-12-05,2023,12,5,chokepoint6,Strait of Hormuz,16,9,6,4,61,35,96,373036,273239,12284,10660,3205496,669221,3874718,14214
2023-12-06,2023,12,6,chokepoint6,Strait of Hormuz,21,6,5,3,56,35,91,686151,197493,13415,4318,1990547,901379,2891926,14215
2023-12-07,2023,12,7,chokepoint6,Strait of Hormuz,15,20,2,3,51,40,91,580747,881973,20129,3160,3646083,1486010,5132094,14216
2023-12-08,2023,12,8,chokepoint6,Strait of Hormuz,10,15,2,0,64,27,91,268000,590721,8956,0,1725744,867678,2593423,14217
2023-12-09,2023,12,9,chokepoint6,Strait of Hormuz,16,13,7,0,57,36,93,451431,320580,30435,0,3690439,802447,4492886,14218
2023-12-10,2023,12,10,chokepoint6,Strait of Hormuz,9,15,2,5,65,31,96,294415,597606,7483,9038,2033984,908544,2942528,14219
2023-12-11,2023,12,11,chokepoint6,Strait of Hormuz,21,8,3,1,56,33,89,801526,192086,9982,2178,2433655,1005772,3439428,14220
2023-12-12,2023,12,12,chokepoint6,Strait of Hormuz,12,17,5,3,46,37,83,277877,967177,21928,4013,2029677,1270996,3300674,14221
2023-12-13,2023,12,13,chokepoint6,Strait of Hormuz,22,17,6,3,53,48,101,825362,504758,7847,12452,2190534,1350420,3540955,14222
2023-12-14,2023,12,14,chokepoint6,Strait of Hormuz,13,16,7,6,49,42,91,371691,893994,42531,7058,3393617,1315275,4708892,14223
2023-12-15,2023,12,15,chokepoint6,Strait of Hormuz,13,14,2,1,62,30,92,481441,402737,1617,0,3735908,885797,4621705,14224
2023-12-16,2023,12,16,chokepoint6,Strait of Hormuz,20,18,0,1,53,39,92,621345,806105,0,0,2550518,1427450,3977969,14225
2023-12-17,2023,12,17,chokepoint6,Strait of Hormuz,11,11,3,4,60,29,89,401264,255685,35072,5373,3153419,697395,3850815,14226
2023-12-18,2023,12,18,chokepoint6,Strait of Hormuz,14,10,4,2,45,30,75,581495,238378,21262,8171,1951187,849309,2800496,14227
2023-12-19,2023,12,19,chokepoint6,Strait of Hormuz,16,17,3,5,67,41,108,442275,660193,21238,6317,2401431,1130025,3531456,14228
2023-12-20,2023,12,20,chokepoint6,Strait of Hormuz,12,18,4,2,51,36,87,335333,678264,13180,6311,2314075,1033089,3347165,14229
2023-12-21,2023,12,21,chokepoint6,Strait of Hormuz,15,19,3,3,64,40,104,529656,663632,5300,1721,3613860,1200310,4814170,14230
2023-12-22,2023,12,22,chokepoint6,Strait of Hormuz,14,14,6,1,53,35,88,555502,482120,17811,0,2377213,1055434,3432647,14231
2023-12-23,2023,12,23,chokepoint6,Strait of Hormuz,8,12,1,5,59,26,85,153726,590398,4601,6492,2090755,755218,2845973,14232
2023-12-24,2023,12,24,chokepoint6,Strait of Hormuz,12,17,8,3,48,40,88,398818,700010,25744,4318,1989630,1128892,3118522,14233
2023-12-25,2023,12,25,chokepoint6,Strait of Hormuz,13,17,8,1,58,39,97,306145,593014,32150,3339,2834557,934650,3769208,14234
2023-12-26,2023,12,26,chokepoint6,Strait of Hormuz,12,11,3,3,63,29,92,350205,294893,24515,8579,3394539,678194,4072734,14235
2023-12-27,2023,12,27,chokepoint6,Strait of Hormuz,17,14,1,2,50,34,84,560400,685910,6185,6160,1584887,1258657,2843544,14236
2023-12-28,2023,12,28,chokepoint6,Strait of Hormuz,16,15,7,2,60,40,100,397788,541238,51108,0,3148570,990136,4138706,14237
2023-12-29,2023,12,29,chokepoint6,Strait of Hormuz,19,14,6,3,65,42,107,605627,414904,48468,4624,2643457,1073624,3717082,14238
2023-12-30,2023,12,30,chokepoint6,Strait of Hormuz,11,15,8,1,48,35,83,377103,437342,63145,4660,3160487,882251,4042739,14239
2023-12-31,2023,12,31,chokepoint6,Strait of Hormuz,15,9,1,0,49,25,74,249014,256764,10823,0,2984590,516603,3501193,14240
2023-01-01,2023,1,1,chokepoint6,Strait of Hormuz,14,18,2,5,50,39,89,520318,745617,31512,4518,2860614,1301967,4162581,15679
2023-01-02,2023,1,2,chokepoint6,Strait of Hormuz,12,16,7,2,55,37,92,223831,724477,17008,4493,2345550,969810,3315361,15682
2023-01-03,2023,1,3,chokepoint6,Strait of Hormuz,19,16,2,1,58,38,96,524380,446750,4964,8901,2998869,984997,3983866,15685
2023-01-04,2023,1,4,chokepoint6,Strait of Hormuz,20,15,2,1,57,38,95,593461,325753,19585,2981,4140602,941781,5082383,15688
2023-01-05,2023,1,5,chokepoint6,Strait of Hormuz,17,13,2,3,55,35,90,551709,747217,645,5707,2840812,1305279,4146091,15691
2023-01-06,2023,1,6,chokepoint6,Strait of Hormuz,11,10,6,3,45,30,75,247876,591749,47339,8920,2283954,895885,3179839,15694
2023-01-07,2023,1,7,chokepoint6,Strait of Hormuz,15,14,2,4,58,35,93,440656,456934,22633,0,2935624,920224,3855849,15697
2023-01-08,2023,1,8,chokepoint6,Strait of Hormuz,12,17,4,4,51,37,88,354820,461473,10299,9044,2873064,835637,3708702,15700
2023-01-09,2023,1,9,chokepoint6,Strait of Hormuz,14,13,4,1,61,32,93,311336,487148,25502,3901,3041604,827889,3869493,15703
2023-01-10,2023,1,10,chokepoint6,Strait of Hormuz,18,21,7,2,58,48,106,587057,729751,26216,2627,2341018,1345653,3686671,15706
2023-01-11,2023,1,11,chokepoint6,Strait of Hormuz,14,13,4,4,36,35,71,384119,465227,11232,18525,1798034,879106,2677140,15709
2023-01-12,2023,1,12,chokepoint6,Strait of Hormuz,19,12,1,0,46,32,78,563533,165060,2170,0,2097697,730764,2828462,15712
2023-01-13,2023,1,13,chokepoint6,Strait of Hormuz,12,14,2,2,40,30,70,159845,343356,8276,3213,2305282,514691,2819973,15715
2023-01-14,2023,1,14,chokepoint6,Strait of Hormuz,12,17,4,2,56,35,91,348177,518599,9052,5293,4569709,881122,5450832,15723
2023-01-15,2023,1,15,chokepoint6,Strait of Hormuz,17,20,7,2,40,46,86,513281,815160,34166,4087,1536408,1366695,2903104,15727
2023-01-16,2023,1,16,chokepoint6,Strait of Hormuz,11,17,4,3,50,35,85,260747,726253,30368,5659,3569064,1023028,4592092,15730
2023-01-17,2023,1,17,chokepoint6,Strait of Hormuz,17,8,2,2,57,29,86,416632,322728,7182,2984,2780343,749527,3529871,15733
2023-01-18,2023,1,18,chokepoint6,Strait of Hormuz,13,17,2,2,60,34,94,258210,614518,5602,6939,2687595,885270,3572866,15736
2023-01-19,2023,1,19,chokepoint6,Strait of Hormuz,12,19,3,6,51,40,91,457672,649031,23013,9500,1993472,1139217,3132690,15739
2023-01-20,2023,1,20,chokepoint6,Strait of Hormuz,12,13,4,1,58,30,88,425482,526009,3978,0,2360892,955470,3316363,15742
2023-01-21,2023,1,21,chokepoint6,Strait of Hormuz,12,18,6,5,55,41,96,181277,624997,43200,2748,2235794,852224,3088018,15745
2023-01-22,2023,1,22,chokepoint6,Strait of Hormuz,19,14,1,3,61,37,98,610845,522581,25786,10515,3237035,1169728,4406763,15748
2023-01-23,2023,1,23,chokepoint6,Strait of Hormuz,13,9,2,3,57,27,84,299241,501274,8355,10343,3355999,819215,4175215,15751
2023-01-24,2023,1,24,chokepoint6,Strait of Hormuz,24,17,6,4,53,51,104,805981,701782,14597,4914,2549478,1527275,4076753,15754
2023-01-25,2023,1,25,chokepoint6,Strait of Hormuz,21,14,2,3,72,40,112,397966,555651,30757,8583,4356100,992959,5349059,15757
2023-01-26,2023,1,26,chokepoint6,Strait of Hormuz,15,14,1,2,51,32,83,469200,497583,1217,3706,2202516,971708,3174225,15760
2023-01-27,2023,1,27,chokepoint6,Strait of Hormuz,16,13,3,1,53,33,86,552003,328197,9762,0,1861867,889963,2751830,15763
2023-01-28,2023,1,28,chokepoint6,Strait of Hormuz,20,17,4,0,61,41,102,445272,568276,4476,0,2532348,1018025,3550373,15766
2023-01-29,2023,1,29,chokepoint6,Strait of Hormuz,11,17,4,3,56,35,91,393471,676495,21898,8410,2709141,1100276,3809418,15769
2023-01-30,2023,1,30,chokepoint6,Strait of Hormuz,9,14,1,3,56,27,83,168376,418166,15295,0,3027696,601838,3629534,15772
2023-01-31,2023,1,31,chokepoint6,Strait of Hormuz,23,14,6,0,63,43,106,735430,469805,33267,0,2359750,1238502,3598253,15775
2023-02-01,2023,2,1,chokepoint6,Strait of Hormuz,17,11,4,1,55,33,88,387863,335121,16412,0,2941717,739397,3681114,15778
2023-02-02,2023,2,2,chokepoint6,Strait of Hormuz,12,10,2,5,59,29,88,359378,378206,3622,6827,2864848,748035,3612883,15781
2023-02-03,2023,2,3,chokepoint6,Strait of Hormuz,8,26,8,1,64,43,107,235240,642921,61123,0,3363121,939285,4302407,15784
2023-02-04,2023,2,4,chokepoint6,Strait of Hormuz,14,10,4,2,67,30,97,544922,355954,9541,2593,3218934,913010,4131945,15787
2023-02-05,2023,2,5,chokepoint6,Strait of Hormuz,16,11,5,0,42,32,74,779280,401148,44461,0,2691588,1224890,3916479,15790
2023-02-06,2023,2,6,chokepoint6,Strait of Hormuz,16,17,3,1,60,37,97,395042,545750,12413,8270,3673171,961476,4634647,15793
2023-02-07,2023,2,7,chokepoint6,Strait of Hormuz,14,15,7,4,61,40,101,462712,488096,31931,8817,2082438,991559,3073997,15796
2023-02-08,2023,2,8,chokepoint6,Strait of Hormuz,17,15,4,2,66,38,104,362288,647887,46486,0,3594364,1056662,4651027,15799
2023-02-09,2023,2,9,chokepoint6,Strait of Hormuz,19,19,6,2,48,46,94,549905,726816,27778,9397,3102045,1313897,4415943,15802
2023-02-10,2023,2,10,chokepoint6,Strait of Hormuz,14,12,2,0,42,28,70,330585,461066,41241,0,2038979,832893,2871872,15805
2023-02-11,2023,2,11,chokepoint6,Strait of Hormuz,12,18,5,1,53,36,89,403395,643384,7762,0,2721498,1054542,3776041,15808
2023-02-12,2023,2,12,chokepoint6,Strait of Hormuz,14,23,5,3,63,45,108,295924,512005,34902,12800,2452040,855632,3307672,15811
2023-02-13,2023,2,13,chokepoint6,Strait of Hormuz,17,10,6,4,63,37,100,490316,155728,29468,5785,2778413,681298,3459711,15814
2023-02-14,2023,2,14,chokepoint6,Strait of Hormuz,15,15,3,1,56,34,90,360714,421133,13039,6641,2639858,801529,3441388,15821
2023-02-15,2023,2,15,chokepoint6,Strait of Hormuz,17,11,5,1,46,34,80,492409,376992,1500,1602,2211225,872504,3083729,15824
2023-02-16,2023,2,16,chokepoint6,Strait of Hormuz,22,23,2,3,72,50,122,505435,816584,5154,4912,3413621,1332087,4745708,15827
2023-02-17,2023,2,17,chokepoint6,Strait of Hormuz,17,16,8,2,54,43,97,601147,369629,97018,0,2785874,1067795,3853670,15830
2023-02-18,2023,2,18,chokepoint6,Strait of Hormuz,12,19,3,1,45,35,80,231079,448825,5431,0,2818782,685337,3504119,15833
2023-02-19,2023,2,19,chokepoint6,Strait of Hormuz,16,15,3,1,47,35,82,384003,780650,14425,3358,2248902,1182438,3431340,15836
2023-02-20,2023,2,20,chokepoint6,Strait of Hormuz,17,19,5,2,49,43,92,421657,539120,40272,0,1824652,1001049,2825702,15839
2023-02-21,2023,2,21,chokepoint6,Strait of Hormuz,17,11,7,4,42,39,81,450329,334313,59717,16117,1684693,860479,2545173,15842
2023-02-22,2023,2,22,chokepoint6,Strait of Hormuz,14,19,5,5,76,43,119,413621,625122,27100,10549,3753247,1076392,4829639,15845
2023-02-23,2023,2,23,chokepoint6,Strait of Hormuz,18,20,7,4,58,49,107,576041,621769,21291,18191,2588076,1237293,3825369,15848
2023-02-24,2023,2,24,chokepoint6,Strait of Hormuz,16,19,5,1,72,41,113,413907,971253,18795,4505,3787396,1408461,5195858,15851
2023-02-25,2023,2,25,chokepoint6,Strait of Hormuz,15,20,6,2,47,43,90,353526,819384,13496,2774,2263961,1189181,3453142,15854
2023-02-26,2023,2,26,chokepoint6,Strait of Hormuz,14,18,4,4,64,40,104,441244,829863,10338,12885,3176215,1294331,4470546,15857
2023-02-27,2023,2,27,chokepoint6,Strait of Hormuz,14,10,2,2,64,28,92,312015,402723,16601,4938,3367695,736278,4103974,15860
2023-02-28,2023,2,28,chokepoint6,Strait of Hormuz,19,12,5,4,51,40,91,632450,455681,17230,4946,3067002,1110309,4177312,15863
2023-03-01,2023,3,1,chokepoint6,Strait of Hormuz,16,12,3,2,61,33,94,454002,435152,38101,4003,2805365,931260,3736626,15865
2023-03-02,2023,3,2,chokepoint6,Strait of Hormuz,10,15,1,2,54,28,82,224563,581206,1928,0,2303992,807698,3111691,15868
2023-03-03,2023,3,3,chokepoint6,Strait of Hormuz,20,11,4,3,55,38,93,513149,609063,27494,4129,3398656,1153838,4552494,15871
2023-03-04,2023,3,4,chokepoint6,Strait of Hormuz,19,13,5,2,54,39,93,621871,776899,46715,0,3522106,1445486,4967592,15874
2023-03-05,2023,3,5,chokepoint6,Strait of Hormuz,12,15,2,6,75,35,110,403203,513030,28599,2783,4933268,947617,5880885,15877
2023-03-06,2023,3,6,chokepoint6,Strait of Hormuz,15,26,3,4,57,48,105,471764,933978,29074,5543,1479736,1440361,2920097,15880
2023-03-07,2023,3,7,chokepoint6,Strait of Hormuz,17,16,4,4,65,41,106,473391,597393,2458,6291,3689086,1079535,4768621,15883
2023-03-08,2023,3,8,chokepoint6,Strait of Hormuz,19,10,4,4,55,37,92,774813,339100,14595,3825,2287218,1132334,3419553,15886
2023-03-09,2023,3,9,chokepoint6,Strait of Hormuz,16,19,3,3,60,41,101,471478,438701,2303,7662,2328704,920146,3248850,15889
2023-03-10,2023,3,10,chokepoint6,Strait of Hormuz,16,18,2,0,47,36,83,376795,551974,1113,0,1724546,929883,2654430,15892
2023-03-11,2023,3,11,chokepoint6,Strait of Hormuz,21,15,1,4,69,41,110,469867,439275,1217,13327,3814314,923688,4738003,15895
2023-03-12,2023,3,12,chokepoint6,Strait of Hormuz,10,20,4,2,54,36,90,357134,441429,14636,2431,2758537,815632,3574169,15898
2023-03-13,2023,3,13,chokepoint6,Strait of Hormuz,20,9,2,3,47,34,81,687699,237293,6762,2577,2450607,934333,3384941,15901
2023-03-14,2023,3,14,chokepoint6,Strait of Hormuz,22,14,9,1,63,46,109,564193,558666,35227,2933,2690359,1161021,3851380,15904
2023-03-15,2023,3,15,chokepoint6,Strait of Hormuz,15,16,6,2,64,39,103,544439,521225,15009,5709,2855153,1086383,3941537,15907
2023-03-16,2023,3,16,chokepoint6,Strait of Hormuz,17,14,3,4,53,38,91,362753,626405,4132,11486,3128332,1004778,4133111,15910
2023-03-17,2023,3,17,chokepoint6,Strait of Hormuz,16,21,4,0,60,41,101,618822,843164,26508,0,2233152,1488494,3721647,15913
2023-03-18,2023,3,18,chokepoint6,Strait of Hormuz,19,17,3,3,63,42,105,443286,447386,15772,11522,2731910,917967,3649878,15922
2023-03-19,2023,3,19,chokepoint6,Strait of Hormuz,19,13,3,1,62,36,98,450122,395564,21594,0,3160233,867281,4027514,15925
2023-03-20,2023,3,20,chokepoint6,Strait of Hormuz,11,19,3,2,52,35,87,226208,697932,42540,11826,2730284,978507,3708791,15927
2023-03-21,2023,3,21,chokepoint6,Strait of Hormuz,21,11,6,0,50,38,88,756396,404674,33858,0,2053818,1194929,3248747,15930
2023-03-22,2023,3,22,chokepoint6,Strait of Hormuz,14,9,6,6,55,35,90,565974,419511,25710,11644,2257597,1022840,3280437,15933
2023-03-23,2023,3,23,chokepoint6,Strait of Hormuz,18,10,2,2,58,32,90,485913,514597,26665,3082,2692997,1030259,3723256,15936
2023-03-24,2023,3,24,chokepoint6,Strait of Hormuz,16,15,4,1,54,36,90,555249,715161,14749,3944,3103360,1289105,4392466,15939
2023-03-25,2023,3,25,chokepoint6,Strait of Hormuz,12,23,7,1,64,43,107,220647,736518,50911,8728,2139360,1016806,3156166,15942
2023-03-26,2023,3,26,chokepoint6,Strait of Hormuz,14,13,3,1,61,31,92,507277,726418,16698,4152,2808137,1254547,4062684,15944
2023-03-27,2023,3,27,chokepoint6,Strait of Hormuz,19,13,7,2,66,41,107,476637,291041,40992,8747,2144168,817419,2961588,15946
2023-03-28,2023,3,28,chokepoint6,Strait of Hormuz,17,8,1,3,57,29,86,613126,381429,7574,10645,2830887,1012776,3843664,15948
2023-03-29,2023,3,29,chokepoint6,Strait of Hormuz,20,18,3,5,49,46,95,698321,451657,5372,7781,2300198,1163133,3463331,15950
2023-03-30,2023,3,30,chokepoint6,Strait of Hormuz,19,15,3,0,65,37,102,413725,676764,31698,0,3336732,1122188,4458920,15952
2023-03-31,2023,3,31,chokepoint6,Strait of Hormuz,10,21,5,2,63,38,101,363958,917504,9608,0,3292249,1291070,4583320,15954
2023-04-01,2023,4,1,chokepoint6,Strait of Hormuz,23,15,8,3,61,49,110,559928,622806,34551,0,2634992,1217286,3852279,15956
2023-04-02,2023,4,2,chokepoint6,Strait of Hormuz,12,14,3,0,60,29,89,270807,566465,10028,0,3102386,847301,3949688,15958
2023-04-03,2023,4,3,chokepoint6,Strait of Hormuz,19,11,3,3,43,36,79,615579,408422,18792,9230,2031471,1052024,3083496,15960
2023-04-04,2023,4,4,chokepoint6,Strait of Hormuz,17,17,6,4,53,44,97,532211,513894,15909,4478,2348312,1066494,3414807,15962
2023-04-05,2023,4,5,chokepoint6,Strait of Hormuz,18,15,2,1,54,36,90,442185,247853,21341,3213,3278615,714594,3993210,15964
2023-04-06,2023,4,6,chokepoint6,Strait of Hormuz,15,24,7,2,71,48,119,327941,676702,34014,0,3548676,1038657,4587333,15965
2023-04-07,2023,4,7,chokepoint6,Strait of Hormuz,22,15,6,3,69,46,115,600229,590688,25376,5523,3880770,1221817,5102587,15967
2023-04-08,2023,4,8,chokepoint6,Strait of Hormuz,17,22,6,2,68,47,115,342304,610671,29307,2283,3704628,984567,4689195,15969
2023-04-09,2023,4,9,chokepoint6,Strait of Hormuz,15,15,3,3,71,36,107,360218,562039,40496,7843,3321863,970597,4292461,15970
2023-04-10,2023,4,10,chokepoint6,Strait of Hormuz,12,27,3,3,67,45,112,223826,946387,26142,0,3030367,1196356,4226723,15971
2023-04-11,2023,4,11,chokepoint6,Strait of Hormuz,23,22,5,8,66,58,124,575154,821802,34379,16065,4103634,1447400,5551035,15972
2023-04-12,2023,4,12,chokepoint6,Strait of Hormuz,15,11,6,4,72,36,108,478106,467081,50164,15787,2427996,1011139,3439136,15973
2023-04-13,2023,4,13,chokepoint6,Strait of Hormuz,21,19,3,0,61,43,104,458750,454218,38617,0,3612366,951586,4563952,15974
2023-04-14,2023,4,14,chokepoint6,Strait of Hormuz,14,15,6,2,62,37,99,459204,519957,37765,4615,3172219,1021542,4193761,15975
2023-04-15,2023,4,15,chokepoint6,Strait of Hormuz,15,13,5,1,58,34,92,398193,762045,38540,0,2134559,1198778,3333338,15976
2023-04-16,2023,4,16,chokepoint6,Strait of Hormuz,15,24,2,4,65,45,110,503359,751742,3913,15785,3789677,1274801,5064479,15977
2023-04-17,2023,4,17,chokepoint6,Strait of Hormuz,17,14,1,2,48,34,82,451587,512503,19235,0,2527515,983327,3510842,15978
2023-04-18,2023,4,18,chokepoint6,Strait of Hormuz,17,11,7,6,65,41,106,512588,349715,35804,18459,3599013,916567,4515581,15979
2023-04-19,2023,4,19,chokepoint6,Strait of Hormuz,15,15,6,4,55,40,95,336071,614877,11933,3414,2474863,966297,3441160,15980
2023-04-20,2023,4,20,chokepoint6,Strait of Hormuz,17,23,3,1,85,44,129,299590,671922,5847,5038,3897383,982398,4879782,15981
2023-04-21,2023,4,21,chokepoint6,Strait of Hormuz,18,17,5,4,51,44,95,573286,463015,24526,7982,2756224,1068811,3825036,15982
2023-04-22,2023,4,22,chokepoint6,Strait of Hormuz,25,16,5,0,71,46,117,645054,730729,28255,0,3689377,1404039,5093417,15983
2023-04-23,2023,4,23,chokepoint6,Strait of Hormuz,16,16,6,1,53,39,92,359880,561463,44075,0,2812200,965419,3777620,15984
2023-04-24,2023,4,24,chokepoint6,Strait of Hormuz,25,12,2,4,65,43,108,758596,438979,8316,3164,2725420,1209056,3934476,15985
2023-04-25,2023,4,25,chokepoint6,Strait of Hormuz,12,13,2,2,64,29,93,277475,562806,11854,0,3525778,852135,4377914,15986
2023-04-26,2023,4,26,chokepoint6,Strait of Hormuz,17,10,5,5,56,37,93,384786,253361,19873,0,2043229,658021,2701250,15987
2023-04-27,2023,4,27,chokepoint6,Strait of Hormuz,19,17,3,2,59,41,100,635172,485469,9660,0,3181414,1130302,4311716,15988
2023-04-28,2023,4,28,chokepoint6,Strait of Hormuz,21,13,6,3,51,43,94,446898,493642,15154,1586,1865684,957281,2822966,15989
2023-04-29,2023,4,29,chokepoint6,Strait of Hormuz,16,17,4,1,66,38,104,530732,410790,32159,0,4166601,973682,5140284,15990
2023-04-30,2023,4,30,chokepoint6,Strait of Hormuz,15,11,3,3,61,32,93,579800,476551,5578,5895,2403915,1067826,3471741,15991
2023-05-01,2023,5,1,chokepoint6,Strait of Hormuz,18,17,5,5,64,45,109,283128,485692,15687,0,4230595,784508,5015103,15992
2023-05-02,2023,5,2,chokepoint6,Strait of Hormuz,23,17,5,2,57,47,104,708046,770070,21942,6025,1975353,1506085,3481438,15993
2023-05-03,2023,5,3,chokepoint6,Strait of Hormuz,17,15,3,3,69,38,107,585457,485425,16705,8714,3818768,1096302,4915070,15994
2023-05-04,2023,5,4,chokepoint6,Strait of Hormuz,20,15,5,3,62,43,105,351074,721931,40405,0,1897543,1113411,3010954,15995
2023-05-05,2023,5,5,chokepoint6,Strait of Hormuz,15,12,1,3,49,31,80,376555,357549,1415,2120,2477709,737641,3215351,15996
2023-05-06,2023,5,6,chokepoint6,Strait of Hormuz,20,21,5,2,64,48,112,481422,877320,32354,5195,3679784,1396293,5076078,15997
2023-05-07,2023,5,7,chokepoint6,Strait of Hormuz,21,13,10,3,57,47,104,629140,795183,101362,3493,2304370,1529180,3833551,15998
2023-05-08,2023,5,8,chokepoint6,Strait of Hormuz,20,18,6,1,59,45,104,591625,472320,67155,0,3604680,1131101,4735781,15999
2023-05-09,2023,5,9,chokepoint6,Strait of Hormuz,20,17,1,1,69,39,108,560832,613817,1415,4087,2977796,1180152,4157949,16000
2024-06-13,2024,6,13,chokepoint6,Strait of Hormuz,27,18,7,4,57,56,113,783945,640450,38693,0,2530094,1463090,3993185,14056
2024-01-01,2024,1,1,chokepoint6,Strait of Hormuz,6,14,3,4,54,27,81,111953,409169,2344,6096,2970134,529564,3499699,14241
2024-01-02,2024,1,2,chokepoint6,Strait of Hormuz,10,15,3,3,55,31,86,350487,757570,11109,5707,2045498,1124874,3170373,14242
2024-01-03,2024,1,3,chokepoint6,Strait of Hormuz,18,14,5,3,48,40,88,407122,595480,47096,0,2842619,1049699,3892319,14243
2024-01-04,2024,1,4,chokepoint6,Strait of Hormuz,14,21,5,4,59,44,103,408356,546301,23994,9077,2511834,987729,3499564,14244
2024-01-05,2024,1,5,chokepoint6,Strait of Hormuz,12,16,4,1,57,33,90,250392,606717,32479,1535,2772213,891124,3663338,14245
2024-01-06,2024,1,6,chokepoint6,Strait of Hormuz,14,14,1,3,54,32,86,317780,398234,0,11626,2336352,727640,3063992,14246
2024-01-07,2024,1,7,chokepoint6,Strait of Hormuz,14,12,4,2,53,32,85,416642,459115,3248,8328,2791233,887335,3678568,14247
2024-01-08,2024,1,8,chokepoint6,Strait of Hormuz,8,15,4,3,50,30,80,162937,773920,30180,3820,2165527,970860,3136387,14248
2024-01-09,2024,1,9,chokepoint6,Strait of Hormuz,6,8,2,2,46,18,64,94729,176302,20347,8328,2241549,299707,2541257,14249
2024-01-10,2024,1,10,chokepoint6,Strait of Hormuz,20,16,4,4,53,44,97,783216,861573,7812,3441,2204135,1656044,3860180,14250
2024-01-11,2024,1,11,chokepoint6,Strait of Hormuz,9,13,6,3,60,31,91,92003,450018,27519,3777,3705153,573319,4278472,14251
2024-01-12,2024,1,12,chokepoint6,Strait of Hormuz,14,14,7,3,57,38,95,343448,428698,20704,2247,2906317,795099,3701416,14252
2024-01-13,2024,1,13,chokepoint6,Strait of Hormuz,13,14,3,1,61,31,92,500372,484426,16781,3082,2769968,1004663,3774632,14253
2024-01-14,2024,1,14,chokepoint6,Strait of Hormuz,14,14,7,3,56,38,94,425479,460740,35720,5897,2099491,927837,3027329,14254
2024-01-15,2024,1,15,chokepoint6,Strait of Hormuz,13,17,5,2,67,37,104,352978,517158,8913,2192,3925487,881241,4806729,14255
2024-01-16,2024,1,16,chokepoint6,Strait of Hormuz,14,13,2,4,60,33,93,296305,675363,3911,11739,3120216,987319,4107535,14256
2024-01-17,2024,1,17,chokepoint6,Strait of Hormuz,18,11,4,4,56,37,93,453119,486362,25811,12117,3008421,977410,3985831,14257
2024-01-18,2024,1,18,chokepoint6,Strait of Hormuz,13,16,3,1,50,33,83,301921,450202,16117,7573,2290239,775814,3066053,14258
2024-01-19,2024,1,19,chokepoint6,Strait of Hormuz,14,14,3,2,52,33,85,279929,608566,23083,3825,2288870,915406,3204277,14259
2024-01-20,2024,1,20,chokepoint6,Strait of Hormuz,18,21,3,3,52,45,97,490835,907668,18258,6833,1615197,1423596,3038794,14260
2024-01-21,2024,1,21,chokepoint6,Strait of Hormuz,14,13,4,2,54,33,87,648868,276605,8957,2794,2249372,937226,3186598,14261
2024-01-22,2024,1,22,chokepoint6,Strait of Hormuz,15,14,4,6,53,39,92,524743,536726,25869,17290,3094890,1104630,4199521,14262
2024-01-23,2024,1,23,chokepoint6,Strait of Hormuz,17,24,4,4,49,49,98,558905,716312,5041,8823,1975258,1289082,3264340,14263
2024-01-24,2024,1,24,chokepoint6,Strait of Hormuz,15,10,6,5,59,36,95,409194,262226,23783,9511,2803321,704716,3508037,14264
2024-01-25,2024,1,25,chokepoint6,Strait of Hormuz,13,12,3,3,50,31,81,466852,435620,2239,6651,3322504,911364,4233868,14265
2024-01-26,2024,1,26,chokepoint6,Strait of Hormuz,14,11,5,3,64,33,97,282971,342570,46118,2553,1681426,674214,2355640,14266
2024-01-27,2024,1,27,chokepoint6,Strait of Hormuz,12,17,2,2,52,33,85,492235,634521,22224,6429,2961580,1155411,4116991,14267
2024-01-28,2024,1,28,chokepoint6,Strait of Hormuz,19,17,10,4,53,50,103,360586,481483,38620,5691,2756718,886381,3643100,14268
2024-01-29,2024,1,29,chokepoint6,Strait of Hormuz,12,17,3,3,45,35,80,468128,449282,20672,8854,2362167,946938,3309106,14269
2024-01-30,2024,1,30,chokepoint6,Strait of Hormuz,12,8,4,3,45,27,72,308392,298105,25175,2324,2626454,633997,3260452,14270
2024-01-31,2024,1,31,chokepoint6,Strait of Hormuz,13,10,0,4,61,27,88,364910,750870,0,17531,2679923,1133312,3813236,14271
2024-02-01,2024,2,1,chokepoint6,Strait of Hormuz,18,14,4,3,61,39,100,401014,500733,5149,0,3065904,906898,3972802,14272
2024-02-02,2024,2,2,chokepoint6,Strait of Hormuz,13,20,2,3,49,38,87,440080,828854,0,2636,3534094,1271570,4805665,14273
2024-02-03,2024,2,3,chokepoint6,Strait of Hormuz,21,18,3,1,51,43,94,528267,683728,10754,2106,2090863,1224856,3315719,14274
2024-02-04,2024,2,4,chokepoint6,Strait of Hormuz,14,17,4,0,43,35,78,462907,394120,21604,0,1852577,878632,2731209,14275
2024-02-05,2024,2,5,chokepoint6,Strait of Hormuz,10,13,2,2,50,27,77,414471,288446,21163,3376,2041664,727457,2769121,14276
2024-02-06,2024,2,6,chokepoint6,Strait of Hormuz,20,14,2,5,45,41,86,442944,391559,5027,12910,1760204,852442,2612647,14277
2024-02-07,2024,2,7,chokepoint6,Strait of Hormuz,21,18,4,3,65,46,111,581080,756370,8224,11222,2615648,1356897,3972545,14278
2024-02-08,2024,2,8,chokepoint6,Strait of Hormuz,14,12,4,2,56,32,88,428207,175211,11475,6755,3119475,621650,3741126,14279
2024-02-09,2024,2,9,chokepoint6,Strait of Hormuz,21,16,3,3,51,43,94,694583,675782,21322,10875,1134678,1402565,2537244,14280
2024-02-10,2024,2,10,chokepoint6,Strait of Hormuz,21,19,3,2,57,45,102,525977,716284,15976,0,3181012,1258238,4439251,14281
2024-02-11,2024,2,11,chokepoint6,Strait of Hormuz,12,16,6,3,58,37,95,369276,621846,62141,4189,3389006,1057452,4446459,14282
2024-02-12,2024,2,12,chokepoint6,Strait of Hormuz,15,10,3,1,69,29,98,382199,461855,38411,0,3192008,882467,4074475,14283
2024-02-13,2024,2,13,chokepoint6,Strait of Hormuz,14,14,5,3,46,36,82,407320,568566,30622,7281,2429413,1013791,3443204,14284
2024-02-14,2024,2,14,chokepoint6,Strait of Hormuz,23,8,3,2,68,36,104,579657,388487,22455,0,2931805,990601,3922406,14285
2024-02-15,2024,2,15,chokepoint6,Strait of Hormuz,18,20,3,4,65,45,110,647916,644987,29891,9433,2475129,1332229,3807358,14286
2024-02-16,2024,2,16,chokepoint6,Strait of Hormuz,12,21,2,3,68,38,106,408410,695432,11221,4870,3248080,1119935,4368015,14287
2024-02-17,2024,2,17,chokepoint6,Strait of Hormuz,13,13,3,0,59,29,88,269383,379351,18632,0,2980493,667367,3647860,14288
2024-02-18,2024,2,18,chokepoint6,Strait of Hormuz,17,15,1,7,42,40,82,474790,658482,1574,13338,1869376,1148186,3017563,14289
2024-02-19,2024,2,19,chokepoint6,Strait of Hormuz,15,7,5,3,52,30,82,433840,214378,60523,16799,3300481,725542,4026024,14290
2024-02-20,2024,2,20,chokepoint6,Strait of Hormuz,11,20,4,2,50,37,87,202967,704726,26410,5883,2543717,939988,3483705,14291
2024-02-21,2024,2,21,chokepoint6,Strait of Hormuz,13,17,4,2,56,36,92,306180,529339,8335,4949,3589256,848804,4438060,14292
2024-02-22,2024,2,22,chokepoint6,Strait of Hormuz,15,9,3,3,45,30,75,469066,282338,27833,4912,2751549,784150,3535700,14293
2024-02-23,2024,2,23,chokepoint6,Strait of Hormuz,22,17,4,2,54,45,99,526353,586124,45063,2809,2351307,1160350,3511658,14294
2024-02-24,2024,2,24,chokepoint6,Strait of Hormuz,12,18,3,1,59,34,93,549679,568819,5682,10117,2491897,1134299,3626196,14295
2024-02-25,2024,2,25,chokepoint6,Strait of Hormuz,20,16,3,3,61,42,103,466837,392254,41845,4318,3723729,905256,4628985,14296
2024-02-26,2024,2,26,chokepoint6,Strait of Hormuz,14,22,1,2,52,39,91,176599,774528,26062,0,3057224,977190,4034415,14297
2024-02-27,2024,2,27,chokepoint6,Strait of Hormuz,17,14,3,3,56,37,93,567070,605967,16713,24190,2499125,1213941,3713067,14298
2024-02-28,2024,2,28,chokepoint6,Strait of Hormuz,14,19,4,2,53,39,92,288113,1160052,11857,0,1969363,1460023,3429387,14299
2024-02-29,2024,2,29,chokepoint6,Strait of Hormuz,20,15,3,0,51,38,89,672627,412510,5350,0,1563571,1090487,2654058,14300
2024-03-01,2024,3,1,chokepoint6,Strait of Hormuz,21,16,2,2,46,41,87,541720,558821,5228,0,2676956,1105771,3782727,14301
2024-03-02,2024,3,2,chokepoint6,Strait of Hormuz,12,13,5,4,40,34,74,382108,688932,14781,8423,1443621,1094246,2537867,14302
2024-03-03,2024,3,3,chokepoint6,Strait of Hormuz,21,16,6,5,56,48,104,616827,561189,16465,19191,2900410,1213673,4114084,14303
2024-03-04,2024,3,4,chokepoint6,Strait of Hormuz,13,12,4,2,77,31,108,585279,459259,13272,0,3713377,1057811,4771189,14304
2024-03-05,2024,3,5,chokepoint6,Strait of Hormuz,12,16,6,3,57,37,94,210532,569272,29881,8428,3154753,818114,3972868,14305
2024-03-06,2024,3,6,chokepoint6,Strait of Hormuz,13,12,3,5,40,33,73,574888,412111,5600,19146,2495408,1011746,3507155,14306
2024-03-07,2024,3,7,chokepoint6,Strait of Hormuz,17,24,9,1,54,51,105,315401,816941,22547,0,2387767,1154890,3542657,14307
2024-03-08,2024,3,8,chokepoint6,Strait of Hormuz,17,17,7,2,77,43,120,418376,655222,34976,0,3410393,1108576,4518969,14308
2024-03-09,2024,3,9,chokepoint6,Strait of Hormuz,15,17,4,4,58,40,98,651631,539427,3459,7266,2405836,1201784,3607621,14309
2024-03-10,2024,3,10,chokepoint6,Strait of Hormuz,17,11,7,0,53,35,88,438377,463737,44178,0,3661767,946293,4608061,14310
2024-03-11,2024,3,11,chokepoint6,Strait of Hormuz,17,24,3,2,67,46,113,385634,688050,20541,8433,2964072,1102660,4066732,14311
2024-03-12,2024,3,12,chokepoint6,Strait of Hormuz,15,16,7,5,66,43,109,454122,556521,52631,3354,3069277,1066629,4135907,14312
2024-03-13,2024,3,13,chokepoint6,Strait of Hormuz,22,15,4,3,51,44,95,740509,472609,7616,10002,2625938,1230737,3856676,14313
2024-03-14,2024,3,14,chokepoint6,Strait of Hormuz,19,22,6,3,72,50,122,341843,938168,27997,3806,3528258,1311816,4840075,14314
2024-03-15,2024,3,15,chokepoint6,Strait of Hormuz,13,22,6,4,61,45,106,240626,738110,26622,5584,3265415,1010944,4276359,14315
2024-03-16,2024,3,16,chokepoint6,Strait of Hormuz,24,18,5,1,75,48,123,640312,869919,22529,6202,3980130,1538963,5519093,14316
2024-03-17,2024,3,17,chokepoint6,Strait of Hormuz,14,15,6,2,63,37,100,370285,555894,9424,9668,3138393,945272,4083665,14317
2024-03-18,2024,3,18,chokepoint6,Strait of Hormuz,22,19,4,2,63,47,110,756841,762472,41743,3321,2378423,1564379,3942802,14318
2024-03-19,2024,3,19,chokepoint6,Strait of Hormuz,22,21,4,8,51,55,106,558071,693895,37313,23471,2534517,1312753,3847270,14319
2024-03-20,2024,3,20,chokepoint6,Strait of Hormuz,20,21,4,5,73,50,123,666668,1021487,20469,12146,4705850,1720771,6426621,14320
2024-03-21,2024,3,21,chokepoint6,Strait of Hormuz,21,17,3,3,68,44,112,654462,373082,6706,7692,3000162,1041944,4042106,14321
2024-03-22,2024,3,22,chokepoint6,Strait of Hormuz,19,20,3,1,61,43,104,314516,830011,58743,0,2975249,1203271,4178521,14322
2024-03-23,2024,3,23,chokepoint6,Strait of Hormuz,15,25,6,3,55,49,104,431032,908972,48759,0,2754951,1388764,4143715,14323
2024-03-24,2024,3,24,chokepoint6,Strait of Hormuz,14,14,5,0,52,33,85,452888,478722,9277,0,1380528,940888,2321416,14324
2024-03-25,2024,3,25,chokepoint6,Strait of Hormuz,15,18,5,1,54,39,93,408628,666401,22301,0,2963470,1097331,4060802,14325
2024-03-26,2024,3,26,chokepoint6,Strait of Hormuz,20,11,4,4,53,39,92,654756,326692,27475,9583,1543567,1018507,2562074,14326
2024-03-27,2024,3,27,chokepoint6,Strait of Hormuz,17,10,2,5,61,34,95,621669,238509,3757,16322,2892696,880259,3772956,14327
2024-03-28,2024,3,28,chokepoint6,Strait of Hormuz,16,14,5,1,50,36,86,489740,686563,26136,3722,2191147,1206163,3397311,14328
2024-03-29,2024,3,29,chokepoint6,Strait of Hormuz,13,16,5,1,60,35,95,386257,556546,21276,6429,4343387,970509,5313896,14329
2024-03-30,2024,3,30,chokepoint6,Strait of Hormuz,18,17,6,1,57,42,99,531030,849530,21849,3455,3881477,1405865,5287343,14330
2024-03-31,2024,3,31,chokepoint6,Strait of Hormuz,11,18,4,3,67,36,103,256783,739996,1975,0,3424935,998754,4423689,14331
2024-04-01,2024,4,1,chokepoint6,Strait of Hormuz,20,15,4,3,59,42,101,651522,472615,9674,11330,2076451,1145144,3221595,14332
2024-04-02,2024,4,2,chokepoint6,Strait of Hormuz,18,22,2,7,65,49,114,601037,799340,17706,9320,2629201,1427404,4056605,14333
2024-04-03,2024,4,3,chokepoint6,Strait of Hormuz,21,24,6,2,58,53,111,630754,1098391,20134,0,3050575,1749279,4799855,14334
2024-04-04,2024,4,4,chokepoint6,Strait of Hormuz,17,8,5,6,70,36,106,459962,144418,26978,13619,4020627,644978,4665605,14335
2024-04-05,2024,4,5,chokepoint6,Strait of Hormuz,17,18,10,5,57,50,107,392144,408686,61768,13419,2576477,876019,3452496,14336
2024-04-06,2024,4,6,chokepoint6,Strait of Hormuz,19,30,3,2,67,54,121,309331,1141697,8113,7672,3858362,1466815,5325177,14337
2024-04-07,2024,4,7,chokepoint6,Strait of Hormuz,20,16,4,1,59,41,100,499484,421619,3951,0,2949651,925055,3874706,14338
2024-04-08,2024,4,8,chokepoint6,Strait of Hormuz,17,18,6,7,64,48,112,377259,635751,20270,11729,2220460,1045010,3265471,14339
2024-04-09,2024,4,9,chokepoint6,Strait of Hormuz,16,15,9,2,68,42,110,273281,421995,34416,0,2569655,729693,3299349,14340
2024-04-10,2024,4,10,chokepoint6,Strait of Hormuz,20,22,2,1,62,45,107,735485,853243,22446,1988,3523186,1613164,5136350,14341
2024-04-11,2024,4,11,chokepoint6,Strait of Hormuz,13,12,5,5,60,35,95,385316,417881,24833,9050,2947392,837081,3784474,14342
2024-04-12,2024,4,12,chokepoint6,Strait of Hormuz,29,12,5,3,58,49,107,774662,720312,59016,4442,2419352,1558434,3977786,14343
2024-04-13,2024,4,13,chokepoint6,Strait of Hormuz,14,24,6,1,74,45,119,203110,953900,18536,0,3833119,1175547,5008667,14344
2024-04-14,2024,4,14,chokepoint6,Strait of Hormuz,12,17,2,1,65,32,97,344746,667226,2027,2889,3677789,1016889,4694679,14345
2024-04-15,2024,4,15,chokepoint6,Strait of Hormuz,7,22,5,6,54,40,94,170754,840908,9570,12180,2472961,1033413,3506374,14346
2024-04-16,2024,4,16,chokepoint6,Strait of Hormuz,14,10,2,6,52,32,84,324259,338536,5019,16534,3141374,684348,3825723,14347
2024-04-17,2024,4,17,chokepoint6,Strait of Hormuz,11,13,3,2,49,29,78,258490,372317,24275,4621,1387549,659705,2047255,14348
2024-04-18,2024,4,18,chokepoint6,Strait of Hormuz,7,19,2,4,50,32,82,159840,723241,2996,26572,1875152,912650,2787803,14349
2024-04-19,2024,4,19,chokepoint6,Strait of Hormuz,19,18,2,1,72,40,112,542340,610128,2262,0,4195703,1154732,5350435,14350
2024-04-20,2024,4,20,chokepoint6,Strait of Hormuz,13,19,5,0,57,37,94,299286,920556,40456,0,2802140,1260299,4062439,14351
2024-04-21,2024,4,21,chokepoint6,Strait of Hormuz,20,14,3,1,73,38,111,543740,393106,19625,3777,3520453,960250,4480704,14352
2024-04-22,2024,4,22,chokepoint6,Strait of Hormuz,14,16,5,4,69,39,108,362556,431008,16126,3699,2467325,813390,3280715,14353
2024-04-23,2024,4,23,chokepoint6,Strait of Hormuz,19,20,3,2,62,44,106,498891,782336,13616,10135,3010048,1304980,4315028,14354
2024-04-24,2024,4,24,chokepoint6,Strait of Hormuz,22,17,4,4,56,47,103,869933,570551,8567,2020,3449703,1451071,4900775,14355
2024-04-25,2024,4,25,chokepoint6,Strait of Hormuz,20,13,3,3,52,39,91,734904,520051,10634,12180,3253413,1277770,4531184,14356
2024-04-26,2024,4,26,chokepoint6,Strait of Hormuz,23,18,1,2,47,44,91,610281,496627,20304,0,2241288,1127212,3368501,14357
2024-04-27,2024,4,27,chokepoint6,Strait of Hormuz,19,13,0,2,71,34,105,465611,351370,0,0,2545325,816981,3362307,14358
2024-04-28,2024,4,28,chokepoint6,Strait of Hormuz,13,17,3,2,58,35,93,379567,739454,29779,7511,3293050,1156312,4449362,14359
2024-04-29,2024,4,29,chokepoint6,Strait of Hormuz,15,21,2,3,50,41,91,267083,584609,0,11963,1877068,863657,2740725,14360
2024-04-30,2024,4,30,chokepoint6,Strait of Hormuz,17,21,3,4,74,45,119,476334,669282,22193,1695,2695438,1169505,3864944,14361
2024-05-01,2024,5,1,chokepoint6,Strait of Hormuz,18,16,3,4,62,41,103,601975,621387,17360,19283,3014141,1260007,4274148,14362
2024-05-02,2024,5,2,chokepoint6,Strait of Hormuz,11,13,4,0,43,28,71,297786,449996,14729,0,1647080,762513,2409594,14363
2024-05-03,2024,5,3,chokepoint6,Strait of Hormuz,21,15,2,2,53,40,93,507645,626174,4804,2181,2644486,1140806,3785293,14364
2024-05-04,2024,5,4,chokepoint6,Strait of Hormuz,19,13,6,4,76,42,118,487761,621040,33236,7212,3363388,1149251,4512639,14365
2024-05-05,2024,5,5,chokepoint6,Strait of Hormuz,20,15,2,2,65,39,104,458161,379423,10924,4318,4118037,852827,4970864,14366
2024-05-06,2024,5,6,chokepoint6,Strait of Hormuz,24,11,6,1,60,42,102,754090,393979,33286,0,3349321,1181356,4530678,14367
2024-05-07,2024,5,7,chokepoint6,Strait of Hormuz,14,15,5,3,67,37,104,386536,844772,52411,15227,3459178,1298948,4758127,14368
2024-05-08,2024,5,8,chokepoint6,Strait of Hormuz,18,22,2,5,54,47,101,328095,780022,0,8485,1279838,1116603,2396442,14369
2024-05-09,2024,5,9,chokepoint6,Strait of Hormuz,13,20,9,1,59,43,102,460847,585181,39870,0,2960929,1085899,4046829,14370
2024-05-10,2024,5,10,chokepoint6,Strait of Hormuz,13,21,3,6,53,43,96,400248,353058,13401,16374,3834260,783083,4617343,14371
2024-05-11,2024,5,11,chokepoint6,Strait of Hormuz,19,17,9,5,70,50,120,263924,525868,49134,5568,3110870,844495,3955365,14372
2024-05-12,2024,5,12,chokepoint6,Strait of Hormuz,20,18,6,1,58,45,103,479093,862384,58640,4912,1681753,1405030,3086783,14373
2024-05-13,2024,5,13,chokepoint6,Strait of Hormuz,21,24,3,3,74,51,125,590751,455847,15221,9933,5360275,1071754,6432030,14374
2024-05-14,2024,5,14,chokepoint6,Strait of Hormuz,18,12,5,0,64,35,99,490861,499251,38941,0,2779790,1029054,3808844,14375
2024-05-15,2024,5,15,chokepoint6,Strait of Hormuz,20,18,5,5,64,48,112,695397,610795,5115,9391,2336359,1320699,3657058,14376
2024-05-16,2024,5,16,chokepoint6,Strait of Hormuz,19,15,4,5,66,43,109,539507,676140,9727,4773,2019082,1230149,3249231,14377
2024-05-17,2024,5,17,chokepoint6,Strait of Hormuz,17,24,3,1,55,45,100,449583,792138,22611,6194,2617575,1270528,3888104,14378
2024-05-18,2024,5,18,chokepoint6,Strait of Hormuz,27,17,8,5,56,57,113,769665,683688,41083,4505,2339019,1498942,3837962,14379
2024-05-19,2024,5,19,chokepoint6,Strait of Hormuz,16,22,1,3,66,42,108,536033,731489,12877,8857,3296621,1289257,4585878,14380
2024-05-20,2024,5,20,chokepoint6,Strait of Hormuz,19,15,2,8,59,44,103,473032,435483,6588,27318,2880732,942424,3823156,14381
2024-05-21,2024,5,21,chokepoint6,Strait of Hormuz,13,14,5,2,64,34,98,498200,552193,18600,3847,3500004,1072841,4572846,14382
2024-05-22,2024,5,22,chokepoint6,Strait of Hormuz,17,24,7,0,63,48,111,371830,1035751,12900,0,2751426,1420483,4171909,14383
2024-05-23,2024,5,23,chokepoint6,Strait of Hormuz,21,14,4,2,68,41,109,511550,426222,27256,0,3247726,965029,4212755,14384
2024-05-24,2024,5,24,chokepoint6,Strait of Hormuz,17,26,7,3,67,53,120,483032,1163234,60474,2774,3529554,1709515,5239069,14385
2024-05-25,2024,5,25,chokepoint6,Strait of Hormuz,17,15,5,3,66,40,106,403149,530380,32808,0,2834301,966339,3800640,14386
2024-05-26,2024,5,26,chokepoint6,Strait of Hormuz,21,18,3,3,70,45,115,656382,619924,20831,6963,1738206,1304102,3042308,14387
2024-05-27,2024,5,27,chokepoint6,Strait of Hormuz,17,16,6,2,62,41,103,581034,649189,23289,5571,4068847,1259084,5327931,14388
2024-05-28,2024,5,28,chokepoint6,Strait of Hormuz,18,20,4,5,69,47,116,553069,512830,5010,15744,3395085,1086655,4481740,14389
2024-05-29,2024,5,29,chokepoint6,Strait of Hormuz,17,18,9,5,59,49,108,505915,622059,64910,3782,2592058,1196668,3788726,14390
2024-05-30,2024,5,30,chokepoint6,Strait of Hormuz,16,19,7,2,57,44,101,446253,757919,15620,847,2298960,1220640,3519601,14391
2024-05-31,2024,5,31,chokepoint6,Strait of Hormuz,10,16,8,5,57,39,96,222147,513256,13114,18253,2937321,766770,3704092,14392
2024-06-01,2024,6,1,chokepoint6,Strait of Hormuz,22,15,2,1,62,40,102,588359,724146,0,0,2949978,1312506,4262485,14393
2024-06-02,2024,6,2,chokepoint6,Strait of Hormuz,15,16,4,1,81,36,117,320285,833596,21767,0,3819433,1175649,4995083,14394
2024-06-03,2024,6,3,chokepoint6,Strait of Hormuz,19,17,5,3,60,44,104,580129,626802,20479,3932,3305514,1231344,4536859,14395
2024-06-04,2024,6,4,chokepoint6,Strait of Hormuz,20,12,5,4,61,41,102,588329,372035,28528,18390,2757464,1007283,3764748,14396
2024-06-05,2024,6,5,chokepoint6,Strait of Hormuz,27,15,3,3,59,48,107,942009,539278,11862,0,3718289,1493150,5211439,14397
2024-06-06,2024,6,6,chokepoint6,Strait of Hormuz,26,21,9,7,57,63,120,834986,440040,43370,13711,2831533,1332109,4163643,14398
2024-06-07,2024,6,7,chokepoint6,Strait of Hormuz,16,16,5,2,63,39,102,489617,563225,41648,7135,2162511,1101626,3264137,14399
2024-06-08,2024,6,8,chokepoint6,Strait of Hormuz,14,13,3,3,66,33,99,250147,638669,13610,0,3482432,902427,4384860,14400
2024-06-09,2024,6,9,chokepoint6,Strait of Hormuz,17,14,2,3,76,36,112,394438,366456,599,3301,3005027,764795,3769823,14401
2024-06-10,2024,6,10,chokepoint6,Strait of Hormuz,21,20,5,1,65,47,112,441982,963689,25431,0,2293467,1431103,3724571,14402
2024-06-11,2024,6,11,chokepoint6,Strait of Hormuz,13,21,7,4,66,45,111,310793,328015,13417,4828,2416437,657055,3073493,14403
2024-06-12,2024,6,12,chokepoint6,Strait of Hormuz,23,18,6,9,58,56,114,672919,647990,43950,6141,2528388,1371002,3899390,14404
2024-06-14,2024,6,14,chokepoint6,Strait of Hormuz,13,19,3,5,58,40,98,366564,726037,3427,2374,3195143,1098404,4293548,14408
2024-06-15,2024,6,15,chokepoint6,Strait of Hormuz,14,21,9,5,67,49,116,384360,641675,43878,19183,2856459,1089097,3945557,14462
2024-06-16,2024,6,16,chokepoint6,Strait of Hormuz,15,17,5,1,54,38,92,371616,644845,57581,5075,3201074,1079118,4280193,14815
2024-06-17,2024,6,17,chokepoint6,Strait of Hormuz,17,11,4,3,62,35,97,765638,688017,4438,0,2789988,1458094,4248082,14817
2024-06-18,2024,6,18,chokepoint6,Strait of Hormuz,23,13,6,5,52,47,99,440298,460663,23063,11460,2307061,935485,3242546,14820
2024-06-19,2024,6,19,chokepoint6,Strait of Hormuz,19,19,3,2,65,43,108,562290,712765,12711,5707,3484977,1293473,4778451,14823
2024-06-20,2024,6,20,chokepoint6,Strait of Hormuz,13,23,2,4,61,42,103,307106,779227,21955,11067,2109837,1119357,3229194,14826
2024-06-21,2024,6,21,chokepoint6,Strait of Hormuz,14,9,5,5,56,33,89,509061,389364,47798,18895,2484320,965120,3449440,14829
2024-06-22,2024,6,22,chokepoint6,Strait of Hormuz,18,21,5,3,54,47,101,514289,453276,6722,5486,2110371,979775,3090147,14832
2024-06-23,2024,6,23,chokepoint6,Strait of Hormuz,25,15,2,2,56,44,100,625000,355840,3210,2784,2462698,986835,3449533,14835
2024-06-24,2024,6,24,chokepoint6,Strait of Hormuz,14,27,3,3,65,47,112,411763,1157997,27377,8226,3070777,1605365,4676143,14838
2024-06-25,2024,6,25,chokepoint6,Strait of Hormuz,22,18,2,4,69,46,115,659103,757484,20913,7135,2945341,1444638,4389979,14841
2024-06-26,2024,6,26,chokepoint6,Strait of Hormuz,15,20,3,3,57,41,98,289575,599978,7157,0,2156287,896712,3052999,14844
2024-06-27,2024,6,27,chokepoint6,Strait of Hormuz,16,13,6,3,80,38,118,532177,584910,22656,7224,3004278,1146967,4151246,14847
2024-06-28,2024,6,28,chokepoint6,Strait of Hormuz,13,9,8,4,53,34,87,365611,325992,36411,6638,3099738,734652,3834390,14850
2024-06-29,2024,6,29,chokepoint6,Strait of Hormuz,19,23,4,0,53,46,99,677090,811642,28329,0,2223789,1517062,3740852,14853
2024-06-30,2024,6,30,chokepoint6,Strait of Hormuz,16,14,5,2,62,37,99,493021,581484,9366,6817,3212570,1090690,4303260,14856
2024-07-01,2024,7,1,chokepoint6,Strait of Hormuz,29,14,5,3,44,51,95,750791,695624,12936,5047,1833851,1464399,3298251,14859
2024-07-02,2024,7,2,chokepoint6,Strait of Hormuz,23,23,4,5,76,55,131,460657,890656,23796,15999,3067529,1391109,4458639,14862
2024-07-03,2024,7,3,chokepoint6,Strait of Hormuz,16,18,2,4,64,40,104,508096,563658,5850,0,2795147,1077605,3872753,14865
2024-07-04,2024,7,4,chokepoint6,Strait of Hormuz,15,11,8,2,72,36,108,399547,358037,45781,6759,2121006,810126,2931133,14866
2024-07-05,2024,7,5,chokepoint6,Strait of Hormuz,18,16,4,3,53,41,94,388529,680959,15966,11522,2406899,1096977,3503877,14867
2024-07-06,2024,7,6,chokepoint6,Strait of Hormuz,21,14,5,5,59,45,104,594520,394956,31288,14837,3279610,1035603,4315214,14868
2024-07-07,2024,7,7,chokepoint6,Strait of Hormuz,18,10,5,4,69,37,106,397425,322429,20214,5787,3524340,745857,4270197,14869
2024-07-08,2024,7,8,chokepoint6,Strait of Hormuz,25,11,4,1,65,41,106,708712,396618,60929,0,2078512,1166260,3244772,14870
2024-07-09,2024,7,9,chokepoint6,Strait of Hormuz,26,16,5,6,71,53,124,644007,680892,7272,7846,3953301,1340019,5293321,14872
2024-07-10,2024,7,10,chokepoint6,Strait of Hormuz,15,9,5,5,59,34,93,316830,288292,29533,5482,2435847,640138,3075985,14874
2024-07-11,2024,7,11,chokepoint6,Strait of Hormuz,23,23,7,4,70,57,127,757666,963110,14098,21252,2983250,1756127,4739377,14877
2024-07-12,2024,7,12,chokepoint6,Strait of Hormuz,20,12,6,2,59,40,99,540365,754815,14618,2346,2988283,1312145,4300428,14880
2024-07-13,2024,7,13,chokepoint6,Strait of Hormuz,20,19,8,3,64,50,114,561782,461692,43088,9848,2945223,1076410,4021634,14883
2024-07-14,2024,7,14,chokepoint6,Strait of Hormuz,18,13,6,2,69,39,108,337878,459868,29537,8114,3161056,835398,3996455,14886
2024-07-15,2024,7,15,chokepoint6,Strait of Hormuz,10,14,5,3,63,32,95,237496,562862,22167,4773,2560556,827300,3387856,14889
2024-07-16,2024,7,16,chokepoint6,Strait of Hormuz,19,11,6,6,64,42,106,458717,437953,38445,14093,2316692,949210,3265902,14892
2024-07-17,2024,7,17,chokepoint6,Strait of Hormuz,16,23,8,4,68,51,119,444579,805855,48953,6630,4240064,1306020,5546084,14895
2024-07-18,2024,7,18,chokepoint6,Strait of Hormuz,18,12,8,3,55,41,96,492676,520869,58864,3648,2268837,1076059,3344896,14898
2024-07-19,2024,7,19,chokepoint6,Strait of Hormuz,17,13,6,1,59,37,96,292516,601456,49708,0,3248679,943681,4192360,14901
2024-07-20,2024,7,20,chokepoint6,Strait of Hormuz,19,14,2,2,59,37,96,430096,528484,3749,0,1655505,962330,2617835,14904
2024-07-21,2024,7,21,chokepoint6,Strait of Hormuz,19,19,3,4,60,45,105,701443,749474,14205,9479,4034829,1474603,5509432,14907
2024-07-22,2024,7,22,chokepoint6,Strait of Hormuz,15,14,7,0,53,36,89,639455,469568,64502,0,1990716,1173526,3164243,14910
2024-07-23,2024,7,23,chokepoint6,Strait of Hormuz,24,20,2,1,59,47,106,772842,731363,5010,0,3543176,1509215,5052392,14913
2024-07-24,2024,7,24,chokepoint6,Strait of Hormuz,17,12,3,3,62,35,97,480444,473409,8396,8820,2655814,971070,3626885,14917
2024-07-25,2024,7,25,chokepoint6,Strait of Hormuz,16,16,5,6,71,43,114,510994,301527,43172,15496,3806757,871189,4677947,14920
2024-07-26,2024,7,26,chokepoint6,Strait of Hormuz,16,8,7,5,44,36,80,340985,285021,20495,14254,2414648,660757,3075406,14923
2024-07-27,2024,7,27,chokepoint6,Strait of Hormuz,19,12,3,3,67,37,104,706537,372108,5779,11877,3003871,1096303,4100174,14926
2024-07-28,2024,7,28,chokepoint6,Strait of Hormuz,20,19,4,2,57,45,102,486886,729992,8701,0,2672859,1225579,3898439,14929
2024-07-29,2024,7,29,chokepoint6,Strait of Hormuz,18,14,6,4,67,42,109,600593,616356,43765,13188,2901690,1273904,4175594,14932
2024-07-30,2024,7,30,chokepoint6,Strait of Hormuz,16,22,3,4,46,45,91,455824,779759,8390,9351,2356111,1253325,3609436,14935
2024-07-31,2024,7,31,chokepoint6,Strait of Hormuz,15,6,3,3,63,27,90,354622,260143,18588,5354,1678450,638708,2317158,14938
2024-08-01,2024,8,1,chokepoint6,Strait of Hormuz,21,20,8,6,50,55,105,506968,481000,43391,11446,2628665,1042807,3671473,14941
2024-08-02,2024,8,2,chokepoint6,Strait of Hormuz,19,13,3,4,61,39,100,498856,346753,3409,6717,2335400,855737,3191137,14944
2024-08-03,2024,8,3,chokepoint6,Strait of Hormuz,20,19,5,4,64,48,112,491400,591552,23943,6867,3356709,1113763,4470472,14947
2024-08-04,2024,8,4,chokepoint6,Strait of Hormuz,19,12,4,4,58,39,97,535017,294030,2279,6638,1970297,837966,2808263,14950
2024-08-05,2024,8,5,chokepoint6,Strait of Hormuz,20,17,5,2,56,44,100,700316,708912,41983,9928,1904556,1461140,3365697,14953
2024-08-06,2024,8,6,chokepoint6,Strait of Hormuz,20,8,4,3,59,35,94,678245,215485,30297,3371,2852325,927399,3779725,14956
2024-08-07,2024,8,7,chokepoint6,Strait of Hormuz,15,16,3,4,59,38,97,342965,375288,8059,20192,3201996,746506,3948503,14959
2024-08-08,2024,8,8,chokepoint6,Strait of Hormuz,16,9,1,4,67,30,97,452073,734126,4725,6092,2948873,1197017,4145891,14962
2024-08-09,2024,8,9,chokepoint6,Strait of Hormuz,11,21,5,2,58,39,97,227993,847655,13346,4577,3039807,1093573,4133380,14965
2024-08-10,2024,8,10,chokepoint6,Strait of Hormuz,18,20,6,3,70,47,117,423331,997363,44150,6209,3402658,1471056,4873714,14966
2024-08-11,2024,8,11,chokepoint6,Strait of Hormuz,21,19,2,2,54,44,98,461450,693188,44085,11494,2282031,1210218,3492249,14967
2024-08-12,2024,8,12,chokepoint6,Strait of Hormuz,11,20,6,4,67,41,108,314013,706732,16701,2923,2779772,1040370,3820143,14968
2024-08-13,2024,8,13,chokepoint6,Strait of Hormuz,14,8,8,6,57,36,93,417554,367856,62767,11150,3539626,859329,4398956,14969
2024-08-14,2024,8,14,chokepoint6,Strait of Hormuz,23,15,5,3,52,46,98,628843,682699,12380,3857,2141224,1327781,3469005,14970
2024-08-15,2024,8,15,chokepoint6,Strait of Hormuz,13,5,3,3,49,24,73,380350,205306,0,3818,2806548,589475,3396024,14971
2024-08-16,2024,8,16,chokepoint6,Strait of Hormuz,14,15,8,2,48,39,87,651887,523761,56866,4091,2500269,1236606,3736876,14973
2024-08-17,2024,8,17,chokepoint6,Strait of Hormuz,11,12,2,1,46,26,72,257712,289825,20936,0,3161159,568474,3729634,14977
2024-08-18,2024,8,18,chokepoint6,Strait of Hormuz,17,6,1,2,50,26,76,523019,136567,5369,4563,3210113,669520,3879634,14980
2024-08-19,2024,8,19,chokepoint6,Strait of Hormuz,17,21,7,1,53,46,99,408285,772924,21619,0,2868686,1202829,4071515,14983
2024-08-20,2024,8,20,chokepoint6,Strait of Hormuz,18,9,1,1,47,29,76,424079,483012,0,0,2539623,907092,3446716,14986
2024-08-21,2024,8,21,chokepoint6,Strait of Hormuz,18,19,5,3,53,45,98,437086,440796,5435,7257,2536932,890575,3427508,14989
2024-08-22,2024,8,22,chokepoint6,Strait of Hormuz,20,18,6,5,48,49,97,679947,705690,87476,7165,1984419,1480279,3464699,14992
2024-08-23,2024,8,23,chokepoint6,Strait of Hormuz,25,17,8,6,50,56,106,589457,538423,40505,12848,2722342,1181234,3903577,14995
2024-08-24,2024,8,24,chokepoint6,Strait of Hormuz,21,16,4,1,78,42,120,671049,505850,18754,0,3008245,1195654,4203899,14998
2024-08-25,2024,8,25,chokepoint6,Strait of Hormuz,16,18,5,4,58,43,101,351307,868765,24078,0,2808312,1244151,4052463,15001
2024-08-26,2024,8,26,chokepoint6,Strait of Hormuz,18,24,8,6,63,56,119,620284,768342,33690,10974,2728379,1433292,4161671,15003
2024-08-27,2024,8,27,chokepoint6,Strait of Hormuz,23,11,3,3,75,40,115,542204,387917,18908,8526,2997932,957556,3955488,15006
2024-08-28,2024,8,28,chokepoint6,Strait of Hormuz,21,22,4,4,81,51,132,469760,906729,33231,5924,3872663,1415646,5288310,15009
2024-08-29,2024,8,29,chokepoint6,Strait of Hormuz,18,18,2,3,66,41,107,441128,597048,1620,0,1869403,1039797,2909200,15012
2024-08-30,2024,8,30,chokepoint6,Strait of Hormuz,15,21,4,4,62,44,106,360718,857370,48163,1801,2890106,1268054,4158161,15015
2024-08-31,2024,8,31,chokepoint6,Strait of Hormuz,13,12,5,1,58,31,89,133079,513250,32513,0,2566342,678843,3245186,15016
2024-09-01,2024,9,1,chokepoint6,Strait of Hormuz,24,13,5,3,50,45,95,556293,453548,39617,11087,1963155,1060546,3023702,15017
2024-09-02,2024,9,2,chokepoint6,Strait of Hormuz,18,18,3,4,55,43,98,568848,591032,6224,19366,2105800,1185471,3291272,15018
2024-09-03,2024,9,3,chokepoint6,Strait of Hormuz,22,14,5,4,83,45,128,608749,401210,22630,6153,3801417,1038742,4840160,15019
2024-09-04,2024,9,4,chokepoint6,Strait of Hormuz,14,21,3,6,74,44,118,367252,515707,7622,11024,3438014,901606,4339620,15020
2024-09-05,2024,9,5,chokepoint6,Strait of Hormuz,17,18,2,2,62,39,101,463753,591993,18277,4318,3055058,1078343,4133402,15021
2024-09-06,2024,9,6,chokepoint6,Strait of Hormuz,29,14,4,4,60,51,111,796153,702257,17048,8651,3081267,1524110,4605377,15022
2024-09-07,2024,9,7,chokepoint6,Strait of Hormuz,19,16,4,5,67,44,111,499068,651738,16588,14253,2272438,1181649,3454087,15024
2024-09-08,2024,9,8,chokepoint6,Strait of Hormuz,19,22,1,2,51,44,95,651855,1153524,10211,9479,1463154,1825072,3288227,15028
2024-09-09,2024,9,9,chokepoint6,Strait of Hormuz,15,17,4,5,66,41,107,364647,559319,16308,4550,3179882,944826,4124709,15031
2024-09-10,2024,9,10,chokepoint6,Strait of Hormuz,19,18,8,4,67,49,116,678209,740955,76790,6149,3337270,1502105,4839376,15034
2024-09-11,2024,9,11,chokepoint6,Strait of Hormuz,16,13,6,5,56,40,96,266157,623089,26574,3317,2506369,919138,3425507,15037
2024-09-12,2024,9,12,chokepoint6,Strait of Hormuz,18,23,3,1,66,45,111,472236,1132159,5710,0,2577820,1610106,4187927,15040
2024-09-13,2024,9,13,chokepoint6,Strait of Hormuz,20,24,3,6,63,53,116,652632,972180,16225,19854,1755925,1660892,3416818,15043
2024-09-14,2024,9,14,chokepoint6,Strait of Hormuz,24,16,6,3,67,49,116,568887,341834,24256,2984,3283090,937963,4221054,15046
2024-09-15,2024,9,15,chokepoint6,Strait of Hormuz,20,14,11,7,57,52,109,616417,451827,51824,18762,2191239,1138831,3330070,15049
2024-09-16,2024,9,16,chokepoint6,Strait of Hormuz,17,17,7,1,55,42,97,495586,415924,40567,4336,3070749,956414,4027164,15052
2024-09-17,2024,9,17,chokepoint6,Strait of Hormuz,23,14,7,5,61,49,110,596428,802414,33969,13450,2237081,1446262,3683344,15055
2024-09-18,2024,9,18,chokepoint6,Strait of Hormuz,18,20,8,2,73,48,121,341078,850080,19240,2817,4302220,1213217,5515438,15058
2024-09-19,2024,9,19,chokepoint6,Strait of Hormuz,17,13,7,2,63,39,102,499712,359587,48608,5251,3505352,913160,4418512,15061
2024-09-20,2024,9,20,chokepoint6,Strait of Hormuz,24,14,3,5,56,46,102,605737,464017,29404,2674,1350703,1101833,2452536,15064
2024-09-21,2024,9,21,chokepoint6,Strait of Hormuz,18,17,9,2,60,46,106,422591,740657,86492,4470,2443045,1254213,3697258,15072
2024-09-22,2024,9,22,chokepoint6,Strait of Hormuz,25,19,6,5,62,55,117,555992,423184,14792,9747,3159199,1003717,4162916,15075
2024-09-23,2024,9,23,chokepoint6,Strait of Hormuz,21,20,5,3,75,49,124,538472,828340,14465,7987,4446630,1389265,5835896,15078
2024-09-24,2024,9,24,chokepoint6,Strait of Hormuz,14,16,5,7,63,42,105,597579,685198,18664,14541,2074486,1315984,3390470,15081
2024-09-25,2024,9,25,chokepoint6,Strait of Hormuz,18,15,8,0,66,41,107,555907,598757,22878,0,4265577,1177544,5443121,15084
2024-09-26,2024,9,26,chokepoint6,Strait of Hormuz,16,17,5,4,56,42,98,391407,572214,29863,10329,1490436,1003814,2494250,15087
2024-09-27,2024,9,27,chokepoint6,Strait of Hormuz,27,20,10,5,52,62,114,725328,831729,57462,15265,2711369,1629786,4341156,15090
2024-09-28,2024,9,28,chokepoint6,Strait of Hormuz,27,20,4,3,68,54,122,555399,716602,38142,0,2246165,1310144,3556310,15093
2024-09-29,2024,9,29,chokepoint6,Strait of Hormuz,18,17,3,0,53,38,91,356746,908987,13859,0,2764126,1279593,4043720,15096
2024-09-30,2024,9,30,chokepoint6,Strait of Hormuz,22,10,5,0,48,37,85,612879,425231,3708,0,3198291,1041819,4240110,15099
2024-10-01,2024,10,1,chokepoint6,Strait of Hormuz,17,20,3,4,59,44,103,416747,758697,27893,16952,1817784,1220290,3038074,15102
2024-10-02,2024,10,2,chokepoint6,Strait of Hormuz,28,21,6,6,68,61,129,757762,960781,43993,15752,3419473,1778290,5197764,15105
2024-10-03,2024,10,3,chokepoint6,Strait of Hormuz,15,11,8,5,53,39,92,322848,355444,31502,2627,1545925,712423,2258349,15108
2024-10-04,2024,10,4,chokepoint6,Strait of Hormuz,17,14,5,2,62,38,100,470638,482673,20886,4318,3331109,978515,4309625,15111
2024-10-05,2024,10,5,chokepoint6,Strait of Hormuz,19,16,2,5,53,42,95,574860,633985,2505,12821,3025615,1224173,4249789,15114
2024-10-06,2024,10,6,chokepoint6,Strait of Hormuz,19,10,7,1,47,37,84,441540,114412,31028,0,1949498,586981,2536480,15123
2024-10-07,2024,10,7,chokepoint6,Strait of Hormuz,18,23,5,3,73,49,122,445204,834895,16929,7032,3656017,1304062,4960079,15125
2024-10-08,2024,10,8,chokepoint6,Strait of Hormuz,18,12,8,3,69,41,110,532932,549602,21015,6010,3178274,1109560,4287835,15128
2024-10-09,2024,10,9,chokepoint6,Strait of Hormuz,24,13,6,6,56,49,105,496384,678704,26091,7289,2617453,1208470,3825923,15131
2024-10-10,2024,10,10,chokepoint6,Strait of Hormuz,19,25,5,3,65,52,117,487683,925740,21183,4394,3109942,1439001,4548944,15134
2024-10-11,2024,10,11,chokepoint6,Strait of Hormuz,21,11,6,1,63,39,102,418673,257290,41516,0,2984165,717480,3701646,15137
2024-10-12,2024,10,12,chokepoint6,Strait of Hormuz,24,13,6,5,68,48,116,574415,227784,22323,6056,3827130,830579,4657709,15140
2024-10-13,2024,10,13,chokepoint6,Strait of Hormuz,21,16,4,6,63,47,110,620148,849931,40740,14236,2513487,1525058,4038546,15143
2024-10-14,2024,10,14,chokepoint6,Strait of Hormuz,15,16,3,1,55,35,90,492977,344409,9081,0,2886094,846468,3732562,15146
2024-10-15,2024,10,15,chokepoint6,Strait of Hormuz,16,17,1,5,65,39,104,350148,687429,4495,15231,2766294,1057305,3823600,15149
2024-10-16,2024,10,16,chokepoint6,Strait of Hormuz,17,9,6,2,56,34,90,447855,300033,26468,6527,1921088,780885,2701974,15152
2024-10-17,2024,10,17,chokepoint6,Strait of Hormuz,23,12,9,7,65,51,116,526913,267876,31010,15166,2283302,840966,3124268,15155
2024-10-18,2024,10,18,chokepoint6,Strait of Hormuz,15,20,7,4,65,46,111,367632,331478,28428,21621,3508131,749160,4257292,15158
2024-10-19,2024,10,19,chokepoint6,Strait of Hormuz,26,13,2,3,57,44,101,687037,345439,3227,4434,2203735,1040139,3243874,15161
2024-10-20,2024,10,20,chokepoint6,Strait of Hormuz,20,20,5,5,53,50,103,575283,966713,10349,10238,2124415,1562585,3687000,15164
2024-10-21,2024,10,21,chokepoint6,Strait of Hormuz,14,12,3,3,46,32,78,197990,597837,42218,5097,1604720,843144,2447864,15174
2024-10-22,2024,10,22,chokepoint6,Strait of Hormuz,18,12,5,9,51,44,95,503115,543151,22186,24218,2083152,1092672,3175825,15177
2024-10-23,2024,10,23,chokepoint6,Strait of Hormuz,25,15,3,4,41,47,88,721800,768538,25848,0,2693132,1516187,4209319,15180
2024-10-24,2024,10,24,chokepoint6,Strait of Hormuz,23,19,2,5,56,49,105,555696,845856,2093,11318,2827709,1414964,4242673,15183
2024-10-25,2024,10,25,chokepoint6,Strait of Hormuz,17,18,4,4,63,43,106,418301,565440,7648,5347,3354368,996737,4351106,15186
2024-10-26,2024,10,26,chokepoint6,Strait of Hormuz,31,8,9,6,47,54,101,629846,186782,54951,2178,2006622,873758,2880381,15189
2024-10-27,2024,10,27,chokepoint6,Strait of Hormuz,21,17,2,4,57,44,101,516303,686697,58170,7265,2636396,1268437,3904833,15192
2024-10-28,2024,10,28,chokepoint6,Strait of Hormuz,13,14,3,0,48,30,78,362002,488477,12566,0,2404850,863046,3267896,15195
2024-10-29,2024,10,29,chokepoint6,Strait of Hormuz,16,13,6,6,40,41,81,402023,590128,28188,22949,1174565,1043290,2217855,15198
2024-10-30,2024,10,30,chokepoint6,Strait of Hormuz,16,17,2,6,56,41,97,425221,404842,10401,8113,1729241,848579,2577821,15201
2024-10-31,2024,10,31,chokepoint6,Strait of Hormuz,23,15,5,0,45,43,88,504238,547371,34362,0,2004900,1085972,3090872,15204
2024-11-01,2024,11,1,chokepoint6,Strait of Hormuz,21,15,8,2,63,46,109,632411,637382,15897,0,2817869,1285691,4103560,15207
2024-11-02,2024,11,2,chokepoint6,Strait of Hormuz,18,9,7,2,58,36,94,303268,259531,25770,0,2899600,588570,3488171,15210
2024-11-03,2024,11,3,chokepoint6,Strait of Hormuz,14,18,4,4,67,40,107,232589,729900,33560,5911,3367583,1001961,4369545,15213
2024-11-04,2024,11,4,chokepoint6,Strait of Hormuz,22,17,7,5,63,51,114,777338,674645,40102,18744,2806914,1510830,4317744,15218
2024-11-05,2024,11,5,chokepoint6,Strait of Hormuz,21,17,5,7,67,50,117,335176,617743,9996,4381,2993785,967298,3961083,15220
2024-11-06,2024,11,6,chokepoint6,Strait of Hormuz,20,15,2,2,56,39,95,485890,616874,3437,12991,3479097,1119192,4598290,15223
2024-11-07,2024,11,7,chokepoint6,Strait of Hormuz,27,21,3,2,59,53,112,900518,584409,6703,2897,2905463,1494529,4399992,15226
2024-11-08,2024,11,8,chokepoint6,Strait of Hormuz,15,22,5,3,60,45,105,413448,991869,40285,3150,2508327,1448754,3957081,15229
2024-11-09,2024,11,9,chokepoint6,Strait of Hormuz,22,11,5,5,59,43,102,526682,467925,10408,14081,3297389,1019099,4316488,15232
2024-11-10,2024,11,10,chokepoint6,Strait of Hormuz,26,18,5,2,55,51,106,584195,555521,19637,0,2405575,1159354,3564929,15235
2024-11-11,2024,11,11,chokepoint6,Strait of Hormuz,17,11,4,6,61,38,99,312178,366963,29327,17146,2785000,725616,3510616,15238
2024-11-12,2024,11,12,chokepoint6,Strait of Hormuz,12,18,4,2,41,36,77,435354,537551,15688,9855,2269544,998449,3267994,15241
2024-11-13,2024,11,13,chokepoint6,Strait of Hormuz,17,14,8,5,49,44,93,411318,366154,37945,5132,2283493,820550,3104043,15244
2024-11-14,2024,11,14,chokepoint6,Strait of Hormuz,15,12,6,7,56,40,96,430658,499708,18360,4949,3047167,953677,4000845,15247
2024-11-15,2024,11,15,chokepoint6,Strait of Hormuz,13,15,5,3,58,36,94,407515,594642,35996,760,2166475,1038914,3205389,15250
2024-11-16,2024,11,16,chokepoint6,Strait of Hormuz,18,22,2,0,53,42,95,469060,980631,15209,0,2349989,1464901,3814890,15253
2024-11-17,2024,11,17,chokepoint6,Strait of Hormuz,25,15,2,4,43,46,89,391423,806318,25543,8244,1839233,1231530,3070763,15256
2024-11-18,2024,11,18,chokepoint6,Strait of Hormuz,13,15,4,5,69,37,106,154338,556547,24682,25023,4152048,760593,4912641,15259
2024-11-19,2024,11,19,chokepoint6,Strait of Hormuz,18,10,7,5,49,40,89,389607,576187,49072,6680,1849160,1021548,2870709,15262
2024-11-20,2024,11,20,chokepoint6,Strait of Hormuz,14,18,6,4,62,42,104,416101,806484,23390,2060,3952791,1248037,5200829,15265
2024-11-21,2024,11,21,chokepoint6,Strait of Hormuz,22,25,5,0,49,52,101,366223,901110,30366,0,2738499,1297700,4036199,15266
2024-11-22,2024,11,22,chokepoint6,Strait of Hormuz,23,11,5,4,45,43,88,451144,346618,18479,10451,2008568,826693,2835262,15267
2024-11-23,2024,11,23,chokepoint6,Strait of Hormuz,9,19,3,3,43,34,77,142255,588348,15611,2783,1104004,749000,1853004,15268
2024-11-24,2024,11,24,chokepoint6,Strait of Hormuz,15,13,3,1,48,32,80,356929,638866,11945,3784,1696716,1011525,2708241,15269
2024-11-25,2024,11,25,chokepoint6,Strait of Hormuz,14,12,4,9,48,39,87,233950,633547,11233,22832,2775574,901563,3677137,15270
2024-11-26,2024,11,26,chokepoint6,Strait of Hormuz,15,18,6,3,50,42,92,511149,594969,51000,2504,3035716,1159623,4195340,15271
2024-11-27,2024,11,27,chokepoint6,Strait of Hormuz,13,14,2,4,53,33,86,518687,545804,28750,2940,3543280,1096182,4639463,15272
2024-11-28,2024,11,28,chokepoint6,Strait of Hormuz,13,20,4,2,61,39,100,190136,521618,35951,9744,1657436,757450,2414887,15273
2024-11-29,2024,11,29,chokepoint6,Strait of Hormuz,11,9,2,1,41,23,64,409191,424437,7338,0,1700516,840967,2541483,15274
2024-11-30,2024,11,30,chokepoint6,Strait of Hormuz,27,12,8,1,45,48,93,793566,366910,54816,0,2451976,1215293,3667269,15276
2024-12-01,2024,12,1,chokepoint6,Strait of Hormuz,11,12,3,0,40,26,66,254743,538639,10318,0,1022395,803700,1826096,15282
2024-12-02,2024,12,2,chokepoint6,Strait of Hormuz,10,12,4,4,43,30,73,287661,260447,5204,3192,1489355,556505,2045861,15285
2024-12-03,2024,12,3,chokepoint6,Strait of Hormuz,16,10,2,3,28,31,59,309217,510379,8822,5707,1202954,834126,2037080,15288
2024-12-04,2024,12,4,chokepoint6,Strait of Hormuz,21,13,1,4,49,39,88,603538,603045,1838,0,2536656,1208422,3745078,15291
2024-12-05,2024,12,5,chokepoint6,Strait of Hormuz,18,18,5,4,56,45,101,423419,658430,31110,10383,4233295,1123344,5356639,15294
2024-12-06,2024,12,6,chokepoint6,Strait of Hormuz,15,13,6,5,52,39,91,341217,365635,40655,3302,2169020,750811,2919831,15297
2024-12-07,2024,12,7,chokepoint6,Strait of Hormuz,13,14,4,2,58,33,91,380152,729271,13770,10184,3297215,1133378,4430594,15300
2024-12-08,2024,12,8,chokepoint6,Strait of Hormuz,15,17,0,1,53,33,86,368971,660531,0,2204,3435797,1031707,4467505,15303
2024-12-09,2024,12,9,chokepoint6,Strait of Hormuz,19,17,6,3,39,45,84,532749,930606,24016,14726,2035820,1502098,3537919,15306
2024-12-10,2024,12,10,chokepoint6,Strait of Hormuz,10,13,4,6,50,33,83,219072,403936,39608,10094,2953536,672711,3626247,15309
2024-12-11,2024,12,11,chokepoint6,Strait of Hormuz,21,14,6,5,50,46,96,539652,494312,16905,4886,2154506,1055756,3210262,15312
2024-12-12,2024,12,12,chokepoint6,Strait of Hormuz,14,17,6,5,56,42,98,218760,861292,20504,0,2201345,1100557,3301903,15315
2024-12-13,2024,12,13,chokepoint6,Strait of Hormuz,17,18,2,3,54,40,94,320781,553929,5839,6671,3138135,887222,4025357,15316
2024-12-14,2024,12,14,chokepoint6,Strait of Hormuz,18,9,6,1,58,34,92,395270,262173,36432,0,2912875,693875,3606751,15317
2024-12-15,2024,12,15,chokepoint6,Strait of Hormuz,15,15,8,1,43,39,82,479365,636133,28782,0,2858875,1144280,4003156,15318
2024-12-16,2024,12,16,chokepoint6,Strait of Hormuz,13,9,1,3,45,26,71,313457,308516,16655,13562,2057859,652191,2710051,15319
2024-12-17,2024,12,17,chokepoint6,Strait of Hormuz,18,13,3,3,38,37,75,590373,314589,20496,2510,1275408,927969,2203378,15320
2024-12-18,2024,12,18,chokepoint6,Strait of Hormuz,16,16,3,7,61,42,103,380847,700951,7264,10988,3247340,1100052,4347392,15321
2024-12-19,2024,12,19,chokepoint6,Strait of Hormuz,21,11,2,6,50,40,90,530249,272210,413,6457,2089721,809331,2899053,15322
2024-12-20,2024,12,20,chokepoint6,Strait of Hormuz,11,10,2,3,52,26,78,415162,377264,15147,4704,1688676,812279,2500955,15323
2024-12-21,2024,12,21,chokepoint6,Strait of Hormuz,20,13,3,1,48,37,85,502971,434959,2889,0,2524075,940820,3464895,15324
2024-12-22,2024,12,22,chokepoint6,Strait of Hormuz,10,13,2,3,32,28,60,312819,722668,33425,17129,2627049,1086043,3713093,15326
2024-12-23,2024,12,23,chokepoint6,Strait of Hormuz,9,9,6,3,30,27,57,276667,469082,23138,0,1254028,768888,2022917,15333
2024-12-24,2024,12,24,chokepoint6,Strait of Hormuz,13,15,4,5,41,37,78,431512,496211,31106,6123,1513863,964953,2478817,15336
2024-12-25,2024,12,25,chokepoint6,Strait of Hormuz,16,16,6,9,40,47,87,269921,642644,25781,23059,2683873,961407,3645281,15339
2024-12-26,2024,12,26,chokepoint6,Strait of Hormuz,14,15,2,3,40,34,74,407949,771032,7386,14577,1424542,1200946,2625488,15342
2024-12-27,2024,12,27,chokepoint6,Strait of Hormuz,19,9,2,2,43,32,75,431714,455219,3144,4074,1801563,894152,2695716,15345
2024-12-28,2024,12,28,chokepoint6,Strait of Hormuz,17,13,3,2,30,35,65,435221,469300,8215,0,841591,912737,1754328,15348
2024-12-29,2024,12,29,chokepoint6,Strait of Hormuz,12,4,3,1,41,20,61,244723,202992,3413,0,2558942,451129,3010071,15351
2024-12-30,2024,12,30,chokepoint6,Strait of Hormuz,19,18,6,5,43,48,91,509597,495906,24023,8798,1331684,1038326,2370010,15354
2024-12-31,2024,12,31,chokepoint6,Strait of Hormuz,16,17,4,0,44,37,81,477364,654368,31394,0,1863541,1163126,3026668,15357
2025-01-01,2025,1,1,chokepoint6,Strait of Hormuz,16,13,2,2,46,33,79,330707,361646,8762,0,2349615,701117,3050732,15360
2025-01-02,2025,1,2,chokepoint6,Strait of Hormuz,14,7,3,4,35,28,63,409506,359623,7973,8368,1547064,785472,2332537,15363
2025-01-03,2025,1,3,chokepoint6,Strait of Hormuz,16,9,6,3,44,34,78,494210,232045,43667,13983,2499540,783905,3283445,15374
2025-01-04,2025,1,4,chokepoint6,Strait of Hormuz,18,16,2,2,42,38,80,621943,698217,3040,1566,1855910,1324767,3180677,15376
2025-01-05,2025,1,5,chokepoint6,Strait of Hormuz,11,7,3,1,41,22,63,181780,154878,31646,5411,1808459,373717,2182176,15378
2025-01-06,2025,1,6,chokepoint6,Strait of Hormuz,17,11,3,2,32,33,65,584968,505121,19474,0,1158609,1109564,2268174,15381
2025-01-07,2025,1,7,chokepoint6,Strait of Hormuz,10,14,3,4,40,31,71,427114,580519,20448,6640,2157756,1034724,3192480,15384
2025-01-08,2025,1,8,chokepoint6,Strait of Hormuz,20,13,4,2,30,39,69,449618,429877,15719,5158,780578,900373,1680951,15387
2025-01-09,2025,1,9,chokepoint6,Strait of Hormuz,12,14,3,4,41,33,74,391366,620251,12673,7642,1903728,1031934,2935662,15390
2025-01-10,2025,1,10,chokepoint6,Strait of Hormuz,13,12,5,1,40,31,71,324085,308840,27095,2981,2435156,663002,3098159,15393
2025-01-11,2025,1,11,chokepoint6,Strait of Hormuz,19,11,1,2,57,33,90,351099,310169,7191,3315,3395486,671776,4067263,15396
2025-01-12,2025,1,12,chokepoint6,Strait of Hormuz,15,10,3,6,53,34,87,368287,377636,7985,12287,3086428,766195,3852624,15399
2025-01-13,2025,1,13,chokepoint6,Strait of Hormuz,12,12,5,1,40,30,70,317849,617050,44058,5571,1889459,984530,2873990,15402
2025-01-14,2025,1,14,chokepoint6,Strait of Hormuz,11,11,8,4,31,34,65,267625,471008,14730,5132,1702220,758496,2460716,15405
2025-01-15,2025,1,15,chokepoint6,Strait of Hormuz,14,17,4,4,39,39,78,467271,541019,12333,14114,2264298,1034739,3299038,15408
2025-01-16,2025,1,16,chokepoint6,Strait of Hormuz,21,11,3,4,51,39,90,564988,548956,1811,10334,2264738,1126091,3390829,15411
2025-01-17,2025,1,17,chokepoint6,Strait of Hormuz,15,11,0,3,46,29,75,413644,425634,0,3596,1861905,842876,2704781,15414
2025-01-18,2025,1,18,chokepoint6,Strait of Hormuz,13,8,4,4,40,29,69,364771,160439,18295,9778,2814238,553285,3367524,15424
2025-01-19,2025,1,19,chokepoint6,Strait of Hormuz,14,13,3,4,36,34,70,388022,489050,15711,5263,1394672,898047,2292719,15426
2025-01-20,2025,1,20,chokepoint6,Strait of Hormuz,18,9,2,5,53,34,87,466082,411699,8584,1566,1878684,887933,2766618,15429
2025-01-21,2025,1,21,chokepoint6,Strait of Hormuz,13,16,5,7,42,41,83,308250,625385,27919,14212,1794437,975767,2770205,15432
2025-01-22,2025,1,22,chokepoint6,Strait of Hormuz,14,9,2,0,49,25,74,376658,169134,449,0,3024946,546242,3571189,15435
2025-01-23,2025,1,23,chokepoint6,Strait of Hormuz,13,10,2,0,41,25,66,337008,365928,10099,0,2306431,713036,3019467,15438
2025-01-24,2025,1,24,chokepoint6,Strait of Hormuz,17,16,1,4,38,38,76,494971,677054,5164,3452,2481850,1180642,3662493,15441
2025-01-25,2025,1,25,chokepoint6,Strait of Hormuz,14,18,2,2,57,36,93,241254,731689,5068,2743,2831840,980756,3812596,15444
2025-01-26,2025,1,26,chokepoint6,Strait of Hormuz,13,9,4,4,52,30,82,253400,141268,18535,12444,2273724,425649,2699373,15447
2025-01-27,2025,1,27,chokepoint6,Strait of Hormuz,17,14,2,0,44,33,77,564668,485138,12809,0,1930301,1062616,2992917,15450
2025-01-28,2025,1,28,chokepoint6,Strait of Hormuz,18,7,2,5,42,32,74,609245,251681,9075,1405,2489644,871407,3361052,15453
2025-01-29,2025,1,29,chokepoint6,Strait of Hormuz,18,14,6,2,48,40,88,455012,436836,6161,5141,1805697,903151,2708849,15456
2025-01-30,2025,1,30,chokepoint6,Strait of Hormuz,19,19,3,5,41,46,87,523082,512409,6818,6652,2097620,1048964,3146585,15459
2025-01-31,2025,1,31,chokepoint6,Strait of Hormuz,24,7,4,1,48,36,84,692668,124215,5465,4316,1589781,826665,2416446,15462
2025-02-01,2025,2,1,chokepoint6,Strait of Hormuz,12,14,3,1,41,30,71,316472,489597,21352,0,3111048,827421,3938470,15465
2025-02-02,2025,2,2,chokepoint6,Strait of Hormuz,14,5,3,1,46,23,69,465309,151423,13750,3705,1466164,634189,2100353,15466
2025-02-03,2025,2,3,chokepoint6,Strait of Hormuz,16,15,3,0,49,34,83,517093,837910,1636,0,2543441,1356640,3900082,15467
2025-02-04,2025,2,4,chokepoint6,Strait of Hormuz,12,13,1,3,49,29,78,173110,516060,4810,1892,1388455,695874,2084330,15468
2025-02-05,2025,2,5,chokepoint6,Strait of Hormuz,13,12,2,3,43,30,73,304703,572899,24326,4758,2176431,906688,3083120,15469
2025-02-06,2025,2,6,chokepoint6,Strait of Hormuz,20,19,4,4,38,47,85,557687,622485,9067,12398,1878668,1201638,3080307,15470
2025-02-07,2025,2,7,chokepoint6,Strait of Hormuz,13,9,4,2,40,28,68,312707,452782,13250,7897,2142168,786638,2928806,15471
2025-02-08,2025,2,8,chokepoint6,Strait of Hormuz,13,13,5,1,39,32,71,426470,648678,29986,0,1671813,1105134,2776948,15472
2025-02-09,2025,2,9,chokepoint6,Strait of Hormuz,17,12,4,1,52,34,86,277870,253229,35632,0,1946349,566732,2513082,15474
2025-02-10,2025,2,10,chokepoint6,Strait of Hormuz,6,13,3,5,48,27,75,206705,588206,5515,8964,2647208,809392,3456600,15477
2025-02-11,2025,2,11,chokepoint6,Strait of Hormuz,19,15,7,6,48,47,95,413094,452674,13868,2004,1704959,881642,2586601,15480
2025-02-12,2025,2,12,chokepoint6,Strait of Hormuz,16,16,3,4,59,39,98,409082,507227,11468,4078,3306968,931856,4238825,15483
2025-02-13,2025,2,13,chokepoint6,Strait of Hormuz,29,23,5,5,61,62,123,820220,914359,9435,5335,3456124,1749350,5205474,15486
2025-02-14,2025,2,14,chokepoint6,Strait of Hormuz,13,8,5,3,49,29,78,399868,189091,18217,8452,2039822,615629,2655451,15489
2025-02-15,2025,2,15,chokepoint6,Strait of Hormuz,21,17,0,2,57,40,97,439735,725560,0,4863,2605802,1170159,3775962,15492
2025-02-16,2025,2,16,chokepoint6,Strait of Hormuz,10,16,3,3,49,32,81,135883,680646,2536,2137,2925000,821203,3746204,15495
2025-02-17,2025,2,17,chokepoint6,Strait of Hormuz,17,15,3,4,48,39,87,356655,613895,21779,7559,2706261,999890,3706151,15498
2025-02-18,2025,2,18,chokepoint6,Strait of Hormuz,22,14,10,5,50,51,101,394595,335647,27233,2020,2407538,759495,3167034,15501
2025-02-19,2025,2,19,chokepoint6,Strait of Hormuz,24,9,5,0,58,38,96,469198,313809,21525,0,2605434,804534,3409969,15504
2025-02-20,2025,2,20,chokepoint6,Strait of Hormuz,20,8,4,1,58,33,91,516776,404460,25884,0,2553497,947121,3500618,15507
2025-02-21,2025,2,21,chokepoint6,Strait of Hormuz,21,15,3,3,51,42,93,530282,820871,26225,3192,1672664,1380572,3053236,15510
2025-02-22,2025,2,22,chokepoint6,Strait of Hormuz,20,21,6,1,68,48,116,564053,615695,42385,2454,3482677,1224588,4707265,15513
2025-02-23,2025,2,23,chokepoint6,Strait of Hormuz,14,17,7,1,46,39,85,350290,738616,21390,6992,1477432,1117290,2594722,15525
2025-02-24,2025,2,24,chokepoint6,Strait of Hormuz,16,14,3,7,57,40,97,384272,413998,16230,2060,2262646,816561,3079207,15527
2025-02-25,2025,2,25,chokepoint6,Strait of Hormuz,13,10,2,0,40,25,65,369464,581503,9015,0,1816516,959983,2776500,15530
2025-02-26,2025,2,26,chokepoint6,Strait of Hormuz,8,7,2,1,27,18,45,202001,108300,9060,5133,727362,324495,1051858,15533
2025-02-27,2025,2,27,chokepoint6,Strait of Hormuz,14,14,8,3,42,39,81,233965,332712,13150,3820,903587,583649,1487236,15536
2025-02-28,2025,2,28,chokepoint6,Strait of Hormuz,7,14,3,0,41,24,65,134968,1273991,37269,0,1821038,1446229,3267267,15539
2025-03-01,2025,3,1,chokepoint6,Strait of Hormuz,15,17,4,3,50,39,89,298221,950900,15736,10090,2129635,1274948,3404584,15542
2025-03-02,2025,3,2,chokepoint6,Strait of Hormuz,12,13,1,2,34,28,62,260048,594937,0,6228,2046736,861214,2907951,15545
2025-03-03,2025,3,3,chokepoint6,Strait of Hormuz,15,9,5,1,65,30,95,452143,325641,38872,0,3562745,816656,4379402,15548
2025-03-04,2025,3,4,chokepoint6,Strait of Hormuz,22,12,8,6,46,48,94,584925,695149,51440,17269,1620465,1348784,2969250,15551
2025-03-05,2025,3,5,chokepoint6,Strait of Hormuz,21,15,2,1,48,39,87,524560,500049,18219,0,2541631,1042828,3584460,15554
2025-03-06,2025,3,6,chokepoint6,Strait of Hormuz,19,10,2,7,66,38,104,281641,446823,1913,11406,3092273,741784,3834057,15557
2025-03-07,2025,3,7,chokepoint6,Strait of Hormuz,15,12,7,1,62,35,97,432834,436326,47447,3818,2602078,920426,3522505,15560
2025-03-08,2025,3,8,chokepoint6,Strait of Hormuz,20,12,5,2,70,39,109,450607,525787,24968,0,2663082,1001363,3664445,15563
2025-03-09,2025,3,9,chokepoint6,Strait of Hormuz,12,9,7,3,49,31,80,264772,244692,29383,4667,2448219,543516,2991735,15568
2025-03-10,2025,3,10,chokepoint6,Strait of Hormuz,24,10,5,5,50,44,94,631224,493961,25871,18803,3648423,1169860,4818284,15570
2025-03-11,2025,3,11,chokepoint6,Strait of Hormuz,14,13,3,6,50,36,86,459389,776630,5129,10960,2757567,1252109,4009677,15573
2025-03-12,2025,3,12,chokepoint6,Strait of Hormuz,22,13,7,2,72,44,116,658068,462725,31968,5858,3972851,1158620,5131471,15576
2025-03-13,2025,3,13,chokepoint6,Strait of Hormuz,21,18,5,2,60,46,106,482870,525478,44807,6152,3171313,1059310,4230623,15579
2025-03-14,2025,3,14,chokepoint6,Strait of Hormuz,21,23,3,5,52,52,104,489683,1539705,34962,10269,2036335,2074621,4110956,15582
2025-03-15,2025,3,15,chokepoint6,Strait of Hormuz,17,11,6,2,45,36,81,289382,502919,28669,0,1462407,820972,2283379,15585
2025-03-16,2025,3,16,chokepoint6,Strait of Hormuz,23,16,16,5,66,60,126,592572,895445,90963,13197,3325411,1592178,4917589,15588
2025-03-17,2025,3,17,chokepoint6,Strait of Hormuz,14,14,7,0,41,35,76,283881,608880,34084,0,1715853,926846,2642699,15591
2025-03-18,2025,3,18,chokepoint6,Strait of Hormuz,21,18,3,5,60,47,107,297184,485068,23267,9291,3782886,814811,4597698,15594
2025-03-19,2025,3,19,chokepoint6,Strait of Hormuz,22,16,3,5,61,46,107,782308,542629,7805,14171,1989760,1346915,3336676,15597
2025-03-20,2025,3,20,chokepoint6,Strait of Hormuz,21,19,3,1,72,44,116,468985,945704,7613,0,3332251,1422302,4754554,15600
2025-03-21,2025,3,21,chokepoint6,Strait of Hormuz,16,10,6,4,56,36,92,343606,351770,56359,5042,2209092,756778,2965871,15603
2025-03-22,2025,3,22,chokepoint6,Strait of Hormuz,18,10,3,1,51,32,83,422290,399754,18344,0,3401042,840389,4241432,15606
2025-03-23,2025,3,23,chokepoint6,Strait of Hormuz,19,21,6,2,51,48,99,578824,939635,15150,6642,1451858,1540252,2992111,15609
2025-03-24,2025,3,24,chokepoint6,Strait of Hormuz,21,11,0,3,45,35,80,467474,612156,0,9902,2272531,1089534,3362065,15612
2025-03-25,2025,3,25,chokepoint6,Strait of Hormuz,7,10,2,5,36,24,60,153358,458741,23110,12186,865511,647395,1512906,15615
2025-03-26,2025,3,26,chokepoint6,Strait of Hormuz,17,15,2,1,36,35,71,572729,409864,2246,0,1845449,984841,2830290,15616
2025-03-27,2025,3,27,chokepoint6,Strait of Hormuz,23,16,3,2,41,44,85,707861,707964,10599,4074,2601207,1430500,4031708,15617
2025-03-28,2025,3,28,chokepoint6,Strait of Hormuz,22,19,5,0,66,46,112,450257,892039,18396,0,2860064,1360693,4220758,15618
2025-03-29,2025,3,29,chokepoint6,Strait of Hormuz,16,17,5,2,74,40,114,474967,590270,43727,5526,3289116,1114491,4403608,15619
2025-03-30,2025,3,30,chokepoint6,Strait of Hormuz,13,12,1,5,67,31,98,316422,475775,0,12514,2433597,804713,3238311,15620
2025-03-31,2025,3,31,chokepoint6,Strait of Hormuz,20,19,4,8,54,51,105,456334,667627,17589,16323,3195137,1157875,4353013,15621
2025-04-01,2025,4,1,chokepoint6,Strait of Hormuz,27,15,2,6,59,50,109,669669,446319,28062,16008,2303513,1160060,3463573,15622
2025-04-02,2025,4,2,chokepoint6,Strait of Hormuz,18,16,9,9,68,52,120,583978,299562,64459,15929,3060420,963929,4024350,15623
2025-04-03,2025,4,3,chokepoint6,Strait of Hormuz,21,13,4,4,76,42,118,481799,615705,23408,2993,3906235,1123906,5030141,15625
2025-04-04,2025,4,4,chokepoint6,Strait of Hormuz,17,20,7,4,63,48,111,431524,925003,16705,0,3291266,1373233,4664499,15631
2025-04-05,2025,4,5,chokepoint6,Strait of Hormuz,23,16,4,4,57,47,104,435535,429233,34273,916,2836892,899958,3736850,15634
2025-04-06,2025,4,6,chokepoint6,Strait of Hormuz,23,13,10,3,63,49,112,781223,742277,78797,17358,2471320,1619656,4090977,15637
2025-04-07,2025,4,7,chokepoint6,Strait of Hormuz,17,10,5,5,58,37,95,386940,404569,29317,11288,2448918,832116,3281035,15640
2025-04-08,2025,4,8,chokepoint6,Strait of Hormuz,21,16,2,8,74,47,121,439024,555430,5218,9131,3677202,1008805,4686007,15643
2025-04-09,2025,4,9,chokepoint6,Strait of Hormuz,21,23,5,5,60,54,114,577629,574386,16963,4404,2259729,1173385,3433114,15646
2025-04-10,2025,4,10,chokepoint6,Strait of Hormuz,23,15,7,1,55,46,101,535395,509471,25889,0,3181693,1070756,4252449,15649
2025-04-11,2025,4,11,chokepoint6,Strait of Hormuz,22,18,5,4,58,49,107,603270,454141,27979,13526,2759167,1098916,3858083,15652
2025-04-12,2025,4,12,chokepoint6,Strait of Hormuz,18,19,5,4,47,46,93,429508,585619,48964,0,2955074,1064091,4019166,15655
2025-04-13,2025,4,13,chokepoint6,Strait of Hormuz,16,16,3,2,66,37,103,431896,419120,12825,6035,3398308,869877,4268185,15658
2025-04-14,2025,4,14,chokepoint6,Strait of Hormuz,18,17,11,4,53,50,103,413112,729322,46922,4511,3057604,1193868,4251473,15661
2025-04-15,2025,4,15,chokepoint6,Strait of Hormuz,20,20,5,5,78,50,128,491277,807259,24532,21304,2242850,1344374,3587225,15664
2025-04-16,2025,4,16,chokepoint6,Strait of Hormuz,26,12,2,0,63,40,103,631663,524770,13438,0,3108016,1169872,4277889,15678
2025-04-17,2025,4,17,chokepoint6,Strait of Hormuz,16,9,4,2,40,31,71,494970,683442,41202,5028,1452403,1224644,2677047,15681
2025-04-18,2025,4,18,chokepoint6,Strait of Hormuz,12,14,5,2,34,33,67,232301,474684,16998,0,1574509,723984,2298494,15684
2025-04-19,2025,4,19,chokepoint6,Strait of Hormuz,17,18,0,3,50,38,88,621602,672204,0,13594,2046317,1307401,3353718,15687
2025-04-20,2025,4,20,chokepoint6,Strait of Hormuz,23,11,4,0,51,38,89,639272,516105,7583,0,2749643,1162961,3912605,15690
2025-04-21,2025,4,21,chokepoint6,Strait of Hormuz,16,17,4,4,66,41,107,254740,617454,9710,9521,2698870,891425,3590296,15693
2025-04-22,2025,4,22,chokepoint6,Strait of Hormuz,29,25,4,6,64,64,128,652046,992609,25619,16317,2795670,1686593,4482263,15696
2025-04-23,2025,4,23,chokepoint6,Strait of Hormuz,18,14,6,5,65,43,108,470979,408851,74152,11980,2424492,965964,3390457,15699
2025-04-24,2025,4,24,chokepoint6,Strait of Hormuz,25,16,7,6,60,54,114,609189,664282,23709,12213,1871967,1309394,3181362,15702
2025-04-25,2025,4,25,chokepoint6,Strait of Hormuz,17,21,8,6,69,52,121,298341,664711,33445,17735,3288026,1014234,4302260,15705
2025-04-26,2025,4,26,chokepoint6,Strait of Hormuz,19,14,3,6,75,42,117,568145,388663,2140,14253,3242917,973203,4216120,15708
2025-04-27,2025,4,27,chokepoint6,Strait of Hormuz,20,15,3,3,65,41,106,416149,607815,10955,8979,2210933,1043900,3254834,15711
2025-04-28,2025,4,28,chokepoint6,Strait of Hormuz,17,20,1,3,64,41,105,317379,850943,0,7573,3365353,1175896,4541250,15714
2025-04-29,2025,4,29,chokepoint6,Strait of Hormuz,23,18,4,3,52,48,100,632681,702651,42296,2855,2526510,1380485,3906996,15726
2025-04-30,2025,4,30,chokepoint6,Strait of Hormuz,24,21,5,3,62,53,115,502167,791574,23699,16114,2795607,1333556,4129164,15728
2025-05-01,2025,5,1,chokepoint6,Strait of Hormuz,17,15,1,5,61,38,99,479571,701923,3185,7368,3744788,1192048,4936837,15731
2025-05-02,2025,5,2,chokepoint6,Strait of Hormuz,18,10,5,4,59,37,96,481561,452014,33878,8433,2176873,975888,3152761,15734
2025-05-03,2025,5,3,chokepoint6,Strait of Hormuz,22,11,5,5,52,43,95,548504,260354,17503,11703,2743230,838065,3581296,15737
2025-05-04,2025,5,4,chokepoint6,Strait of Hormuz,14,14,3,2,54,33,87,290289,481575,12183,0,3124329,784049,3908379,15740
2025-05-05,2025,5,5,chokepoint6,Strait of Hormuz,24,14,5,1,73,44,117,545643,707080,14995,0,3567643,1267719,4835362,15743
2025-05-06,2025,5,6,chokepoint6,Strait of Hormuz,24,23,8,4,64,59,123,497009,1029376,64810,4443,3001931,1595640,4597571,15746
2025-05-07,2025,5,7,chokepoint6,Strait of Hormuz,20,10,2,6,46,38,84,565813,321423,2589,13950,2518655,903777,3422433,15749
2025-05-08,2025,5,8,chokepoint6,Strait of Hormuz,24,16,5,5,46,50,96,713189,720544,47396,7573,979704,1488704,2468408,15752
2025-05-09,2025,5,9,chokepoint6,Strait of Hormuz,17,14,4,2,60,37,97,367550,644813,12499,0,1600597,1024862,2625459,15755
2025-05-10,2025,5,10,chokepoint6,Strait of Hormuz,17,16,8,4,68,45,113,494672,698416,13998,11875,2332538,1218962,3551500,15758
2025-05-11,2025,5,11,chokepoint6,Strait of Hormuz,18,14,5,1,69,38,107,311302,644190,18645,5589,3094550,979727,4074277,15761
2025-05-12,2025,5,12,chokepoint6,Strait of Hormuz,20,17,6,1,66,44,110,510430,656012,49433,0,3347316,1215876,4563192,15764
2025-05-13,2025,5,13,chokepoint6,Strait of Hormuz,14,19,7,4,64,44,108,304308,637184,22822,16810,2256366,981126,3237492,15768
2025-05-14,2025,5,14,chokepoint6,Strait of Hormuz,23,19,6,3,64,51,115,495587,673549,21192,8926,2859363,1199254,4058618,15770
2025-05-15,2025,5,15,chokepoint6,Strait of Hormuz,27,13,7,2,70,49,119,760250,632569,43206,6295,3081905,1442322,4524228,15773
2025-05-16,2025,5,16,chokepoint6,Strait of Hormuz,18,21,8,2,51,49,100,445606,843162,113860,3763,3028293,1406392,4434685,15776
2025-05-17,2025,5,17,chokepoint6,Strait of Hormuz,27,13,4,5,61,49,110,788269,646058,8734,10099,2347437,1453162,3800599,15779
2025-05-18,2025,5,18,chokepoint6,Strait of Hormuz,23,15,6,4,67,48,115,489060,590585,24018,9297,3345880,1112961,4458841,15782
2025-05-19,2025,5,19,chokepoint6,Strait of Hormuz,19,13,9,3,65,44,109,463859,321747,6956,4173,2861748,796737,3658486,15785
2025-05-20,2025,5,20,chokepoint6,Strait of Hormuz,20,25,4,7,65,56,121,523711,875780,9961,11834,3254775,1421288,4676063,15788
2025-05-21,2025,5,21,chokepoint6,Strait of Hormuz,23,14,8,3,64,48,112,511544,491156,21673,9916,2590536,1034290,3624827,15791
2025-05-22,2025,5,22,chokepoint6,Strait of Hormuz,20,13,3,5,57,41,98,568006,354975,7068,2272,1737855,932324,2670179,15794
2025-05-23,2025,5,23,chokepoint6,Strait of Hormuz,16,27,6,4,69,53,122,398924,970104,27494,2984,3350141,1399508,4749650,15797
2025-05-24,2025,5,24,chokepoint6,Strait of Hormuz,24,13,8,2,51,47,98,661633,639695,48582,12866,2495179,1362778,3857957,15800
2025-05-25,2025,5,25,chokepoint6,Strait of Hormuz,27,21,2,2,59,52,111,613663,746524,25909,2160,2845150,1388257,4233407,15803
2025-05-26,2025,5,26,chokepoint6,Strait of Hormuz,29,25,6,3,52,63,115,637953,779651,23977,2166,3011713,1443748,4455462,15806
2025-05-27,2025,5,27,chokepoint6,Strait of Hormuz,27,13,3,4,54,47,101,706534,566997,5228,17246,2393933,1296007,3689940,15809
2025-05-28,2025,5,28,chokepoint6,Strait of Hormuz,16,15,6,2,52,39,91,353832,626557,14477,0,2760733,994868,3755602,15812
2025-05-29,2025,5,29,chokepoint6,Strait of Hormuz,18,15,12,4,79,49,128,480430,728181,45039,2368,4185138,1256020,5441158,15815
2025-05-30,2025,5,30,chokepoint6,Strait of Hormuz,13,16,5,4,67,38,105,334905,515306,42431,8647,2200977,901290,3102268,15816
2025-05-31,2025,5,31,chokepoint6,Strait of Hormuz,20,18,4,4,55,46,101,414945,638496,5807,2768,2392278,1062017,3454296,15817
2025-06-01,2025,6,1,chokepoint6,Strait of Hormuz,26,12,8,3,50,49,99,756122,544848,26280,17363,2396731,1344615,3741347,15818
2025-06-02,2025,6,2,chokepoint6,Strait of Hormuz,24,18,9,1,66,52,118,546352,461266,52135,3597,3045041,1063352,4108393,15819
2025-06-03,2025,6,3,chokepoint6,Strait of Hormuz,14,17,4,4,53,39,92,423817,924852,11899,10655,2846231,1371224,4217455,15820
2025-06-04,2025,6,4,chokepoint6,Strait of Hormuz,26,8,6,6,70,46,116,804306,345398,21361,19500,3509723,1190566,4700290,15822
2025-06-05,2025,6,5,chokepoint6,Strait of Hormuz,20,15,3,3,56,41,97,506701,727397,15452,0,2869011,1249551,4118563,15825
2025-06-06,2025,6,6,chokepoint6,Strait of Hormuz,17,14,2,4,59,37,96,370079,363777,10013,6653,2324336,750524,3074860,15828
2025-06-07,2025,6,7,chokepoint6,Strait of Hormuz,11,18,7,3,54,39,93,343123,740661,53439,0,3862555,1137223,4999779,15831
2025-06-08,2025,6,8,chokepoint6,Strait of Hormuz,22,22,6,1,68,51,119,503766,770644,25213,4318,3310828,1303942,4614770,15834
2025-06-09,2025,6,9,chokepoint6,Strait of Hormuz,29,25,6,3,68,63,131,715458,830491,65531,9346,3608858,1620828,5229686,15837
2025-06-10,2025,6,10,chokepoint6,Strait of Hormuz,32,20,6,5,61,63,124,601527,563672,64024,8920,2565467,1238144,3803612,15840
2025-06-11,2025,6,11,chokepoint6,Strait of Hormuz,22,18,6,3,52,49,101,408677,780399,16254,4942,2687843,1210274,3898117,15843
2025-06-12,2025,6,12,chokepoint6,Strait of Hormuz,18,13,6,2,67,39,106,542136,279251,31680,2353,2944641,855422,3800064,15846
2025-06-13,2025,6,13,chokepoint6,Strait of Hormuz,17,20,9,5,67,51,118,387093,756621,38981,12950,2613578,1195646,3809224,15849
2025-06-14,2025,6,14,chokepoint6,Strait of Hormuz,22,19,4,4,57,49,106,626342,812113,7819,12143,2234704,1458419,3693123,15852
2025-06-15,2025,6,15,chokepoint6,Strait of Hormuz,18,16,4,5,64,43,107,534057,590380,28790,0,3474991,1153229,4628220,15855
2025-06-16,2025,6,16,chokepoint6,Strait of Hormuz,22,15,5,7,54,49,103,511291,441896,13276,18858,2483867,985323,3469190,15858
2025-06-17,2025,6,17,chokepoint6,Strait of Hormuz,18,14,5,0,49,37,86,482848,709682,2866,0,2656220,1195397,3851618,15861
2025-06-18,2025,6,18,chokepoint6,Strait of Hormuz,22,22,11,3,65,58,123,390130,651320,35882,7295,2622368,1084628,3706997,15864
2025-06-19,2025,6,19,chokepoint6,Strait of Hormuz,22,12,4,4,53,42,95,407532,345550,17599,8015,3660760,778697,4439457,15867
2025-06-20,2025,6,20,chokepoint6,Strait of Hormuz,22,12,6,2,51,42,93,665498,372936,14922,7547,1848614,1060904,2909519,15870
2025-06-21,2025,6,21,chokepoint6,Strait of Hormuz,21,15,9,5,70,50,120,455500,936623,24689,11415,2175749,1428229,3603979,15873
2025-06-22,2025,6,22,chokepoint6,Strait of Hormuz,17,12,6,3,59,38,97,390738,531294,5196,2504,3425897,929734,4355631,15876
2025-06-23,2025,6,23,chokepoint6,Strait of Hormuz,19,19,8,2,39,48,87,524181,463219,29551,2728,1903660,1019680,2923341,15879
2025-06-24,2025,6,24,chokepoint6,Strait of Hormuz,22,11,7,1,72,41,113,541814,430898,40378,0,2884807,1013092,3897899,15882
2025-06-25,2025,6,25,chokepoint6,Strait of Hormuz,16,16,6,2,65,40,105,302236,481755,16750,0,3095022,800742,3895764,15885
2025-06-26,2025,6,26,chokepoint6,Strait of Hormuz,22,13,0,3,46,38,84,701183,454886,0,6678,2729670,1162748,3892419,15888
2025-06-27,2025,6,27,chokepoint6,Strait of Hormuz,21,11,11,4,69,47,116,606074,451512,101371,5929,2415550,1164888,3580439,15891
2025-06-28,2025,6,28,chokepoint6,Strait of Hormuz,24,18,9,2,60,53,113,394747,532500,24415,0,3477648,951663,4429312,15894
2025-06-29,2025,6,29,chokepoint6,Strait of Hormuz,21,20,6,6,64,53,117,424578,612244,29746,15574,2661724,1082143,3743868,15897
2025-06-30,2025,6,30,chokepoint6,Strait of Hormuz,18,16,9,4,56,47,103,337396,668503,34024,8881,3071945,1048806,4120752,15900
2025-07-01,2025,7,1,chokepoint6,Strait of Hormuz,26,19,8,2,48,55,103,585473,556095,41862,8039,1622028,1191472,2813500,15903
2025-07-02,2025,7,2,chokepoint6,Strait of Hormuz,17,17,2,3,64,39,103,303021,725064,1964,9370,2604705,1039421,3644127,15906
2025-07-03,2025,7,3,chokepoint6,Strait of Hormuz,17,14,4,7,57,42,99,490697,602587,25111,25180,2545505,1143576,3689082,15909
2025-07-04,2025,7,4,chokepoint6,Strait of Hormuz,23,18,7,1,72,49,121,557941,784802,32268,0,3322851,1375012,4697864,15912
2025-07-05,2025,7,5,chokepoint6,Strait of Hormuz,18,14,4,2,67,38,105,434971,500133,34915,0,2195756,970021,3165777,15915
2025-07-06,2025,7,6,chokepoint6,Strait of Hormuz,14,13,3,3,48,33,81,370051,472861,6242,11167,1486289,860324,2346613,15916
2025-07-07,2025,7,7,chokepoint6,Strait of Hormuz,19,14,9,4,44,46,90,519517,673266,66123,4697,2426545,1263605,3690150,15917
2025-07-08,2025,7,8,chokepoint6,Strait of Hormuz,18,17,10,4,47,49,96,446954,749396,30569,7361,1321643,1234281,2555924,15918
2025-07-09,2025,7,9,chokepoint6,Strait of Hormuz,14,13,1,6,56,34,90,294904,532137,7128,7193,2802672,841363,3644035,15919
2025-07-10,2025,7,10,chokepoint6,Strait of Hormuz,19,14,7,3,60,43,103,535536,630798,67234,13329,3187842,1246897,4434739,15920
2025-07-11,2025,7,11,chokepoint6,Strait of Hormuz,12,12,3,3,61,30,91,241585,716559,10477,7901,3368827,976523,4345351,15921
2025-07-12,2025,7,12,chokepoint6,Strait of Hormuz,24,19,0,5,61,48,109,547728,480095,0,9636,3519285,1037459,4556745,15923
2025-07-13,2025,7,13,chokepoint6,Strait of Hormuz,18,15,2,2,52,37,89,329941,498618,19887,9155,2108776,857603,2966379,15928
2025-07-14,2025,7,14,chokepoint6,Strait of Hormuz,18,18,6,6,62,48,110,434616,706873,49765,9014,2618316,1200271,3818587,15931
2025-07-15,2025,7,15,chokepoint6,Strait of Hormuz,32,18,6,4,54,60,114,788795,668917,16066,10485,2964087,1484264,4448352,15934
2025-07-16,2025,7,16,chokepoint6,Strait of Hormuz,14,23,3,4,65,44,109,261342,707206,14451,4115,3058920,987115,4046036,15937
2025-07-17,2025,7,17,chokepoint6,Strait of Hormuz,18,20,7,5,63,50,113,393683,720564,17852,15150,3774830,1147251,4922081,15940
2025-07-18,2025,7,18,chokepoint6,Strait of Hormuz,22,16,4,3,51,45,96,547799,461781,39135,12296,2660282,1061012,3721295,16404
2025-07-19,2025,7,19,chokepoint6,Strait of Hormuz,16,13,5,3,59,37,96,601002,349106,20471,7210,2859181,977790,3836971,16425
2025-07-20,2025,7,20,chokepoint6,Strait of Hormuz,25,17,3,3,59,48,107,476514,915656,59314,6702,2467213,1458187,3925400,16428
2025-07-21,2025,7,21,chokepoint6,Strait of Hormuz,17,13,11,2,47,43,90,356344,548876,35611,4013,3163473,944846,4108319,16432
2025-07-22,2025,7,22,chokepoint6,Strait of Hormuz,28,9,10,8,51,55,106,684762,544556,26413,23968,1797156,1279701,3076858,16436
2025-07-23,2025,7,23,chokepoint6,Strait of Hormuz,12,22,7,6,62,47,109,218728,631806,46022,10116,2456412,906674,3363086,16440
2025-07-24,2025,7,24,chokepoint6,Strait of Hormuz,15,21,4,2,50,42,92,312001,833136,21581,5697,1989332,1172417,3161750,16444
2025-07-25,2025,7,25,chokepoint6,Strait of Hormuz,19,12,4,5,59,40,99,293198,653863,15013,14827,2522855,976902,3499758,16448
2025-07-26,2025,7,26,chokepoint6,Strait of Hormuz,17,10,3,3,57,33,90,469883,539008,15499,4110,3235467,1028502,4263969,16452
2025-07-27,2025,7,27,chokepoint6,Strait of Hormuz,16,16,8,4,58,44,102,373137,375006,36617,12204,3098876,796965,3895842,16456
2025-07-28,2025,7,28,chokepoint6,Strait of Hormuz,16,15,5,5,61,41,102,365294,445817,9100,7135,2081081,827348,2908429,16863
2025-07-29,2025,7,29,chokepoint6,Strait of Hormuz,22,12,4,5,50,43,93,652961,343222,23257,8173,1973638,1027615,3001254,16866
2025-07-30,2025,7,30,chokepoint6,Strait of Hormuz,20,16,5,6,61,47,108,557066,701237,25680,8743,3564029,1292728,4856758,16869
2025-07-31,2025,7,31,chokepoint6,Strait of Hormuz,20,18,7,2,58,47,105,438689,718716,17346,0,2635950,1174752,3810702,16872
2025-08-01,2025,8,1,chokepoint6,Strait of Hormuz,18,11,3,3,62,35,97,640376,268484,8647,12829,2284067,930338,3214405,16875
2025-08-02,2025,8,2,chokepoint6,Strait of Hormuz,20,19,6,3,63,48,111,507016,659306,27834,0,4312319,1194157,5506476,16878
2025-08-03,2025,8,3,chokepoint6,Strait of Hormuz,16,17,6,3,60,42,102,364810,636645,65359,7412,2690634,1074228,3764862,16881
2025-08-04,2025,8,4,chokepoint6,Strait of Hormuz,10,16,3,5,43,34,77,267942,840523,14991,14539,1677808,1137997,2815805,16884
2025-08-05,2025,8,5,chokepoint6,Strait of Hormuz,31,17,6,6,62,60,122,764545,472592,21999,5405,3091495,1264544,4356039,16887
2025-08-06,2025,8,6,chokepoint6,Strait of Hormuz,16,18,8,5,39,47,86,378680,574933,44320,17163,1994192,1015097,3009289,16890
2025-08-07,2025,8,7,chokepoint6,Strait of Hormuz,26,7,7,5,58,45,103,873010,249048,39100,6799,3426124,1167959,4594084,16893
2025-08-08,2025,8,8,chokepoint6,Strait of Hormuz,19,12,1,4,57,36,93,430439,344870,1939,0,2518470,777249,3295719,16896
2025-08-09,2025,8,9,chokepoint6,Strait of Hormuz,19,12,3,4,53,38,91,505076,297374,6096,4010,3046645,812558,3859203,16899
2025-08-10,2025,8,10,chokepoint6,Strait of Hormuz,17,20,3,3,61,43,104,347871,845299,12638,5342,3075952,1211152,4287105,16900
2025-08-11,2025,8,11,chokepoint6,Strait of Hormuz,21,17,8,6,63,52,115,513278,475105,36236,15026,2424770,1039647,3464418,16901
2025-08-12,2025,8,12,chokepoint6,Strait of Hormuz,27,21,7,2,63,57,120,838942,731940,45303,0,2683247,1616186,4299434,16902
2025-08-13,2025,8,13,chokepoint6,Strait of Hormuz,20,20,4,5,71,49,120,466456,1028246,12899,4291,2622836,1511893,4134730,16903
2025-08-14,2025,8,14,chokepoint6,Strait of Hormuz,15,16,6,6,56,43,99,367961,529712,26409,12187,2752544,936270,3688815,16904
2025-08-15,2025,8,15,chokepoint6,Strait of Hormuz,13,12,7,3,58,35,93,350433,1100567,61354,11707,2486932,1524061,4010994,16905
2025-08-16,2025,8,16,chokepoint6,Strait of Hormuz,19,20,7,2,55,48,103,391987,777190,13196,0,2113867,1182373,3296241,16906
2025-08-17,2025,8,17,chokepoint6,Strait of Hormuz,20,19,6,8,73,53,126,450564,593660,16320,25219,3759255,1085765,4845020,16907
2025-08-18,2025,8,18,chokepoint6,Strait of Hormuz,18,21,3,3,49,45,94,549719,710946,20539,0,2015908,1281206,3297114,16908
2025-08-19,2025,8,19,chokepoint6,Strait of Hormuz,26,18,6,6,58,56,114,887145,711335,27226,11507,4212376,1637215,5849591,16909
2025-08-20,2025,8,20,chokepoint6,Strait of Hormuz,22,10,4,2,63,38,101,475167,318102,20263,0,3327573,813533,4141107,16910
2025-08-21,2025,8,21,chokepoint6,Strait of Hormuz,15,16,3,4,46,38,84,494319,771979,12821,10919,2448184,1290040,3738224,16911
2025-08-22,2025,8,22,chokepoint6,Strait of Hormuz,18,11,6,5,74,40,114,408127,328410,13114,9873,2972540,759527,3732068,16912
2025-08-23,2025,8,23,chokepoint6,Strait of Hormuz,17,12,7,3,58,39,97,525466,526816,46046,4678,2925004,1103007,4028011,16913
2025-08-24,2025,8,24,chokepoint6,Strait of Hormuz,21,19,4,4,65,48,113,413821,776559,25099,5980,2906872,1221461,4128333,16914
2025-08-25,2025,8,25,chokepoint6,Strait of Hormuz,23,11,5,3,57,42,99,575727,307940,33459,4466,2854416,921594,3776010,16915
2025-08-26,2025,8,26,chokepoint6,Strait of Hormuz,20,13,9,7,46,49,95,549788,391738,47127,8288,3026799,996943,4023742,16916
2025-08-27,2025,8,27,chokepoint6,Strait of Hormuz,19,24,10,5,61,58,119,432206,748339,24995,4827,2575371,1210369,3785741,16917
2025-08-28,2025,8,28,chokepoint6,Strait of Hormuz,19,14,8,5,65,46,111,356643,480496,26152,21224,2479732,884517,3364249,16918
2025-08-29,2025,8,29,chokepoint6,Strait of Hormuz,23,14,5,5,53,47,100,664654,515123,39247,7089,2324105,1226113,3550219,16919
2025-08-30,2025,8,30,chokepoint6,Strait of Hormuz,15,17,7,4,72,43,115,413852,727543,23720,7573,4274827,1172690,5447518,16920
2025-08-31,2025,8,31,chokepoint6,Strait of Hormuz,16,17,7,6,64,46,110,282268,377320,38807,23758,2769470,722154,3491624,16921
2025-09-01,2025,9,1,chokepoint6,Strait of Hormuz,31,9,6,1,68,47,115,877679,418335,9629,0,2925840,1305644,4231484,16922
2025-09-02,2025,9,2,chokepoint6,Strait of Hormuz,15,13,3,3,52,34,86,439216,343446,12540,9486,1976215,804689,2780904,16923
2025-09-03,2025,9,3,chokepoint6,Strait of Hormuz,21,25,9,7,53,62,115,372185,938408,36423,11804,2686889,1358821,4045711,16924
2025-09-04,2025,9,4,chokepoint6,Strait of Hormuz,14,13,4,3,60,34,94,354731,553032,41741,1487,2201762,950993,3152756,16925
2025-09-05,2025,9,5,chokepoint6,Strait of Hormuz,23,22,5,1,74,51,125,493767,736176,18308,3212,3527492,1251464,4778957,16926
2025-09-06,2025,9,6,chokepoint6,Strait of Hormuz,19,11,6,3,65,39,104,485255,489271,34345,4135,2654537,1013008,3667545,16927
2025-09-07,2025,9,7,chokepoint6,Strait of Hormuz,17,16,8,4,52,45,97,418673,1226853,92080,11552,2778529,1749159,4527689,16928
2025-09-08,2025,9,8,chokepoint6,Strait of Hormuz,17,14,4,3,54,38,92,393832,868152,14234,0,2920562,1276218,4196780,16929
2025-09-09,2025,9,9,chokepoint6,Strait of Hormuz,24,15,10,5,57,54,111,630408,709067,43608,11710,1877149,1394794,3271944,16930
2025-09-10,2025,9,10,chokepoint6,Strait of Hormuz,18,16,7,5,49,46,95,399305,487977,21475,12583,2665503,921342,3586845,16931
2025-09-11,2025,9,11,chokepoint6,Strait of Hormuz,27,12,10,5,39,54,93,704285,607003,64057,12819,2198883,1388165,3587048,16932
2025-09-12,2025,9,12,chokepoint6,Strait of Hormuz,12,8,6,4,57,30,87,475356,214481,35873,9288,2321963,735000,3056963,16933
2025-09-13,2025,9,13,chokepoint6,Strait of Hormuz,20,11,3,2,44,36,80,674559,685368,7222,0,2413575,1367150,3780725,16934
2025-09-14,2025,9,14,chokepoint6,Strait of Hormuz,13,14,4,3,60,34,94,286336,454627,16833,9713,2675832,767511,3443344,16935
2025-09-15,2025,9,15,chokepoint6,Strait of Hormuz,15,15,5,3,43,38,81,270587,394069,27125,2880,2318286,694662,3012949,16936
2025-09-16,2025,9,16,chokepoint6,Strait of Hormuz,21,16,0,6,66,43,109,674680,682681,0,6181,2432596,1363543,3796140,16937
2025-09-17,2025,9,17,chokepoint6,Strait of Hormuz,23,12,5,8,59,48,107,435636,327551,3039,21319,2623001,787545,3410546,16938
2025-09-18,2025,9,18,chokepoint6,Strait of Hormuz,20,20,2,6,69,48,117,539429,745191,18671,20819,2618766,1324112,3942878,16939
2025-09-19,2025,9,19,chokepoint6,Strait of Hormuz,23,12,8,5,51,48,99,641674,588167,16102,0,2513896,1245944,3759841,16940
2025-09-20,2025,9,20,chokepoint6,Strait of Hormuz,10,13,3,3,61,29,90,302789,459236,8903,4483,2561095,775412,3336507,16941
2025-09-21,2025,9,21,chokepoint6,Strait of Hormuz,14,13,1,2,61,30,91,363290,436154,0,4504,3066023,803949,3869973,16942
2025-09-22,2025,9,22,chokepoint6,Strait of Hormuz,17,17,7,2,48,43,91,310178,491316,41684,6404,2363714,849583,3213298,16943
2025-09-23,2025,9,23,chokepoint6,Strait of Hormuz,21,14,5,5,62,45,107,635238,345111,44158,15319,2902471,1039827,3942299,16944
2025-09-24,2025,9,24,chokepoint6,Strait of Hormuz,13,11,4,6,54,34,88,303183,548796,11531,21392,2284786,884904,3169691,16945
2025-09-25,2025,9,25,chokepoint6,Strait of Hormuz,22,14,5,2,45,43,88,670016,531550,15423,0,2391102,1216990,3608092,16946
2025-09-26,2025,9,26,chokepoint6,Strait of Hormuz,19,22,3,2,53,46,99,565167,840171,6290,0,1486924,1411629,2898553,16947
2025-09-27,2025,9,27,chokepoint6,Strait of Hormuz,20,15,7,1,66,43,109,491576,604605,34260,6705,3425694,1137148,4562843,16948
2025-09-28,2025,9,28,chokepoint6,Strait of Hormuz,21,18,9,0,72,48,120,470015,905212,33958,0,3596066,1409186,5005253,16949
2025-09-29,2025,9,29,chokepoint6,Strait of Hormuz,22,21,4,9,70,56,126,587831,878934,17693,24976,2604900,1509435,4114335,16950
2025-09-30,2025,9,30,chokepoint6,Strait of Hormuz,22,11,10,4,56,47,103,681590,499830,40463,1670,2206044,1223554,3429599,16951
2025-10-01,2025,10,1,chokepoint6,Strait of Hormuz,20,14,10,3,67,47,114,387670,492604,42246,5664,2606835,928185,3535021,16952
2025-10-02,2025,10,2,chokepoint6,Strait of Hormuz,17,13,3,4,57,37,94,474535,418971,11111,11826,4094564,916444,5011008,16953
2025-10-03,2025,10,3,chokepoint6,Strait of Hormuz,27,19,3,6,58,55,113,742544,614441,2142,12171,3307649,1371299,4678949,16954
2025-10-04,2025,10,4,chokepoint6,Strait of Hormuz,24,13,5,3,72,45,117,503826,524913,8843,7540,1884716,1045124,2929841,16955
2025-10-05,2025,10,5,chokepoint6,Strait of Hormuz,17,16,7,3,61,43,104,435995,624723,36872,2300,3186815,1099893,4286708,16956
2025-10-06,2025,10,6,chokepoint6,Strait of Hormuz,21,16,2,2,52,41,93,590731,881115,675,4554,2626892,1477076,4103969,16957
2025-10-07,2025,10,7,chokepoint6,Strait of Hormuz,21,20,6,9,67,56,123,474494,622854,29478,17848,3229733,1144675,4374409,16958
2025-10-08,2025,10,8,chokepoint6,Strait of Hormuz,16,15,6,5,37,42,79,210971,647505,65139,6503,1404386,930119,2334506,16959
2025-10-09,2025,10,9,chokepoint6,Strait of Hormuz,15,16,1,1,44,33,77,404272,409691,5137,0,2195625,819101,3014727,16960
2025-10-10,2025,10,10,chokepoint6,Strait of Hormuz,16,14,8,3,43,41,84,497905,266685,42467,0,1419223,807057,2226281,16961
2025-10-11,2025,10,11,chokepoint6,Strait of Hormuz,18,15,4,5,49,42,91,410046,650302,70569,8922,2300405,1139840,3440246,16962
2025-10-12,2025,10,12,chokepoint6,Strait of Hormuz,16,12,7,3,45,38,83,446692,927762,26169,12760,1528892,1413384,2942277,16963
2025-10-13,2025,10,13,chokepoint6,Strait of Hormuz,14,17,9,6,54,46,100,374765,936921,48007,13537,2310620,1373231,3683852,16964
2025-10-14,2025,10,14,chokepoint6,Strait of Hormuz,24,24,6,3,62,57,119,765449,1103942,23333,0,4393694,1892724,6286419,16965
2025-10-15,2025,10,15,chokepoint6,Strait of Hormuz,16,9,3,4,49,32,81,371660,154743,18005,9781,2365465,554190,2919655,16966
2025-10-16,2025,10,16,chokepoint6,Strait of Hormuz,11,12,2,1,40,26,66,300700,615328,4110,3385,2567629,923525,3491154,16967
2025-10-17,2025,10,17,chokepoint6,Strait of Hormuz,15,21,5,4,36,45,81,414799,1044475,21427,6153,1312288,1486855,2799143,16968
2025-10-18,2025,10,18,chokepoint6,Strait of Hormuz,14,11,4,4,38,33,71,399538,728434,8332,12669,1261363,1148974,2410338,16969
2025-10-19,2025,10,19,chokepoint6,Strait of Hormuz,17,20,2,3,59,42,101,549824,849727,26912,0,2274453,1426464,3700917,16970
2025-10-20,2025,10,20,chokepoint6,Strait of Hormuz,12,11,2,6,49,31,80,411842,740731,9509,36049,2426283,1198132,3624416,16971
2025-10-21,2025,10,21,chokepoint6,Strait of Hormuz,25,20,7,3,59,55,114,603652,762537,39250,4050,2646512,1409490,4056002,16972
2025-10-22,2025,10,22,chokepoint6,Strait of Hormuz,22,16,3,7,65,48,113,347391,590556,5547,5379,3643368,948875,4592243,16973
2025-10-23,2025,10,23,chokepoint6,Strait of Hormuz,16,17,7,4,53,44,97,503624,597707,24265,11289,2174187,1136888,3311075,16974
2025-10-24,2025,10,24,chokepoint6,Strait of Hormuz,15,20,3,2,59,40,99,538504,1025664,15839,8549,2137015,1588558,3725573,16975
2025-10-25,2025,10,25,chokepoint6,Strait of Hormuz,14,18,4,3,57,39,96,395693,776765,10347,6844,3116470,1189650,4306121,16976
2025-10-26,2025,10,26,chokepoint6,Strait of Hormuz,21,12,4,2,49,39,88,649575,308139,39051,3467,2579468,1000233,3579702,16977
2025-10-27,2025,10,27,chokepoint6,Strait of Hormuz,26,11,6,8,50,51,101,534858,516493,37033,7170,2359929,1095555,3455485,16978
2025-10-28,2025,10,28,chokepoint6,Strait of Hormuz,26,18,2,3,60,49,109,690007,488154,11675,7997,2254395,1197834,3452230,16979
2025-10-29,2025,10,29,chokepoint6,Strait of Hormuz,18,16,8,2,71,44,115,436021,527652,22678,6000,2978284,992353,3970638,16980
2025-10-30,2025,10,30,chokepoint6,Strait of Hormuz,19,15,8,7,46,49,95,523267,657061,33204,10416,2196091,1223949,3420040,16981
2025-10-31,2025,10,31,chokepoint6,Strait of Hormuz,19,20,1,0,48,40,88,581238,564721,20936,0,2885142,1166896,4052039,16982
2025-11-01,2025,11,1,chokepoint6,Strait of Hormuz,14,16,2,1,41,33,74,426512,620209,12366,2342,989531,1061431,2050963,16983
2025-11-02,2025,11,2,chokepoint6,Strait of Hormuz,12,5,4,3,41,24,65,321974,135486,18146,0,2340316,475607,2815924,16984
2025-11-03,2025,11,3,chokepoint6,Strait of Hormuz,11,12,3,3,37,29,66,357272,421232,29072,2654,1900089,810232,2710321,16985
2025-11-04,2025,11,4,chokepoint6,Strait of Hormuz,15,14,2,2,54,33,87,381296,641059,11664,3706,1407208,1037727,2444936,16986
2025-11-05,2025,11,5,chokepoint6,Strait of Hormuz,16,13,3,5,57,37,94,428281,462150,26647,4956,2831281,922035,3753317,16987
2025-11-06,2025,11,6,chokepoint6,Strait of Hormuz,14,11,3,1,47,29,76,335360,317260,21592,0,2547670,674213,3221883,16988
2025-11-07,2025,11,7,chokepoint6,Strait of Hormuz,17,19,4,4,35,44,79,477919,586370,9779,6702,2158733,1080771,3239505,16989
2025-11-08,2025,11,8,chokepoint6,Strait of Hormuz,14,21,2,4,57,41,98,320881,465153,16823,8793,2810280,811652,3621933,16990
2025-11-09,2025,11,9,chokepoint6,Strait of Hormuz,15,8,4,3,45,30,75,460409,416944,14431,0,1963131,891785,2854916,16991
2025-11-10,2025,11,10,chokepoint6,Strait of Hormuz,9,15,2,4,40,30,70,299669,749742,13600,7534,2128791,1070546,3199337,16992
2025-11-11,2025,11,11,chokepoint6,Strait of Hormuz,21,13,4,3,67,41,108,371963,417456,15248,8995,2810422,813664,3624086,16993
2025-11-12,2025,11,12,chokepoint6,Strait of Hormuz,14,16,4,3,52,37,89,382075,452792,25190,847,3050801,860906,3911707,16994
2025-11-13,2025,11,13,chokepoint6,Strait of Hormuz,19,22,8,1,54,50,104,664845,848432,43388,4552,2030125,1561219,3591344,16995
2025-11-14,2025,11,14,chokepoint6,Strait of Hormuz,11,13,3,8,52,35,87,286996,603603,11574,9901,2864994,912075,3777070,16996
2025-11-15,2025,11,15,chokepoint6,Strait of Hormuz,19,15,4,3,44,41,85,536084,769903,9659,5786,2958343,1321433,4279777,16997
2025-11-16,2025,11,16,chokepoint6,Strait of Hormuz,15,17,4,2,38,38,76,707840,680126,26699,7641,2076111,1422307,3498418,16998
2025-11-17,2025,11,17,chokepoint6,Strait of Hormuz,16,12,5,3,44,36,80,520326,557502,44212,5387,1892155,1127428,3019584,16999
2025-11-18,2025,11,18,chokepoint6,Strait of Hormuz,17,19,5,7,55,48,103,539350,805962,25139,17763,2482468,1388215,3870684,17000
2025-11-19,2025,11,19,chokepoint6,Strait of Hormuz,12,15,2,7,52,36,88,298529,672736,12274,20633,3285843,1004173,4290016,17001
2025-11-20,2025,11,20,chokepoint6,Strait of Hormuz,15,10,4,3,67,32,99,371729,444900,8156,9139,3493012,833925,4326938,17002
2025-11-21,2025,11,21,chokepoint6,Strait of Hormuz,12,12,3,3,57,30,87,457906,405793,2455,0,3367819,866155,4233974,17003
2025-11-22,2025,11,22,chokepoint6,Strait of Hormuz,20,15,5,4,45,44,89,373411,479975,35294,3491,2321273,892172,3213445,17004
2025-11-23,2025,11,23,chokepoint6,Strait of Hormuz,18,11,4,5,49,38,87,499861,296946,10987,6784,2795655,814579,3610235,17005
2025-11-24,2025,11,24,chokepoint6,Strait of Hormuz,14,10,2,3,46,29,75,377625,481081,0,6534,2002448,865240,2867688,17006
2025-11-25,2025,11,25,chokepoint6,Strait of Hormuz,11,18,3,4,51,36,87,315883,995393,1860,4794,2526726,1317931,3844657,17007
2025-11-26,2025,11,26,chokepoint6,Strait of Hormuz,10,6,5,3,31,24,55,322754,200748,30979,4634,1546137,559117,2105255,17008
2025-11-27,2025,11,27,chokepoint6,Strait of Hormuz,12,14,5,1,35,32,67,493438,446960,15831,0,2170187,956229,3126417,17009
2025-11-28,2025,11,28,chokepoint6,Strait of Hormuz,8,14,2,4,30,28,58,158382,550336,23884,12412,1137836,745015,1882852,17010
2025-11-29,2025,11,29,chokepoint6,Strait of Hormuz,16,10,4,2,35,32,67,349106,325231,13201,0,1264273,687539,1951813,17011
2025-11-30,2025,11,30,chokepoint6,Strait of Hormuz,9,7,7,1,41,24,65,315338,162185,32731,0,3476725,510255,3986981,17012
2025-12-01,2025,12,1,chokepoint6,Strait of Hormuz,10,19,8,1,40,38,78,370781,860731,59961,0,3014483,1291473,4305957,17013
2025-12-02,2025,12,2,chokepoint6,Strait of Hormuz,14,16,4,3,36,37,73,559946,295839,33351,8000,1995273,897138,2892411,17014
2025-12-03,2025,12,3,chokepoint6,Strait of Hormuz,14,9,2,4,30,29,59,439549,363026,14121,14176,2075899,830873,2906772,17015
2025-12-04,2025,12,4,chokepoint6,Strait of Hormuz,8,8,1,0,42,17,59,359560,337538,0,0,2578455,697098,3275554,17016
2025-12-05,2025,12,5,chokepoint6,Strait of Hormuz,5,12,2,0,31,19,50,92328,223855,5143,0,1768355,321327,2089682,17017
2025-12-06,2025,12,6,chokepoint6,Strait of Hormuz,12,13,1,4,41,30,71,324777,364876,16876,11389,1872400,717919,2590319,17018
2025-12-07,2025,12,7,chokepoint6,Strait of Hormuz,8,10,3,2,46,23,69,185159,466092,5785,5486,2132826,662523,2795350,17019
2025-12-08,2025,12,8,chokepoint6,Strait of Hormuz,11,13,3,4,31,31,62,268369,700978,18298,9120,1240236,996766,2237002,17020
2025-12-09,2025,12,9,chokepoint6,Strait of Hormuz,18,24,6,3,46,51,97,603267,755944,19148,6079,1739980,1384439,3124419,17021
2025-12-10,2025,12,10,chokepoint6,Strait of Hormuz,6,9,5,1,32,21,53,316713,711434,31467,2788,1486855,1062404,2549259,17022
2025-12-11,2025,12,11,chokepoint6,Strait of Hormuz,11,7,4,2,35,24,59,266654,101192,9157,0,1899427,377004,2276431,17023
2025-12-12,2025,12,12,chokepoint6,Strait of Hormuz,8,10,2,2,29,22,51,108682,530266,9868,0,1940360,648817,2589177,17024
2025-12-13,2025,12,13,chokepoint6,Strait of Hormuz,12,9,3,2,31,26,57,412482,333268,56512,0,1730372,802263,2532636,17025
2025-12-14,2025,12,14,chokepoint6,Strait of Hormuz,11,6,2,1,42,20,62,333691,132144,7691,0,2693224,473527,3166752,17026
2025-12-15,2025,12,15,chokepoint6,Strait of Hormuz,16,12,4,7,29,39,68,447722,710602,14231,20365,2076246,1192922,3269168,17027
2025-12-16,2025,12,16,chokepoint6,Strait of Hormuz,17,10,1,1,46,29,75,644915,375229,6063,0,2934155,1026208,3960364,17028
2025-12-17,2025,12,17,chokepoint6,Strait of Hormuz,7,10,2,2,38,21,59,144082,465211,0,0,1401184,609293,2010478,17029
2025-12-18,2025,12,18,chokepoint6,Strait of Hormuz,13,11,4,2,40,30,70,551388,416311,21351,8392,2210027,997444,3207472,17030
2025-12-19,2025,12,19,chokepoint6,Strait of Hormuz,12,8,2,1,29,23,52,360247,266254,0,0,1817156,626501,2443658,17031
2025-12-20,2025,12,20,chokepoint6,Strait of Hormuz,11,12,5,3,26,31,57,246316,618847,18318,7645,1102870,891127,1993997,17032
2025-12-21,2025,12,21,chokepoint6,Strait of Hormuz,13,12,1,1,30,27,57,412109,787581,14536,0,900778,1214227,2115006,17033
2025-12-22,2025,12,22,chokepoint6,Strait of Hormuz,10,11,4,2,31,27,58,318556,312092,28708,6160,1306879,665517,1972397,17034
2025-12-23,2025,12,23,chokepoint6,Strait of Hormuz,18,15,2,3,36,38,74,503747,508081,2145,9878,2611062,1023852,3634914,17035
2025-12-24,2025,12,24,chokepoint6,Strait of Hormuz,16,19,5,3,32,43,75,571619,923708,29917,9846,1505153,1535093,3040246,17036
2025-12-25,2025,12,25,chokepoint6,Strait of Hormuz,9,19,3,6,48,37,85,414453,812142,11467,18838,1779613,1256901,3036515,17037
2025-12-26,2025,12,26,chokepoint6,Strait of Hormuz,13,12,3,2,46,30,76,388877,524366,11119,8028,2997250,932391,3929642,17038
2025-12-27,2025,12,27,chokepoint6,Strait of Hormuz,12,11,6,1,49,30,79,401757,430274,25201,5411,2079995,862645,2942641,17039
2025-12-28,2025,12,28,chokepoint6,Strait of Hormuz,8,19,7,5,36,39,75,356946,501855,43254,0,2553047,902057,3455104,17040
2025-12-29,2025,12,29,chokepoint6,Strait of Hormuz,15,8,6,3,38,32,70,720282,266018,27376,9338,1377943,1023015,2400958,17041
2025-12-30,2025,12,30,chokepoint6,Strait of Hormuz,16,10,5,3,40,34,74,471825,526662,22271,10383,2287245,1031142,3318388,17042
2025-12-31,2025,12,31,chokepoint6,Strait of Hormuz,12,12,2,5,55,31,86,241256,396742,5234,8678,3602283,651911,4254195,17043
2026-01-01,2026,1,1,chokepoint6,Strait of Hormuz,20,5,5,5,33,35,68,656148,142599,38203,6835,2624205,843786,3467991,17044
2026-01-02,2026,1,2,chokepoint6,Strait of Hormuz,10,16,4,2,33,32,65,324365,625875,39851,8028,1549060,998120,2547180,17045
2026-01-03,2026,1,3,chokepoint6,Strait of Hormuz,13,8,3,4,41,28,69,502163,799999,6762,3931,2374280,1312857,3687138,17046
2026-01-04,2026,1,4,chokepoint6,Strait of Hormuz,10,18,4,4,35,36,71,330006,906613,11548,20261,2561406,1268430,3829836,17047
2026-01-05,2026,1,5,chokepoint6,Strait of Hormuz,13,10,5,0,36,28,64,657454,316028,17054,0,2395675,990537,3386213,17048
2026-01-06,2026,1,6,chokepoint6,Strait of Hormuz,22,8,6,6,40,42,82,538079,370702,50461,22504,915988,981747,1897735,17049
2026-01-07,2026,1,7,chokepoint6,Strait of Hormuz,17,12,2,6,47,37,84,401649,431161,3792,12761,2584320,849364,3433685,17050
2026-01-08,2026,1,8,chokepoint6,Strait of Hormuz,11,14,2,3,40,30,70,538854,437437,16617,1586,2369001,994496,3363498,17051
2026-01-09,2026,1,9,chokepoint6,Strait of Hormuz,9,19,6,6,50,40,90,274945,587474,18586,10812,3658756,891819,4550575,17052
2026-01-10,2026,1,10,chokepoint6,Strait of Hormuz,10,13,8,5,41,36,77,268759,377513,37473,1341,1621746,685087,2306834,17053
2026-01-11,2026,1,11,chokepoint6,Strait of Hormuz,15,14,2,7,39,38,77,468106,420205,7826,7848,2338412,903987,3242399,17054
2026-01-12,2026,1,12,chokepoint6,Strait of Hormuz,10,6,5,6,44,27,71,385411,187084,28992,13819,2194921,615308,2810229,17055
2026-01-13,2026,1,13,chokepoint6,Strait of Hormuz,15,11,3,3,31,32,63,557238,304618,4383,3648,984609,869888,1854498,17056
2026-01-14,2026,1,14,chokepoint6,Strait of Hormuz,10,18,6,2,42,36,78,309266,515280,24193,5375,1953567,854116,2807684,17057
2026-01-15,2026,1,15,chokepoint6,Strait of Hormuz,13,14,4,1,41,32,73,513293,362752,25024,10135,2550787,911206,3461994,17058
2026-01-16,2026,1,16,chokepoint6,Strait of Hormuz,13,12,3,7,40,35,75,431367,491868,13509,19743,1982949,956488,2939438,17059
2026-01-17,2026,1,17,chokepoint6,Strait of Hormuz,11,8,4,1,31,24,55,391557,340101,5763,0,2035317,737422,2772740,17060
2026-01-18,2026,1,18,chokepoint6,Strait of Hormuz,17,14,8,4,29,43,72,548727,452722,42349,6653,2262245,1050452,3312698,17061
2026-01-19,2026,1,19,chokepoint6,Strait of Hormuz,12,13,8,4,41,37,78,243382,1179240,58768,8902,1184740,1490293,2675034,17062
2026-01-20,2026,1,20,chokepoint6,Strait of Hormuz,18,14,1,5,47,38,85,492827,645392,14341,5170,2692059,1157732,3849792,17063
2026-01-21,2026,1,21,chokepoint6,Strait of Hormuz,13,12,3,3,42,31,73,358365,561080,15246,13747,3199140,948439,4147580,17064
2026-01-22,2026,1,22,chokepoint6,Strait of Hormuz,8,14,4,6,36,32,68,316209,587091,77146,7404,1463105,987851,2450957,17065
2026-01-23,2026,1,23,chokepoint6,Strait of Hormuz,12,10,7,4,29,33,62,545455,273539,37884,15319,2489398,872199,3361597,17066
2026-01-24,2026,1,24,chokepoint6,Strait of Hormuz,10,16,2,4,31,32,63,294839,454408,22872,10722,1217182,782842,2000025,17067
2026-01-25,2026,1,25,chokepoint6,Strait of Hormuz,14,7,5,5,59,31,90,345380,314328,25650,12056,3526111,697416,4223527,17068
2026-01-26,2026,1,26,chokepoint6,Strait of Hormuz,10,6,7,3,28,26,54,356454,272281,12813,2105,1508018,643654,2151673,17069
2026-01-27,2026,1,27,chokepoint6,Strait of Hormuz,21,11,3,2,42,37,79,570344,34300,8109,7622,2596539,620377,3216916,17070
2026-01-28,2026,1,28,chokepoint6,Strait of Hormuz,12,8,4,3,40,27,67,402399,247258,10660,8606,1314581,668925,1983507,17071
2026-01-29,2026,1,29,chokepoint6,Strait of Hormuz,13,15,6,4,48,38,86,419473,340291,30912,13421,2514977,804099,3319077,17072
2026-01-30,2026,1,30,chokepoint6,Strait of Hormuz,17,10,6,5,48,38,86,427146,467555,40065,0,2770122,934768,3704890,17073
2026-01-31,2026,1,31,chokepoint6,Strait of Hormuz,16,16,8,4,56,44,100,375182,1256779,45899,3793,3061927,1681654,4743582,17074
2026-02-01,2026,2,1,chokepoint6,Strait of Hormuz,18,17,4,4,37,43,80,447700,631693,11686,4682,2360180,1095762,3455943,17075
2026-02-02,2026,2,2,chokepoint6,Strait of Hormuz,13,10,8,4,55,35,90,535030,412970,32466,2609,4060874,983076,5043951,17076
2026-02-03,2026,2,3,chokepoint6,Strait of Hormuz,18,13,6,1,45,38,83,499748,507703,44431,2231,1753051,1054114,2807166,17077
2026-02-04,2026,2,4,chokepoint6,Strait of Hormuz,14,10,7,3,43,34,77,491472,232941,29812,8362,1973736,762589,2736325,17078
2026-02-05,2026,2,5,chokepoint6,Strait of Hormuz,15,18,4,6,46,43,89,640832,434483,13721,13035,2705556,1102073,3807630,17079
2026-02-06,2026,2,6,chokepoint6,Strait of Hormuz,14,13,2,3,50,32,82,191057,447980,14408,12239,2633514,665686,3299200,17080
2026-02-07,2026,2,7,chokepoint6,Strait of Hormuz,13,25,3,1,48,42,90,425226,567773,7212,4621,2315954,1004833,3320787,17081
2026-02-08,2026,2,8,chokepoint6,Strait of Hormuz,16,15,7,3,49,41,90,404837,378357,41830,9336,2285657,834362,3120019,17082
2026-02-09,2026,2,9,chokepoint6,Strait of Hormuz,8,12,2,3,41,25,66,390825,803386,0,7593,1858114,1201805,3059920,17083
2026-02-10,2026,2,10,chokepoint6,Strait of Hormuz,15,16,3,2,59,36,95,512108,637174,5682,1865,3929442,1156830,5086272,17084
2026-02-11,2026,2,11,chokepoint6,Strait of Hormuz,12,17,4,3,46,36,82,265293,540357,25848,3046,1772127,834546,2606674,17085
2026-02-12,2026,2,12,chokepoint6,Strait of Hormuz,21,29,9,5,55,64,119,654066,818967,66215,13857,2755205,1553107,4308312,17086
2026-02-13,2026,2,13,chokepoint6,Strait of Hormuz,17,18,5,6,64,46,110,510658,652530,4843,0,2584875,1168031,3752907,17087
2026-02-14,2026,2,14,chokepoint6,Strait of Hormuz,18,16,6,1,58,41,99,431287,504276,16474,3793,2427837,955832,3383669,17088
2026-02-15,2026,2,15,chokepoint6,Strait of Hormuz,12,18,4,3,50,37,87,570954,742447,26507,4388,2550407,1344297,3894704,17089
2026-02-16,2026,2,16,chokepoint6,Strait of Hormuz,10,12,9,4,60,35,95,149567,257102,54710,6850,2988622,468230,3456853,17090
2026-02-17,2026,2,17,chokepoint6,Strait of Hormuz,24,14,5,5,43,48,91,689090,760485,14530,2855,2386408,1466961,3853369,17091
2026-02-18,2026,2,18,chokepoint6,Strait of Hormuz,25,22,6,8,52,61,113,726980,728074,23948,11425,2779866,1490428,4270295,17092
2026-02-19,2026,2,19,chokepoint6,Strait of Hormuz,21,22,8,2,62,53,115,643512,1111225,40875,2371,3662867,1797984,5460852,17093
2026-02-20,2026,2,20,chokepoint6,Strait of Hormuz,16,14,4,2,54,36,90,442160,620282,16199,0,2433032,1078642,3511675,17094
2026-02-21,2026,2,21,chokepoint6,Strait of Hormuz,14,21,3,2,54,40,94,266396,437570,18090,5308,2289889,727365,3017254,17095
2026-02-22,2026,2,22,chokepoint6,Strait of Hormuz,28,22,4,3,72,57,129,828020,976580,5544,8078,3433752,1818224,5251976,17096
2026-02-23,2026,2,23,chokepoint6,Strait of Hormuz,13,12,10,6,62,41,103,421958,330884,21391,7511,2288511,781746,3070257,17097
2026-02-24,2026,2,24,chokepoint6,Strait of Hormuz,18,23,5,6,55,52,107,608789,970183,9959,10224,1911840,1599156,3510997,17098
2026-02-25,2026,2,25,chokepoint6,Strait of Hormuz,28,15,6,2,58,51,109,724050,535218,39139,0,4484145,1298408,5782553,17099
2026-02-26,2026,2,26,chokepoint6,Strait of Hormuz,20,14,12,3,53,49,102,551812,501641,59358,0,1611556,1112812,2724369,17100
2026-02-27,2026,2,27,chokepoint6,Strait of Hormuz,12,23,5,2,53,42,95,494734,755683,6251,8028,3153071,1264698,4417770,17101
2026-02-28,2026,2,28,chokepoint6,Strait of Hormuz,10,16,4,2,44,32,76,274629,441895,20223,11221,2996963,747971,3744935,17102
2026-03-01,2026,3,1,chokepoint6,Strait of Hormuz,3,4,3,0,7,10,17,64346,73010,13807,0,207948,151164,359113,17103
2026-03-02,2026,3,2,chokepoint6,Strait of Hormuz,0,2,0,0,2,2,4,0,0,0,0,0,0,0,17104
2026-03-03,2026,3,3,chokepoint6,Strait of Hormuz,1,2,0,0,2,3,5,0,96964,0,0,6701,96964,103665,17105
2026-03-04,2026,3,4,chokepoint6,Strait of Hormuz,2,1,0,0,0,3,3,43543,18130,0,0,0,61673,61673,17106
2026-03-05,2026,3,5,chokepoint6,Strait of Hormuz,2,0,1,0,1,3,4,37457,0,5901,0,0,43358,43358,17107
2026-03-06,2026,3,6,chokepoint6,Strait of Hormuz,0,5,0,0,0,5,5,0,89328,0,0,0,89328,89328,17108
2026-03-07,2026,3,7,chokepoint6,Strait of Hormuz,1,3,1,0,2,5,7,1688,72330,0,0,0,74018,74018,17109
2026-03-08,2026,3,8,chokepoint6,Strait of Hormuz,1,3,1,0,1,5,6,0,101991,3208,0,0,105199,105199,17110
2026-03-09,2026,3,9,chokepoint6,Strait of Hormuz,0,2,1,0,6,3,9,0,0,1599,0,154941,1599,156541,17111
2026-03-10,2026,3,10,chokepoint6,Strait of Hormuz,0,2,0,1,1,3,4,0,80734,0,4090,42122,84824,126946,17112
2026-03-11,2026,3,11,chokepoint6,Strait of Hormuz,1,2,1,0,1,4,5,79885,43477,6281,0,51338,129643,180982,17113
2026-03-12,2026,3,12,chokepoint6,Strait of Hormuz,3,2,0,0,3,5,8,47699,0,0,0,5366,47699,53065,17114
2026-03-13,2026,3,13,chokepoint6,Strait of Hormuz,0,0,0,0,3,0,3,0,0,0,0,23880,0,23880,17115
2026-03-14,2026,3,14,chokepoint6,Strait of Hormuz,1,0,1,0,1,2,3,0,0,449,0,0,449,449,17116
2026-03-15,2026,3,15,chokepoint6,Strait of Hormuz,0,3,1,0,5,4,9,0,0,7862,0,348432,7862,356294,17117
2026-03-16,2026,3,16,chokepoint6,Strait of Hormuz,0,4,0,0,0,4,4,0,0,0,0,0,0,0,17118
2026-03-17,2026,3,17,chokepoint6,Strait of Hormuz,0,0,1,0,1,1,2,0,0,449,0,47804,449,48254,17119
2026-03-18,2026,3,18,chokepoint6,Strait of Hormuz,0,1,0,0,0,1,1,0,0,0,0,0,0,0,17120
2026-03-19,2026,3,19,chokepoint6,Strait of Hormuz,0,2,0,0,1,2,3,0,0,0,0,34576,0,34576,17121
2026-03-20,2026,3,20,chokepoint6,Strait of Hormuz,1,1,1,0,3,3,6,45674,74945,449,0,118692,121069,239761,17122
2026-03-21,2026,3,21,chokepoint6,Strait of Hormuz,0,0,0,0,0,0,0,0,0,0,0,0,0,0,17123
2026-03-22,2026,3,22,chokepoint6,Strait of Hormuz,0,3,0,0,0,3,3,0,47219,0,0,0,47219,47219,17124
2026-03-23,2026,3,23,chokepoint6,Strait of Hormuz,0,2,0,0,2,2,4,0,88658,0,0,53593,88658,142251,17125
2026-03-24,2026,3,24,chokepoint6,Strait of Hormuz,0,0,1,0,1,1,2,0,0,12988,0,0,12988,12988,17126
2026-03-25,2026,3,25,chokepoint6,Strait of Hormuz,0,0,0,0,1,0,1,0,0,0,0,0,0,0,17127
2026-03-26,2026,3,26,chokepoint6,Strait of Hormuz,1,4,0,0,0,5,5,6722,73148,0,0,0,79871,79871,17128
2026-03-27,2026,3,27,chokepoint6,Strait of Hormuz,1,2,0,0,0,3,3,81281,68784,0,0,0,150065,150065,17129
2026-03-28,2026,3,28,chokepoint6,Strait of Hormuz,0,4,0,0,0,4,4,0,97272,0,0,0,97272,97272,17130
2026-03-29,2026,3,29,chokepoint6,Strait of Hormuz,0,2,1,0,2,3,5,0,117202,2281,0,5464,119484,124948,17131
2026-03-30,2026,3,30,chokepoint6,Strait of Hormuz,3,1,1,0,12,5,17,157690,0,2169,0,115147,159860,275007,17132
2026-03-31,2026,3,31,chokepoint6,Strait of Hormuz,2,1,1,0,2,4,6,28094,0,2281,0,70842,30375,101218,17133
2026-04-01,2026,4,1,chokepoint6,Strait of Hormuz,0,5,1,0,0,6,6,0,79292,2340,0,0,81633,81633,17134
2026-04-02,2026,4,2,chokepoint6,Strait of Hormuz,1,2,1,0,2,4,6,30234,90660,0,0,0,120894,120894,17135
2026-04-03,2026,4,3,chokepoint6,Strait of Hormuz,0,0,1,0,4,1,5,0,0,2340,0,97195,2340,99536,17136
2026-04-04,2026,4,4,chokepoint6,Strait of Hormuz,1,7,0,0,2,8,10,25200,71283,0,0,38238,96483,134722,17137
2026-04-05,2026,4,5,chokepoint6,Strait of Hormuz,0,1,1,0,7,2,9,0,30247,1212,0,266704,31459,298164,17138
2026-04-06,2026,4,6,chokepoint6,Strait of Hormuz,1,2,1,0,1,4,5,3504,73563,0,0,3964,77068,81032,17139
2026-04-07,2026,4,7,chokepoint6,Strait of Hormuz,0,1,0,0,3,1,4,0,43988,0,0,118890,43988,162879,17140
2026-04-08,2026,4,8,chokepoint6,Strait of Hormuz,1,2,1,0,0,4,4,13358,0,12988,0,0,26346,26346,17141
2026-04-09,2026,4,9,chokepoint6,Strait of Hormuz,0,3,2,0,4,5,9,0,82466,12279,0,22735,94745,117481,17142
2026-04-10,2026,4,10,chokepoint6,Strait of Hormuz,0,3,1,0,1,4,5,0,0,10961,0,278711,10961,289672,17143
2026-04-11,2026,4,11,chokepoint6,Strait of Hormuz,1,3,0,2,5,6,11,70087,44690,0,11158,287665,125936,413601,17144
2026-04-12,2026,4,12,chokepoint6,Strait of Hormuz,0,5,0,0,3,5,8,0,51274,0,0,2004,51274,53278,17145
2026-04-13,2026,4,13,chokepoint6,Strait of Hormuz,1,2,4,0,4,7,11,32074,39698,3148,0,34634,74921,109556,17146
2026-04-14,2026,4,14,chokepoint6,Strait of Hormuz,3,1,3,0,3,7,10,69330,31086,3648,0,44920,104065,148986,17147
2026-04-15,2026,4,15,chokepoint6,Strait of Hormuz,1,3,2,0,4,6,10,22735,314972,1890,0,6839,339598,346438,17148
2026-04-16,2026,4,16,chokepoint6,Strait of Hormuz,0,1,2,0,3,3,6,0,0,3063,0,84152,3063,87216,17149
2026-04-17,2026,4,17,chokepoint6,Strait of Hormuz,0,7,3,0,4,10,14,0,0,2169,0,37270,2169,39440,17150
2026-04-18,2026,4,18,chokepoint6,Strait of Hormuz,7,6,0,0,16,13,29,212705,385897,0,0,874185,598602,1472788,17151
2026-04-19,2026,4,19,chokepoint6,Strait of Hormuz,0,0,2,0,2,2,4,0,0,5189,0,9975,5189,15165,17152
2026-04-20,2026,4,20,chokepoint6,Strait of Hormuz,2,0,1,0,4,3,7,20045,0,0,0,43459,20045,63504,17153
2026-04-21,2026,4,21,chokepoint6,Strait of Hormuz,0,1,1,0,1,2,3,0,0,1295,0,71090,1295,72385,17154
2026-04-22,2026,4,22,chokepoint6,Strait of Hormuz,2,1,2,0,2,5,7,72964,47075,1116,0,0,121156,121156,17155
2026-04-23,2026,4,23,chokepoint6,Strait of Hormuz,0,1,1,0,0,2,2,0,33377,1819,0,0,35197,35197,17156
2026-04-24,2026,4,24,chokepoint6,Strait of Hormuz,1,1,4,0,2,6,8,52631,38488,12332,0,310377,103451,413829,17157
2026-04-25,2026,4,25,chokepoint6,Strait of Hormuz,1,2,1,0,1,4,5,21242,104441,107,0,42882,125791,168673,17158
2026-04-26,2026,4,26,chokepoint6,Strait of Hormuz,0,4,0,0,1,4,5,0,164200,0,0,0,164200,164200,17159
2026-04-27,2026,4,27,chokepoint6,Strait of Hormuz,0,0,2,0,1,2,3,0,0,43516,0,71366,43516,114882,17160
2026-04-28,2026,4,28,chokepoint6,Strait of Hormuz,0,0,8,0,3,8,11,0,0,27775,0,303841,27775,331616,17161
2026-04-29,2026,4,29,chokepoint6,Strait of Hormuz,0,2,1,0,3,3,6,0,385860,591,0,11036,386452,397489,17162
2026-04-30,2026,4,30,chokepoint6,Strait of Hormuz,1,1,0,0,3,2,5,0,0,0,0,4205,0,4205,17163
2026-05-01,2026,5,1,chokepoint6,Strait of Hormuz,0,1,3,0,2,4,6,0,32632,692,0,36640,33325,69966,17164
2026-05-02,2026,5,2,chokepoint6,Strait of Hormuz,0,2,0,0,2,2,4,0,0,0,0,45868,0,45868,17165
2026-05-03,2026,5,3,chokepoint6,Strait of Hormuz,0,2,2,0,1,4,5,0,114897,7250,0,0,122148,122148,17166
2026-05-04,2026,5,4,chokepoint6,Strait of Hormuz,2,1,0,0,0,3,3,20058,0,0,0,0,20058,20058,17167
2026-05-05,2026,5,5,chokepoint6,Strait of Hormuz,0,1,0,0,0,1,1,0,0,0,0,0,0,0,17168
2026-05-06,2026,5,6,chokepoint6,Strait of Hormuz,0,0,0,0,0,0,0,0,0,0,0,0,0,0,17169
2026-05-07,2026,5,7,chokepoint6,Strait of Hormuz,0,1,0,0,1,1,2,0,0,0,0,273027,0,273027,17170
2026-05-08,2026,5,8,chokepoint6,Strait of Hormuz,0,0,0,0,0,0,0,0,0,0,0,0,0,0,17171
2026-05-09,2026,5,9,chokepoint6,Strait of Hormuz,0,0,0,0,1,0,1,0,0,0,0,98525,0,98525,17172
2026-05-10,2026,5,10,chokepoint6,Strait of Hormuz,0,2,0,0,2,2,4,0,130924,0,0,319376,130924,450300,17173
2026-05-11,2026,5,11,chokepoint6,Strait of Hormuz,0,3,1,0,3,4,7,0,82920,0,0,88456,82920,171377,17174
2026-05-12,2026,5,12,chokepoint6,Strait of Hormuz,0,2,1,1,3,4,7,0,28180,344,0,82996,28525,111521,17175
2026-05-13,2026,5,13,chokepoint6,Strait of Hormuz,0,1,2,0,4,3,7,0,0,1425,0,661047,1425,662473,17176
2026-05-14,2026,5,14,chokepoint6,Strait of Hormuz,1,1,1,0,4,3,7,16699,0,4955,0,42976,21654,64631,17177
2026-05-15,2026,5,15,chokepoint6,Strait of Hormuz,1,0,1,0,2,2,4,15941,0,10961,0,5341,26902,32244,17178
2026-05-16,2026,5,16,chokepoint6,Strait of Hormuz,2,6,0,0,2,8,10,23805,319450,0,0,36579,343255,379834,17179
2026-05-17,2026,5,17,chokepoint6,Strait of Hormuz,2,0,0,0,0,2,2,0,0,0,0,0,0,0,17180
2026-05-18,2026,5,18,chokepoint6,Strait of Hormuz,0,0,1,0,1,1,2,0,0,692,0,0,692,692,17181
2026-05-19,2026,5,19,chokepoint6,Strait of Hormuz,1,1,0,0,4,2,6,38979,69302,0,0,574856,108282,683138,17182
2026-05-20,2026,5,20,chokepoint6,Strait of Hormuz,2,6,0,0,4,8,12,23766,297907,0,0,290295,321674,611970,17183
2026-05-21,2026,5,21,chokepoint6,Strait of Hormuz,0,1,1,0,2,2,4,0,0,721,0,42682,721,43403,17184
2026-05-22,2026,5,22,chokepoint6,Strait of Hormuz,2,2,1,0,0,5,5,33891,51274,329,0,0,85495,85495,17185
2026-05-23,2026,5,23,chokepoint6,Strait of Hormuz,0,3,2,0,4,5,9,0,49325,566,0,409069,49892,458962,17186
2026-05-24,2026,5,24,chokepoint6,Strait of Hormuz,0,2,0,0,2,2,4,0,54513,0,0,6839,54513,61353,17187
2026-05-25,2026,5,25,chokepoint6,Strait of Hormuz,2,1,1,0,2,4,6,38844,0,0,0,0,38844,38844,17188
2026-05-26,2026,5,26,chokepoint6,Strait of Hormuz,0,1,1,0,0,2,2,0,0,349,0,0,349,349,17189
2026-05-27,2026,5,27,chokepoint6,Strait of Hormuz,1,1,1,0,2,3,5,27574,0,0,0,106096,27574,133671,17190
2026-05-28,2026,5,28,chokepoint6,Strait of Hormuz,1,1,1,0,0,3,3,0,64539,692,0,0,65232,65232,17191
2026-05-29,2026,5,29,chokepoint6,Strait of Hormuz,1,0,0,1,1,2,3,0,0,0,6056,0,6056,6056,17192
2026-05-30,2026,5,30,chokepoint6,Strait of Hormuz,0,2,2,0,0,4,4,0,52574,675,0,0,53250,53250,17193
2026-05-31,2026,5,31,chokepoint6,Strait of Hormuz,3,2,3,0,2,8,10,41448,97483,15419,0,594,154352,154946,17194
2026-06-01,2026,6,1,chokepoint6,Strait of Hormuz,1,2,1,0,1,4,5,21242,120118,396,0,0,141757,141757,17195
2026-06-02,2026,6,2,chokepoint6,Strait of Hormuz,1,3,1,1,4,6,10,0,110184,717,6245,33268,117147,150416,17196
2026-06-03,2026,6,3,chokepoint6,Strait of Hormuz,1,3,3,0,3,7,10,0,101939,14174,0,12294,116113,128408,17197
2026-06-04,2026,6,4,chokepoint6,Strait of Hormuz,0,0,2,0,1,2,3,0,0,1047,0,0,1047,1047,17198
2026-06-05,2026,6,5,chokepoint6,Strait of Hormuz,0,0,2,0,1,2,3,0,0,166,0,43988,166,44155,17199
2026-06-06,2026,6,6,chokepoint6,Strait of Hormuz,0,2,0,0,1,2,3,0,93370,0,0,42783,93370,136153,17200
2026-06-07,2026,6,7,chokepoint6,Strait of Hormuz,0,1,0,0,1,1,2,0,26660,0,0,42156,26660,68817,17201
2026-06-08,2026,6,8,chokepoint6,Strait of Hormuz,2,1,4,0,1,7,8,41108,0,13942,0,6794,55050,61845,17202
2026-06-09,2026,6,9,chokepoint6,Strait of Hormuz,0,1,1,0,2,2,4,0,0,859,0,48671,859,49531,17203
2026-06-10,2026,6,10,chokepoint6,Strait of Hormuz,0,0,2,0,0,2,2,0,0,2864,0,0,2864,2864,17204
2026-06-11,2026,6,11,chokepoint6,Strait of Hormuz,0,0,0,0,2,0,2,0,0,0,0,10766,0,10766,17205
2026-06-12,2026,6,12,chokepoint6,Strait of Hormuz,0,1,0,0,1,1,2,0,69302,0,0,11375,69302,80678,17206
2026-06-13,2026,6,13,chokepoint6,Strait of Hormuz,0,0,0,0,0,0,0,0,0,0,0,0,0,0,17207
2026-06-14,2026,6,14,chokepoint6,Strait of Hormuz,0,0,0,0,0,0,0,0,0,0,0,0,0,0,17208
